dataset,condition,window_s,participant,seed,balanced_accuracy
beta,zero_shot,0.4,1,20260929,0.475
beta,zero_shot,0.4,2,20260929,0.54375
beta,zero_shot,0.4,3,20260929,0.46875
beta,zero_shot,0.4,4,20260929,0.20625
beta,zero_shot,0.4,5,20260929,0.1375
beta,zero_shot,0.4,6,20260929,0.225
beta,zero_shot,0.4,7,20260929,0.15
beta,zero_shot,0.4,8,20260929,0.16875
beta,zero_shot,0.4,9,20260929,0.475
beta,zero_shot,0.4,10,20260929,0.25625
beta,zero_shot,0.4,11,20260929,0.06875
beta,zero_shot,0.4,12,20260929,0.44375
beta,zero_shot,0.4,13,20260929,0.39375
beta,zero_shot,0.4,14,20260929,0.09375
beta,zero_shot,0.4,15,20260929,0.225
beta,zero_shot,0.4,16,20260929,0.3
beta,zero_shot,0.4,17,20260929,0.075
beta,zero_shot,0.4,18,20260929,0.4875
beta,zero_shot,0.4,19,20260929,0.43125
beta,zero_shot,0.4,20,20260929,0.1125
beta,zero_shot,0.4,21,20260929,0.36875
beta,zero_shot,0.4,22,20260929,0.31875
beta,zero_shot,0.4,23,20260929,0.3
beta,zero_shot,0.4,24,20260929,0.23125
beta,zero_shot,0.4,25,20260929,0.10625
beta,zero_shot,0.4,26,20260929,0.2375
beta,zero_shot,0.4,27,20260929,0.45
beta,zero_shot,0.4,28,20260929,0.40625
beta,zero_shot,0.4,29,20260929,0.25625
beta,zero_shot,0.4,30,20260929,0.30625
beta,zero_shot,0.4,31,20260929,0.15625
beta,zero_shot,0.4,32,20260929,0.04375
beta,zero_shot,0.4,33,20260929,0.175
beta,zero_shot,0.4,34,20260929,0.35
beta,zero_shot,0.4,35,20260929,0.2
beta,zero_shot,0.4,36,20260929,0.5125
beta,zero_shot,0.4,37,20260929,0.5375
beta,zero_shot,0.4,38,20260929,0.1625
beta,zero_shot,0.4,39,20260929,0.33125
beta,zero_shot,0.4,40,20260929,0.225
beta,zero_shot,0.4,41,20260929,0.0875
beta,zero_shot,0.4,42,20260929,0.25625
beta,zero_shot,0.4,43,20260929,0.2375
beta,zero_shot,0.4,44,20260929,0.18125
beta,zero_shot,0.4,45,20260929,0.1125
beta,zero_shot,0.4,46,20260929,0.19375
beta,zero_shot,0.4,47,20260929,0.125
beta,zero_shot,0.4,48,20260929,0.15625
beta,zero_shot,0.4,49,20260929,0.41875
beta,zero_shot,0.4,50,20260929,0.18125
beta,zero_shot,0.4,51,20260929,0.2625
beta,zero_shot,0.4,52,20260929,0.33125
beta,zero_shot,0.4,53,20260929,0.3375
beta,zero_shot,0.4,54,20260929,0.26875
beta,zero_shot,0.4,55,20260929,0.1375
beta,zero_shot,0.4,56,20260929,0.31875
beta,zero_shot,0.4,57,20260929,0.26875
beta,zero_shot,0.4,58,20260929,0.23125
beta,zero_shot,0.4,59,20260929,0.09375
beta,zero_shot,0.4,60,20260929,0.21875
beta,zero_shot,0.4,61,20260929,0.1375
beta,zero_shot,0.4,62,20260929,0.425
beta,zero_shot,0.4,63,20260929,0.51875
beta,zero_shot,0.4,64,20260929,0.34375
beta,zero_shot,0.4,65,20260929,0.1
beta,zero_shot,0.4,66,20260929,0.525
beta,zero_shot,0.4,67,20260929,0.44375
beta,zero_shot,0.4,68,20260929,0.125
beta,zero_shot,0.4,69,20260929,0.1
beta,zero_shot,0.4,70,20260929,0.31875
beta,zero_shot,0.4,1,20260930,0.45
beta,zero_shot,0.4,2,20260930,0.49375
beta,zero_shot,0.4,3,20260930,0.475
beta,zero_shot,0.4,4,20260930,0.25
beta,zero_shot,0.4,5,20260930,0.20625
beta,zero_shot,0.4,6,20260930,0.18125
beta,zero_shot,0.4,7,20260930,0.1
beta,zero_shot,0.4,8,20260930,0.2625
beta,zero_shot,0.4,9,20260930,0.54375
beta,zero_shot,0.4,10,20260930,0.31875
beta,zero_shot,0.4,11,20260930,0.1
beta,zero_shot,0.4,12,20260930,0.5125
beta,zero_shot,0.4,13,20260930,0.40625
beta,zero_shot,0.4,14,20260930,0.11875
beta,zero_shot,0.4,15,20260930,0.2875
beta,zero_shot,0.4,16,20260930,0.275
beta,zero_shot,0.4,17,20260930,0.09375
beta,zero_shot,0.4,18,20260930,0.54375
beta,zero_shot,0.4,19,20260930,0.4
beta,zero_shot,0.4,20,20260930,0.125
beta,zero_shot,0.4,21,20260930,0.41875
beta,zero_shot,0.4,22,20260930,0.34375
beta,zero_shot,0.4,23,20260930,0.2875
beta,zero_shot,0.4,24,20260930,0.21875
beta,zero_shot,0.4,25,20260930,0.1375
beta,zero_shot,0.4,26,20260930,0.2
beta,zero_shot,0.4,27,20260930,0.4
beta,zero_shot,0.4,28,20260930,0.3625
beta,zero_shot,0.4,29,20260930,0.26875
beta,zero_shot,0.4,30,20260930,0.34375
beta,zero_shot,0.4,31,20260930,0.2
beta,zero_shot,0.4,32,20260930,0.08125
beta,zero_shot,0.4,33,20260930,0.18125
beta,zero_shot,0.4,34,20260930,0.38125
beta,zero_shot,0.4,35,20260930,0.31875
beta,zero_shot,0.4,36,20260930,0.5
beta,zero_shot,0.4,37,20260930,0.56875
beta,zero_shot,0.4,38,20260930,0.125
beta,zero_shot,0.4,39,20260930,0.33125
beta,zero_shot,0.4,40,20260930,0.175
beta,zero_shot,0.4,41,20260930,0.15
beta,zero_shot,0.4,42,20260930,0.2375
beta,zero_shot,0.4,43,20260930,0.2375
beta,zero_shot,0.4,44,20260930,0.1875
beta,zero_shot,0.4,45,20260930,0.18125
beta,zero_shot,0.4,46,20260930,0.2125
beta,zero_shot,0.4,47,20260930,0.1125
beta,zero_shot,0.4,48,20260930,0.1375
beta,zero_shot,0.4,49,20260930,0.3
beta,zero_shot,0.4,50,20260930,0.1625
beta,zero_shot,0.4,51,20260930,0.29375
beta,zero_shot,0.4,52,20260930,0.4
beta,zero_shot,0.4,53,20260930,0.3875
beta,zero_shot,0.4,54,20260930,0.21875
beta,zero_shot,0.4,55,20260930,0.1625
beta,zero_shot,0.4,56,20260930,0.34375
beta,zero_shot,0.4,57,20260930,0.29375
beta,zero_shot,0.4,58,20260930,0.2
beta,zero_shot,0.4,59,20260930,0.1375
beta,zero_shot,0.4,60,20260930,0.2
beta,zero_shot,0.4,61,20260930,0.11875
beta,zero_shot,0.4,62,20260930,0.45625
beta,zero_shot,0.4,63,20260930,0.59375
beta,zero_shot,0.4,64,20260930,0.375
beta,zero_shot,0.4,65,20260930,0.125
beta,zero_shot,0.4,66,20260930,0.50625
beta,zero_shot,0.4,67,20260930,0.50625
beta,zero_shot,0.4,68,20260930,0.08125
beta,zero_shot,0.4,69,20260930,0.05
beta,zero_shot,0.4,70,20260930,0.35
beta,zero_shot,0.4,1,20260931,0.43125
beta,zero_shot,0.4,2,20260931,0.51875
beta,zero_shot,0.4,3,20260931,0.45625
beta,zero_shot,0.4,4,20260931,0.26875
beta,zero_shot,0.4,5,20260931,0.1625
beta,zero_shot,0.4,6,20260931,0.20625
beta,zero_shot,0.4,7,20260931,0.10625
beta,zero_shot,0.4,8,20260931,0.25625
beta,zero_shot,0.4,9,20260931,0.5625
beta,zero_shot,0.4,10,20260931,0.275
beta,zero_shot,0.4,11,20260931,0.06875
beta,zero_shot,0.4,12,20260931,0.46875
beta,zero_shot,0.4,13,20260931,0.43125
beta,zero_shot,0.4,14,20260931,0.13125
beta,zero_shot,0.4,15,20260931,0.34375
beta,zero_shot,0.4,16,20260931,0.275
beta,zero_shot,0.4,17,20260931,0.13125
beta,zero_shot,0.4,18,20260931,0.50625
beta,zero_shot,0.4,19,20260931,0.39375
beta,zero_shot,0.4,20,20260931,0.1125
beta,zero_shot,0.4,21,20260931,0.34375
beta,zero_shot,0.4,22,20260931,0.28125
beta,zero_shot,0.4,23,20260931,0.2125
beta,zero_shot,0.4,24,20260931,0.175
beta,zero_shot,0.4,25,20260931,0.08125
beta,zero_shot,0.4,26,20260931,0.20625
beta,zero_shot,0.4,27,20260931,0.375
beta,zero_shot,0.4,28,20260931,0.33125
beta,zero_shot,0.4,29,20260931,0.28125
beta,zero_shot,0.4,30,20260931,0.3375
beta,zero_shot,0.4,31,20260931,0.1875
beta,zero_shot,0.4,32,20260931,0.0375
beta,zero_shot,0.4,33,20260931,0.14375
beta,zero_shot,0.4,34,20260931,0.4
beta,zero_shot,0.4,35,20260931,0.31875
beta,zero_shot,0.4,36,20260931,0.53125
beta,zero_shot,0.4,37,20260931,0.50625
beta,zero_shot,0.4,38,20260931,0.125
beta,zero_shot,0.4,39,20260931,0.26875
beta,zero_shot,0.4,40,20260931,0.1875
beta,zero_shot,0.4,41,20260931,0.16875
beta,zero_shot,0.4,42,20260931,0.1875
beta,zero_shot,0.4,43,20260931,0.1625
beta,zero_shot,0.4,44,20260931,0.175
beta,zero_shot,0.4,45,20260931,0.1125
beta,zero_shot,0.4,46,20260931,0.2625
beta,zero_shot,0.4,47,20260931,0.09375
beta,zero_shot,0.4,48,20260931,0.1625
beta,zero_shot,0.4,49,20260931,0.29375
beta,zero_shot,0.4,50,20260931,0.2125
beta,zero_shot,0.4,51,20260931,0.2875
beta,zero_shot,0.4,52,20260931,0.4
beta,zero_shot,0.4,53,20260931,0.41875
beta,zero_shot,0.4,54,20260931,0.3125
beta,zero_shot,0.4,55,20260931,0.15
beta,zero_shot,0.4,56,20260931,0.31875
beta,zero_shot,0.4,57,20260931,0.25625
beta,zero_shot,0.4,58,20260931,0.18125
beta,zero_shot,0.4,59,20260931,0.09375
beta,zero_shot,0.4,60,20260931,0.21875
beta,zero_shot,0.4,61,20260931,0.1
beta,zero_shot,0.4,62,20260931,0.40625
beta,zero_shot,0.4,63,20260931,0.5875
beta,zero_shot,0.4,64,20260931,0.30625
beta,zero_shot,0.4,65,20260931,0.0875
beta,zero_shot,0.4,66,20260931,0.45625
beta,zero_shot,0.4,67,20260931,0.49375
beta,zero_shot,0.4,68,20260931,0.08125
beta,zero_shot,0.4,69,20260931,0.0625
beta,zero_shot,0.4,70,20260931,0.38125
beta,zero_shot,0.8,1,20260929,0.74375
beta,zero_shot,0.8,2,20260929,0.825
beta,zero_shot,0.8,3,20260929,0.8
beta,zero_shot,0.8,4,20260929,0.625
beta,zero_shot,0.8,5,20260929,0.4625
beta,zero_shot,0.8,6,20260929,0.55625
beta,zero_shot,0.8,7,20260929,0.31875
beta,zero_shot,0.8,8,20260929,0.475
beta,zero_shot,0.8,9,20260929,0.83125
beta,zero_shot,0.8,10,20260929,0.525
beta,zero_shot,0.8,11,20260929,0.24375
beta,zero_shot,0.8,12,20260929,0.81875
beta,zero_shot,0.8,13,20260929,0.76875
beta,zero_shot,0.8,14,20260929,0.31875
beta,zero_shot,0.8,15,20260929,0.5875
beta,zero_shot,0.8,16,20260929,0.68125
beta,zero_shot,0.8,17,20260929,0.1625
beta,zero_shot,0.8,18,20260929,0.89375
beta,zero_shot,0.8,19,20260929,0.7125
beta,zero_shot,0.8,20,20260929,0.2875
beta,zero_shot,0.8,21,20260929,0.6625
beta,zero_shot,0.8,22,20260929,0.6375
beta,zero_shot,0.8,23,20260929,0.7125
beta,zero_shot,0.8,24,20260929,0.48125
beta,zero_shot,0.8,25,20260929,0.2875
beta,zero_shot,0.8,26,20260929,0.50625
beta,zero_shot,0.8,27,20260929,0.78125
beta,zero_shot,0.8,28,20260929,0.7875
beta,zero_shot,0.8,29,20260929,0.76875
beta,zero_shot,0.8,30,20260929,0.59375
beta,zero_shot,0.8,31,20260929,0.325
beta,zero_shot,0.8,32,20260929,0.1375
beta,zero_shot,0.8,33,20260929,0.36875
beta,zero_shot,0.8,34,20260929,0.79375
beta,zero_shot,0.8,35,20260929,0.675
beta,zero_shot,0.8,36,20260929,0.9
beta,zero_shot,0.8,37,20260929,0.9125
beta,zero_shot,0.8,38,20260929,0.38125
beta,zero_shot,0.8,39,20260929,0.6875
beta,zero_shot,0.8,40,20260929,0.40625
beta,zero_shot,0.8,41,20260929,0.2375
beta,zero_shot,0.8,42,20260929,0.46875
beta,zero_shot,0.8,43,20260929,0.5125
beta,zero_shot,0.8,44,20260929,0.3875
beta,zero_shot,0.8,45,20260929,0.31875
beta,zero_shot,0.8,46,20260929,0.3875
beta,zero_shot,0.8,47,20260929,0.3125
beta,zero_shot,0.8,48,20260929,0.48125
beta,zero_shot,0.8,49,20260929,0.725
beta,zero_shot,0.8,50,20260929,0.43125
beta,zero_shot,0.8,51,20260929,0.58125
beta,zero_shot,0.8,52,20260929,0.73125
beta,zero_shot,0.8,53,20260929,0.6875
beta,zero_shot,0.8,54,20260929,0.4875
beta,zero_shot,0.8,55,20260929,0.3375
beta,zero_shot,0.8,56,20260929,0.6875
beta,zero_shot,0.8,57,20260929,0.76875
beta,zero_shot,0.8,58,20260929,0.53125
beta,zero_shot,0.8,59,20260929,0.1875
beta,zero_shot,0.8,60,20260929,0.4375
beta,zero_shot,0.8,61,20260929,0.2375
beta,zero_shot,0.8,62,20260929,0.75625
beta,zero_shot,0.8,63,20260929,0.9
beta,zero_shot,0.8,64,20260929,0.725
beta,zero_shot,0.8,65,20260929,0.24375
beta,zero_shot,0.8,66,20260929,0.8375
beta,zero_shot,0.8,67,20260929,0.75
beta,zero_shot,0.8,68,20260929,0.29375
beta,zero_shot,0.8,69,20260929,0.24375
beta,zero_shot,0.8,70,20260929,0.7625
beta,zero_shot,0.8,1,20260930,0.75625
beta,zero_shot,0.8,2,20260930,0.83125
beta,zero_shot,0.8,3,20260930,0.775
beta,zero_shot,0.8,4,20260930,0.65
beta,zero_shot,0.8,5,20260930,0.53125
beta,zero_shot,0.8,6,20260930,0.54375
beta,zero_shot,0.8,7,20260930,0.3
beta,zero_shot,0.8,8,20260930,0.55625
beta,zero_shot,0.8,9,20260930,0.89375
beta,zero_shot,0.8,10,20260930,0.58125
beta,zero_shot,0.8,11,20260930,0.275
beta,zero_shot,0.8,12,20260930,0.79375
beta,zero_shot,0.8,13,20260930,0.8125
beta,zero_shot,0.8,14,20260930,0.29375
beta,zero_shot,0.8,15,20260930,0.5875
beta,zero_shot,0.8,16,20260930,0.63125
beta,zero_shot,0.8,17,20260930,0.20625
beta,zero_shot,0.8,18,20260930,0.9
beta,zero_shot,0.8,19,20260930,0.7
beta,zero_shot,0.8,20,20260930,0.36875
beta,zero_shot,0.8,21,20260930,0.65625
beta,zero_shot,0.8,22,20260930,0.6125
beta,zero_shot,0.8,23,20260930,0.675
beta,zero_shot,0.8,24,20260930,0.48125
beta,zero_shot,0.8,25,20260930,0.35625
beta,zero_shot,0.8,26,20260930,0.4875
beta,zero_shot,0.8,27,20260930,0.74375
beta,zero_shot,0.8,28,20260930,0.7125
beta,zero_shot,0.8,29,20260930,0.7125
beta,zero_shot,0.8,30,20260930,0.6125
beta,zero_shot,0.8,31,20260930,0.35
beta,zero_shot,0.8,32,20260930,0.1375
beta,zero_shot,0.8,33,20260930,0.38125
beta,zero_shot,0.8,34,20260930,0.79375
beta,zero_shot,0.8,35,20260930,0.69375
beta,zero_shot,0.8,36,20260930,0.8875
beta,zero_shot,0.8,37,20260930,0.925
beta,zero_shot,0.8,38,20260930,0.3875
beta,zero_shot,0.8,39,20260930,0.65625
beta,zero_shot,0.8,40,20260930,0.3875
beta,zero_shot,0.8,41,20260930,0.28125
beta,zero_shot,0.8,42,20260930,0.50625
beta,zero_shot,0.8,43,20260930,0.54375
beta,zero_shot,0.8,44,20260930,0.375
beta,zero_shot,0.8,45,20260930,0.3
beta,zero_shot,0.8,46,20260930,0.475
beta,zero_shot,0.8,47,20260930,0.38125
beta,zero_shot,0.8,48,20260930,0.36875
beta,zero_shot,0.8,49,20260930,0.75
beta,zero_shot,0.8,50,20260930,0.44375
beta,zero_shot,0.8,51,20260930,0.58125
beta,zero_shot,0.8,52,20260930,0.81875
beta,zero_shot,0.8,53,20260930,0.7125
beta,zero_shot,0.8,54,20260930,0.5125
beta,zero_shot,0.8,55,20260930,0.4
beta,zero_shot,0.8,56,20260930,0.73125
beta,zero_shot,0.8,57,20260930,0.8
beta,zero_shot,0.8,58,20260930,0.46875
beta,zero_shot,0.8,59,20260930,0.2375
beta,zero_shot,0.8,60,20260930,0.39375
beta,zero_shot,0.8,61,20260930,0.225
beta,zero_shot,0.8,62,20260930,0.775
beta,zero_shot,0.8,63,20260930,0.90625
beta,zero_shot,0.8,64,20260930,0.71875
beta,zero_shot,0.8,65,20260930,0.21875
beta,zero_shot,0.8,66,20260930,0.825
beta,zero_shot,0.8,67,20260930,0.79375
beta,zero_shot,0.8,68,20260930,0.21875
beta,zero_shot,0.8,69,20260930,0.21875
beta,zero_shot,0.8,70,20260930,0.79375
beta,zero_shot,0.8,1,20260931,0.6625
beta,zero_shot,0.8,2,20260931,0.83125
beta,zero_shot,0.8,3,20260931,0.8125
beta,zero_shot,0.8,4,20260931,0.625
beta,zero_shot,0.8,5,20260931,0.5
beta,zero_shot,0.8,6,20260931,0.58125
beta,zero_shot,0.8,7,20260931,0.30625
beta,zero_shot,0.8,8,20260931,0.50625
beta,zero_shot,0.8,9,20260931,0.80625
beta,zero_shot,0.8,10,20260931,0.5
beta,zero_shot,0.8,11,20260931,0.21875
beta,zero_shot,0.8,12,20260931,0.775
beta,zero_shot,0.8,13,20260931,0.7375
beta,zero_shot,0.8,14,20260931,0.2875
beta,zero_shot,0.8,15,20260931,0.60625
beta,zero_shot,0.8,16,20260931,0.625
beta,zero_shot,0.8,17,20260931,0.19375
beta,zero_shot,0.8,18,20260931,0.9125
beta,zero_shot,0.8,19,20260931,0.7375
beta,zero_shot,0.8,20,20260931,0.31875
beta,zero_shot,0.8,21,20260931,0.625
beta,zero_shot,0.8,22,20260931,0.6625
beta,zero_shot,0.8,23,20260931,0.65
beta,zero_shot,0.8,24,20260931,0.4625
beta,zero_shot,0.8,25,20260931,0.2875
beta,zero_shot,0.8,26,20260931,0.525
beta,zero_shot,0.8,27,20260931,0.75625
beta,zero_shot,0.8,28,20260931,0.7375
beta,zero_shot,0.8,29,20260931,0.69375
beta,zero_shot,0.8,30,20260931,0.56875
beta,zero_shot,0.8,31,20260931,0.36875
beta,zero_shot,0.8,32,20260931,0.125
beta,zero_shot,0.8,33,20260931,0.33125
beta,zero_shot,0.8,34,20260931,0.825
beta,zero_shot,0.8,35,20260931,0.69375
beta,zero_shot,0.8,36,20260931,0.875
beta,zero_shot,0.8,37,20260931,0.8625
beta,zero_shot,0.8,38,20260931,0.38125
beta,zero_shot,0.8,39,20260931,0.63125
beta,zero_shot,0.8,40,20260931,0.43125
beta,zero_shot,0.8,41,20260931,0.2375
beta,zero_shot,0.8,42,20260931,0.5125
beta,zero_shot,0.8,43,20260931,0.5
beta,zero_shot,0.8,44,20260931,0.3625
beta,zero_shot,0.8,45,20260931,0.29375
beta,zero_shot,0.8,46,20260931,0.475
beta,zero_shot,0.8,47,20260931,0.325
beta,zero_shot,0.8,48,20260931,0.5
beta,zero_shot,0.8,49,20260931,0.725
beta,zero_shot,0.8,50,20260931,0.375
beta,zero_shot,0.8,51,20260931,0.60625
beta,zero_shot,0.8,52,20260931,0.7625
beta,zero_shot,0.8,53,20260931,0.7125
beta,zero_shot,0.8,54,20260931,0.50625
beta,zero_shot,0.8,55,20260931,0.34375
beta,zero_shot,0.8,56,20260931,0.68125
beta,zero_shot,0.8,57,20260931,0.75
beta,zero_shot,0.8,58,20260931,0.45
beta,zero_shot,0.8,59,20260931,0.15625
beta,zero_shot,0.8,60,20260931,0.45
beta,zero_shot,0.8,61,20260931,0.23125
beta,zero_shot,0.8,62,20260931,0.75
beta,zero_shot,0.8,63,20260931,0.8875
beta,zero_shot,0.8,64,20260931,0.65
beta,zero_shot,0.8,65,20260931,0.18125
beta,zero_shot,0.8,66,20260931,0.81875
beta,zero_shot,0.8,67,20260931,0.725
beta,zero_shot,0.8,68,20260931,0.2875
beta,zero_shot,0.8,69,20260931,0.2
beta,zero_shot,0.8,70,20260931,0.79375
beta,zero_shot,1.2,1,20260929,0.86875
beta,zero_shot,1.2,2,20260929,0.9
beta,zero_shot,1.2,3,20260929,0.95
beta,zero_shot,1.2,4,20260929,0.75
beta,zero_shot,1.2,5,20260929,0.75625
beta,zero_shot,1.2,6,20260929,0.74375
beta,zero_shot,1.2,7,20260929,0.5375
beta,zero_shot,1.2,8,20260929,0.7625
beta,zero_shot,1.2,9,20260929,0.95625
beta,zero_shot,1.2,10,20260929,0.6875
beta,zero_shot,1.2,11,20260929,0.38125
beta,zero_shot,1.2,12,20260929,0.94375
beta,zero_shot,1.2,13,20260929,0.95625
beta,zero_shot,1.2,14,20260929,0.46875
beta,zero_shot,1.2,15,20260929,0.71875
beta,zero_shot,1.2,16,20260929,0.80625
beta,zero_shot,1.2,17,20260929,0.23125
beta,zero_shot,1.2,18,20260929,0.9875
beta,zero_shot,1.2,19,20260929,0.8375
beta,zero_shot,1.2,20,20260929,0.40625
beta,zero_shot,1.2,21,20260929,0.86875
beta,zero_shot,1.2,22,20260929,0.80625
beta,zero_shot,1.2,23,20260929,0.8875
beta,zero_shot,1.2,24,20260929,0.61875
beta,zero_shot,1.2,25,20260929,0.4375
beta,zero_shot,1.2,26,20260929,0.6125
beta,zero_shot,1.2,27,20260929,0.8625
beta,zero_shot,1.2,28,20260929,0.8625
beta,zero_shot,1.2,29,20260929,0.8875
beta,zero_shot,1.2,30,20260929,0.74375
beta,zero_shot,1.2,31,20260929,0.50625
beta,zero_shot,1.2,32,20260929,0.24375
beta,zero_shot,1.2,33,20260929,0.51875
beta,zero_shot,1.2,34,20260929,0.93125
beta,zero_shot,1.2,35,20260929,0.81875
beta,zero_shot,1.2,36,20260929,0.975
beta,zero_shot,1.2,37,20260929,0.975
beta,zero_shot,1.2,38,20260929,0.69375
beta,zero_shot,1.2,39,20260929,0.75
beta,zero_shot,1.2,40,20260929,0.53125
beta,zero_shot,1.2,41,20260929,0.35625
beta,zero_shot,1.2,42,20260929,0.64375
beta,zero_shot,1.2,43,20260929,0.725
beta,zero_shot,1.2,44,20260929,0.475
beta,zero_shot,1.2,45,20260929,0.60625
beta,zero_shot,1.2,46,20260929,0.675
beta,zero_shot,1.2,47,20260929,0.425
beta,zero_shot,1.2,48,20260929,0.725
beta,zero_shot,1.2,49,20260929,0.8375
beta,zero_shot,1.2,50,20260929,0.6125
beta,zero_shot,1.2,51,20260929,0.65
beta,zero_shot,1.2,52,20260929,0.85
beta,zero_shot,1.2,53,20260929,0.84375
beta,zero_shot,1.2,54,20260929,0.68125
beta,zero_shot,1.2,55,20260929,0.5
beta,zero_shot,1.2,56,20260929,0.85
beta,zero_shot,1.2,57,20260929,0.85625
beta,zero_shot,1.2,58,20260929,0.7375
beta,zero_shot,1.2,59,20260929,0.3375
beta,zero_shot,1.2,60,20260929,0.53125
beta,zero_shot,1.2,61,20260929,0.33125
beta,zero_shot,1.2,62,20260929,0.875
beta,zero_shot,1.2,63,20260929,0.96875
beta,zero_shot,1.2,64,20260929,0.875
beta,zero_shot,1.2,65,20260929,0.3375
beta,zero_shot,1.2,66,20260929,0.9125
beta,zero_shot,1.2,67,20260929,0.875
beta,zero_shot,1.2,68,20260929,0.35625
beta,zero_shot,1.2,69,20260929,0.35625
beta,zero_shot,1.2,70,20260929,0.825
beta,zero_shot,1.2,1,20260930,0.875
beta,zero_shot,1.2,2,20260930,0.91875
beta,zero_shot,1.2,3,20260930,0.93125
beta,zero_shot,1.2,4,20260930,0.8
beta,zero_shot,1.2,5,20260930,0.75
beta,zero_shot,1.2,6,20260930,0.75
beta,zero_shot,1.2,7,20260930,0.48125
beta,zero_shot,1.2,8,20260930,0.7625
beta,zero_shot,1.2,9,20260930,0.94375
beta,zero_shot,1.2,10,20260930,0.69375
beta,zero_shot,1.2,11,20260930,0.38125
beta,zero_shot,1.2,12,20260930,0.90625
beta,zero_shot,1.2,13,20260930,0.94375
beta,zero_shot,1.2,14,20260930,0.40625
beta,zero_shot,1.2,15,20260930,0.6875
beta,zero_shot,1.2,16,20260930,0.76875
beta,zero_shot,1.2,17,20260930,0.275
beta,zero_shot,1.2,18,20260930,0.99375
beta,zero_shot,1.2,19,20260930,0.8375
beta,zero_shot,1.2,20,20260930,0.4
beta,zero_shot,1.2,21,20260930,0.85625
beta,zero_shot,1.2,22,20260930,0.7625
beta,zero_shot,1.2,23,20260930,0.8625
beta,zero_shot,1.2,24,20260930,0.6375
beta,zero_shot,1.2,25,20260930,0.4625
beta,zero_shot,1.2,26,20260930,0.6
beta,zero_shot,1.2,27,20260930,0.8875
beta,zero_shot,1.2,28,20260930,0.84375
beta,zero_shot,1.2,29,20260930,0.86875
beta,zero_shot,1.2,30,20260930,0.76875
beta,zero_shot,1.2,31,20260930,0.575
beta,zero_shot,1.2,32,20260930,0.225
beta,zero_shot,1.2,33,20260930,0.53125
beta,zero_shot,1.2,34,20260930,0.90625
beta,zero_shot,1.2,35,20260930,0.83125
beta,zero_shot,1.2,36,20260930,0.96875
beta,zero_shot,1.2,37,20260930,0.98125
beta,zero_shot,1.2,38,20260930,0.65
beta,zero_shot,1.2,39,20260930,0.75625
beta,zero_shot,1.2,40,20260930,0.5125
beta,zero_shot,1.2,41,20260930,0.3625
beta,zero_shot,1.2,42,20260930,0.64375
beta,zero_shot,1.2,43,20260930,0.69375
beta,zero_shot,1.2,44,20260930,0.4125
beta,zero_shot,1.2,45,20260930,0.525
beta,zero_shot,1.2,46,20260930,0.68125
beta,zero_shot,1.2,47,20260930,0.45625
beta,zero_shot,1.2,48,20260930,0.53125
beta,zero_shot,1.2,49,20260930,0.8375
beta,zero_shot,1.2,50,20260930,0.5375
beta,zero_shot,1.2,51,20260930,0.6625
beta,zero_shot,1.2,52,20260930,0.875
beta,zero_shot,1.2,53,20260930,0.8375
beta,zero_shot,1.2,54,20260930,0.73125
beta,zero_shot,1.2,55,20260930,0.525
beta,zero_shot,1.2,56,20260930,0.8875
beta,zero_shot,1.2,57,20260930,0.90625
beta,zero_shot,1.2,58,20260930,0.6875
beta,zero_shot,1.2,59,20260930,0.3375
beta,zero_shot,1.2,60,20260930,0.5
beta,zero_shot,1.2,61,20260930,0.36875
beta,zero_shot,1.2,62,20260930,0.83125
beta,zero_shot,1.2,63,20260930,0.95
beta,zero_shot,1.2,64,20260930,0.8125
beta,zero_shot,1.2,65,20260930,0.275
beta,zero_shot,1.2,66,20260930,0.90625
beta,zero_shot,1.2,67,20260930,0.875
beta,zero_shot,1.2,68,20260930,0.3125
beta,zero_shot,1.2,69,20260930,0.275
beta,zero_shot,1.2,70,20260930,0.825
beta,zero_shot,1.2,1,20260931,0.86875
beta,zero_shot,1.2,2,20260931,0.93125
beta,zero_shot,1.2,3,20260931,0.91875
beta,zero_shot,1.2,4,20260931,0.775
beta,zero_shot,1.2,5,20260931,0.7625
beta,zero_shot,1.2,6,20260931,0.7125
beta,zero_shot,1.2,7,20260931,0.54375
beta,zero_shot,1.2,8,20260931,0.725
beta,zero_shot,1.2,9,20260931,0.9625
beta,zero_shot,1.2,10,20260931,0.6875
beta,zero_shot,1.2,11,20260931,0.34375
beta,zero_shot,1.2,12,20260931,0.93125
beta,zero_shot,1.2,13,20260931,0.93125
beta,zero_shot,1.2,14,20260931,0.3625
beta,zero_shot,1.2,15,20260931,0.7
beta,zero_shot,1.2,16,20260931,0.78125
beta,zero_shot,1.2,17,20260931,0.25
beta,zero_shot,1.2,18,20260931,0.98125
beta,zero_shot,1.2,19,20260931,0.83125
beta,zero_shot,1.2,20,20260931,0.38125
beta,zero_shot,1.2,21,20260931,0.85625
beta,zero_shot,1.2,22,20260931,0.81875
beta,zero_shot,1.2,23,20260931,0.85
beta,zero_shot,1.2,24,20260931,0.625
beta,zero_shot,1.2,25,20260931,0.4375
beta,zero_shot,1.2,26,20260931,0.65625
beta,zero_shot,1.2,27,20260931,0.85
beta,zero_shot,1.2,28,20260931,0.85
beta,zero_shot,1.2,29,20260931,0.79375
beta,zero_shot,1.2,30,20260931,0.71875
beta,zero_shot,1.2,31,20260931,0.58125
beta,zero_shot,1.2,32,20260931,0.15625
beta,zero_shot,1.2,33,20260931,0.46875
beta,zero_shot,1.2,34,20260931,0.94375
beta,zero_shot,1.2,35,20260931,0.7625
beta,zero_shot,1.2,36,20260931,0.95625
beta,zero_shot,1.2,37,20260931,0.9875
beta,zero_shot,1.2,38,20260931,0.63125
beta,zero_shot,1.2,39,20260931,0.75
beta,zero_shot,1.2,40,20260931,0.50625
beta,zero_shot,1.2,41,20260931,0.3
beta,zero_shot,1.2,42,20260931,0.65625
beta,zero_shot,1.2,43,20260931,0.6625
beta,zero_shot,1.2,44,20260931,0.50625
beta,zero_shot,1.2,45,20260931,0.4875
beta,zero_shot,1.2,46,20260931,0.7125
beta,zero_shot,1.2,47,20260931,0.44375
beta,zero_shot,1.2,48,20260931,0.6875
beta,zero_shot,1.2,49,20260931,0.80625
beta,zero_shot,1.2,50,20260931,0.48125
beta,zero_shot,1.2,51,20260931,0.725
beta,zero_shot,1.2,52,20260931,0.9
beta,zero_shot,1.2,53,20260931,0.79375
beta,zero_shot,1.2,54,20260931,0.7
beta,zero_shot,1.2,55,20260931,0.4875
beta,zero_shot,1.2,56,20260931,0.8625
beta,zero_shot,1.2,57,20260931,0.91875
beta,zero_shot,1.2,58,20260931,0.68125
beta,zero_shot,1.2,59,20260931,0.2625
beta,zero_shot,1.2,60,20260931,0.51875
beta,zero_shot,1.2,61,20260931,0.28125
beta,zero_shot,1.2,62,20260931,0.8625
beta,zero_shot,1.2,63,20260931,0.95
beta,zero_shot,1.2,64,20260931,0.80625
beta,zero_shot,1.2,65,20260931,0.31875
beta,zero_shot,1.2,66,20260931,0.9
beta,zero_shot,1.2,67,20260931,0.7875
beta,zero_shot,1.2,68,20260931,0.41875
beta,zero_shot,1.2,69,20260931,0.1625
beta,zero_shot,1.2,70,20260931,0.80625
beta,adapter_1_block,0.4,1,20260929,0.575
beta,adapter_1_block,0.4,2,20260929,0.55625
beta,adapter_1_block,0.4,3,20260929,0.5625
beta,adapter_1_block,0.4,4,20260929,0.24375
beta,adapter_1_block,0.4,5,20260929,0.2125
beta,adapter_1_block,0.4,6,20260929,0.26875
beta,adapter_1_block,0.4,7,20260929,0.175
beta,adapter_1_block,0.4,8,20260929,0.225
beta,adapter_1_block,0.4,9,20260929,0.60625
beta,adapter_1_block,0.4,10,20260929,0.28125
beta,adapter_1_block,0.4,11,20260929,0.10625
beta,adapter_1_block,0.4,12,20260929,0.5375
beta,adapter_1_block,0.4,13,20260929,0.575
beta,adapter_1_block,0.4,14,20260929,0.1625
beta,adapter_1_block,0.4,15,20260929,0.4
beta,adapter_1_block,0.4,16,20260929,0.425
beta,adapter_1_block,0.4,17,20260929,0.075
beta,adapter_1_block,0.4,18,20260929,0.61875
beta,adapter_1_block,0.4,19,20260929,0.45625
beta,adapter_1_block,0.4,20,20260929,0.1625
beta,adapter_1_block,0.4,21,20260929,0.46875
beta,adapter_1_block,0.4,22,20260929,0.40625
beta,adapter_1_block,0.4,23,20260929,0.36875
beta,adapter_1_block,0.4,24,20260929,0.3
beta,adapter_1_block,0.4,25,20260929,0.20625
beta,adapter_1_block,0.4,26,20260929,0.24375
beta,adapter_1_block,0.4,27,20260929,0.43125
beta,adapter_1_block,0.4,28,20260929,0.525
beta,adapter_1_block,0.4,29,20260929,0.35625
beta,adapter_1_block,0.4,30,20260929,0.39375
beta,adapter_1_block,0.4,31,20260929,0.225
beta,adapter_1_block,0.4,32,20260929,0.08125
beta,adapter_1_block,0.4,33,20260929,0.24375
beta,adapter_1_block,0.4,34,20260929,0.51875
beta,adapter_1_block,0.4,35,20260929,0.3
beta,adapter_1_block,0.4,36,20260929,0.58125
beta,adapter_1_block,0.4,37,20260929,0.60625
beta,adapter_1_block,0.4,38,20260929,0.175
beta,adapter_1_block,0.4,39,20260929,0.31875
beta,adapter_1_block,0.4,40,20260929,0.3375
beta,adapter_1_block,0.4,41,20260929,0.15
beta,adapter_1_block,0.4,42,20260929,0.35625
beta,adapter_1_block,0.4,43,20260929,0.31875
beta,adapter_1_block,0.4,44,20260929,0.19375
beta,adapter_1_block,0.4,45,20260929,0.15625
beta,adapter_1_block,0.4,46,20260929,0.26875
beta,adapter_1_block,0.4,47,20260929,0.14375
beta,adapter_1_block,0.4,48,20260929,0.2
beta,adapter_1_block,0.4,49,20260929,0.4125
beta,adapter_1_block,0.4,50,20260929,0.21875
beta,adapter_1_block,0.4,51,20260929,0.31875
beta,adapter_1_block,0.4,52,20260929,0.4375
beta,adapter_1_block,0.4,53,20260929,0.49375
beta,adapter_1_block,0.4,54,20260929,0.375
beta,adapter_1_block,0.4,55,20260929,0.1875
beta,adapter_1_block,0.4,56,20260929,0.50625
beta,adapter_1_block,0.4,57,20260929,0.375
beta,adapter_1_block,0.4,58,20260929,0.275
beta,adapter_1_block,0.4,59,20260929,0.15625
beta,adapter_1_block,0.4,60,20260929,0.28125
beta,adapter_1_block,0.4,61,20260929,0.20625
beta,adapter_1_block,0.4,62,20260929,0.49375
beta,adapter_1_block,0.4,63,20260929,0.6375
beta,adapter_1_block,0.4,64,20260929,0.425
beta,adapter_1_block,0.4,65,20260929,0.1125
beta,adapter_1_block,0.4,66,20260929,0.5875
beta,adapter_1_block,0.4,67,20260929,0.6375
beta,adapter_1_block,0.4,68,20260929,0.23125
beta,adapter_1_block,0.4,69,20260929,0.16875
beta,adapter_1_block,0.4,70,20260929,0.43125
beta,adapter_1_block,0.4,1,20260930,0.55625
beta,adapter_1_block,0.4,2,20260930,0.575
beta,adapter_1_block,0.4,3,20260930,0.58125
beta,adapter_1_block,0.4,4,20260930,0.275
beta,adapter_1_block,0.4,5,20260930,0.23125
beta,adapter_1_block,0.4,6,20260930,0.2625
beta,adapter_1_block,0.4,7,20260930,0.225
beta,adapter_1_block,0.4,8,20260930,0.24375
beta,adapter_1_block,0.4,9,20260930,0.66875
beta,adapter_1_block,0.4,10,20260930,0.39375
beta,adapter_1_block,0.4,11,20260930,0.09375
beta,adapter_1_block,0.4,12,20260930,0.58125
beta,adapter_1_block,0.4,13,20260930,0.575
beta,adapter_1_block,0.4,14,20260930,0.1375
beta,adapter_1_block,0.4,15,20260930,0.4
beta,adapter_1_block,0.4,16,20260930,0.44375
beta,adapter_1_block,0.4,17,20260930,0.05625
beta,adapter_1_block,0.4,18,20260930,0.65
beta,adapter_1_block,0.4,19,20260930,0.35625
beta,adapter_1_block,0.4,20,20260930,0.16875
beta,adapter_1_block,0.4,21,20260930,0.46875
beta,adapter_1_block,0.4,22,20260930,0.44375
beta,adapter_1_block,0.4,23,20260930,0.375
beta,adapter_1_block,0.4,24,20260930,0.3125
beta,adapter_1_block,0.4,25,20260930,0.3625
beta,adapter_1_block,0.4,26,20260930,0.175
beta,adapter_1_block,0.4,27,20260930,0.4375
beta,adapter_1_block,0.4,28,20260930,0.45625
beta,adapter_1_block,0.4,29,20260930,0.35625
beta,adapter_1_block,0.4,30,20260930,0.40625
beta,adapter_1_block,0.4,31,20260930,0.25
beta,adapter_1_block,0.4,32,20260930,0.08125
beta,adapter_1_block,0.4,33,20260930,0.24375
beta,adapter_1_block,0.4,34,20260930,0.45625
beta,adapter_1_block,0.4,35,20260930,0.4
beta,adapter_1_block,0.4,36,20260930,0.575
beta,adapter_1_block,0.4,37,20260930,0.70625
beta,adapter_1_block,0.4,38,20260930,0.16875
beta,adapter_1_block,0.4,39,20260930,0.375
beta,adapter_1_block,0.4,40,20260930,0.30625
beta,adapter_1_block,0.4,41,20260930,0.15625
beta,adapter_1_block,0.4,42,20260930,0.275
beta,adapter_1_block,0.4,43,20260930,0.31875
beta,adapter_1_block,0.4,44,20260930,0.16875
beta,adapter_1_block,0.4,45,20260930,0.2125
beta,adapter_1_block,0.4,46,20260930,0.28125
beta,adapter_1_block,0.4,47,20260930,0.11875
beta,adapter_1_block,0.4,48,20260930,0.21875
beta,adapter_1_block,0.4,49,20260930,0.375
beta,adapter_1_block,0.4,50,20260930,0.225
beta,adapter_1_block,0.4,51,20260930,0.3125
beta,adapter_1_block,0.4,52,20260930,0.39375
beta,adapter_1_block,0.4,53,20260930,0.5
beta,adapter_1_block,0.4,54,20260930,0.36875
beta,adapter_1_block,0.4,55,20260930,0.1875
beta,adapter_1_block,0.4,56,20260930,0.53125
beta,adapter_1_block,0.4,57,20260930,0.3875
beta,adapter_1_block,0.4,58,20260930,0.34375
beta,adapter_1_block,0.4,59,20260930,0.15625
beta,adapter_1_block,0.4,60,20260930,0.275
beta,adapter_1_block,0.4,61,20260930,0.21875
beta,adapter_1_block,0.4,62,20260930,0.48125
beta,adapter_1_block,0.4,63,20260930,0.6375
beta,adapter_1_block,0.4,64,20260930,0.4625
beta,adapter_1_block,0.4,65,20260930,0.10625
beta,adapter_1_block,0.4,66,20260930,0.64375
beta,adapter_1_block,0.4,67,20260930,0.63125
beta,adapter_1_block,0.4,68,20260930,0.15625
beta,adapter_1_block,0.4,69,20260930,0.14375
beta,adapter_1_block,0.4,70,20260930,0.46875
beta,adapter_1_block,0.4,1,20260931,0.5625
beta,adapter_1_block,0.4,2,20260931,0.55625
beta,adapter_1_block,0.4,3,20260931,0.6
beta,adapter_1_block,0.4,4,20260931,0.30625
beta,adapter_1_block,0.4,5,20260931,0.21875
beta,adapter_1_block,0.4,6,20260931,0.28125
beta,adapter_1_block,0.4,7,20260931,0.225
beta,adapter_1_block,0.4,8,20260931,0.25
beta,adapter_1_block,0.4,9,20260931,0.61875
beta,adapter_1_block,0.4,10,20260931,0.2875
beta,adapter_1_block,0.4,11,20260931,0.09375
beta,adapter_1_block,0.4,12,20260931,0.49375
beta,adapter_1_block,0.4,13,20260931,0.575
beta,adapter_1_block,0.4,14,20260931,0.1625
beta,adapter_1_block,0.4,15,20260931,0.4125
beta,adapter_1_block,0.4,16,20260931,0.3875
beta,adapter_1_block,0.4,17,20260931,0.13125
beta,adapter_1_block,0.4,18,20260931,0.625
beta,adapter_1_block,0.4,19,20260931,0.39375
beta,adapter_1_block,0.4,20,20260931,0.11875
beta,adapter_1_block,0.4,21,20260931,0.425
beta,adapter_1_block,0.4,22,20260931,0.425
beta,adapter_1_block,0.4,23,20260931,0.33125
beta,adapter_1_block,0.4,24,20260931,0.31875
beta,adapter_1_block,0.4,25,20260931,0.325
beta,adapter_1_block,0.4,26,20260931,0.1875
beta,adapter_1_block,0.4,27,20260931,0.41875
beta,adapter_1_block,0.4,28,20260931,0.49375
beta,adapter_1_block,0.4,29,20260931,0.3625
beta,adapter_1_block,0.4,30,20260931,0.39375
beta,adapter_1_block,0.4,31,20260931,0.2
beta,adapter_1_block,0.4,32,20260931,0.1
beta,adapter_1_block,0.4,33,20260931,0.2875
beta,adapter_1_block,0.4,34,20260931,0.48125
beta,adapter_1_block,0.4,35,20260931,0.36875
beta,adapter_1_block,0.4,36,20260931,0.575
beta,adapter_1_block,0.4,37,20260931,0.59375
beta,adapter_1_block,0.4,38,20260931,0.15625
beta,adapter_1_block,0.4,39,20260931,0.275
beta,adapter_1_block,0.4,40,20260931,0.3
beta,adapter_1_block,0.4,41,20260931,0.1875
beta,adapter_1_block,0.4,42,20260931,0.26875
beta,adapter_1_block,0.4,43,20260931,0.3375
beta,adapter_1_block,0.4,44,20260931,0.20625
beta,adapter_1_block,0.4,45,20260931,0.1875
beta,adapter_1_block,0.4,46,20260931,0.33125
beta,adapter_1_block,0.4,47,20260931,0.16875
beta,adapter_1_block,0.4,48,20260931,0.2625
beta,adapter_1_block,0.4,49,20260931,0.40625
beta,adapter_1_block,0.4,50,20260931,0.225
beta,adapter_1_block,0.4,51,20260931,0.33125
beta,adapter_1_block,0.4,52,20260931,0.4375
beta,adapter_1_block,0.4,53,20260931,0.46875
beta,adapter_1_block,0.4,54,20260931,0.375
beta,adapter_1_block,0.4,55,20260931,0.20625
beta,adapter_1_block,0.4,56,20260931,0.5375
beta,adapter_1_block,0.4,57,20260931,0.34375
beta,adapter_1_block,0.4,58,20260931,0.34375
beta,adapter_1_block,0.4,59,20260931,0.125
beta,adapter_1_block,0.4,60,20260931,0.29375
beta,adapter_1_block,0.4,61,20260931,0.19375
beta,adapter_1_block,0.4,62,20260931,0.4625
beta,adapter_1_block,0.4,63,20260931,0.7125
beta,adapter_1_block,0.4,64,20260931,0.41875
beta,adapter_1_block,0.4,65,20260931,0.0875
beta,adapter_1_block,0.4,66,20260931,0.5875
beta,adapter_1_block,0.4,67,20260931,0.60625
beta,adapter_1_block,0.4,68,20260931,0.2
beta,adapter_1_block,0.4,69,20260931,0.14375
beta,adapter_1_block,0.4,70,20260931,0.55
beta,adapter_1_block,0.8,1,20260929,0.88125
beta,adapter_1_block,0.8,2,20260929,0.9
beta,adapter_1_block,0.8,3,20260929,0.8875
beta,adapter_1_block,0.8,4,20260929,0.6875
beta,adapter_1_block,0.8,5,20260929,0.6375
beta,adapter_1_block,0.8,6,20260929,0.66875
beta,adapter_1_block,0.8,7,20260929,0.51875
beta,adapter_1_block,0.8,8,20260929,0.5375
beta,adapter_1_block,0.8,9,20260929,0.875
beta,adapter_1_block,0.8,10,20260929,0.6
beta,adapter_1_block,0.8,11,20260929,0.2875
beta,adapter_1_block,0.8,12,20260929,0.81875
beta,adapter_1_block,0.8,13,20260929,0.86875
beta,adapter_1_block,0.8,14,20260929,0.35625
beta,adapter_1_block,0.8,15,20260929,0.70625
beta,adapter_1_block,0.8,16,20260929,0.7
beta,adapter_1_block,0.8,17,20260929,0.2125
beta,adapter_1_block,0.8,18,20260929,0.95
beta,adapter_1_block,0.8,19,20260929,0.73125
beta,adapter_1_block,0.8,20,20260929,0.4
beta,adapter_1_block,0.8,21,20260929,0.7125
beta,adapter_1_block,0.8,22,20260929,0.7375
beta,adapter_1_block,0.8,23,20260929,0.8625
beta,adapter_1_block,0.8,24,20260929,0.6
beta,adapter_1_block,0.8,25,20260929,0.54375
beta,adapter_1_block,0.8,26,20260929,0.525
beta,adapter_1_block,0.8,27,20260929,0.8125
beta,adapter_1_block,0.8,28,20260929,0.7875
beta,adapter_1_block,0.8,29,20260929,0.8375
beta,adapter_1_block,0.8,30,20260929,0.6375
beta,adapter_1_block,0.8,31,20260929,0.45
beta,adapter_1_block,0.8,32,20260929,0.2125
beta,adapter_1_block,0.8,33,20260929,0.44375
beta,adapter_1_block,0.8,34,20260929,0.875
beta,adapter_1_block,0.8,35,20260929,0.7375
beta,adapter_1_block,0.8,36,20260929,0.91875
beta,adapter_1_block,0.8,37,20260929,0.93125
beta,adapter_1_block,0.8,38,20260929,0.43125
beta,adapter_1_block,0.8,39,20260929,0.70625
beta,adapter_1_block,0.8,40,20260929,0.65
beta,adapter_1_block,0.8,41,20260929,0.3625
beta,adapter_1_block,0.8,42,20260929,0.6
beta,adapter_1_block,0.8,43,20260929,0.6375
beta,adapter_1_block,0.8,44,20260929,0.40625
beta,adapter_1_block,0.8,45,20260929,0.4625
beta,adapter_1_block,0.8,46,20260929,0.625
beta,adapter_1_block,0.8,47,20260929,0.39375
beta,adapter_1_block,0.8,48,20260929,0.58125
beta,adapter_1_block,0.8,49,20260929,0.81875
beta,adapter_1_block,0.8,50,20260929,0.46875
beta,adapter_1_block,0.8,51,20260929,0.59375
beta,adapter_1_block,0.8,52,20260929,0.78125
beta,adapter_1_block,0.8,53,20260929,0.81875
beta,adapter_1_block,0.8,54,20260929,0.6875
beta,adapter_1_block,0.8,55,20260929,0.3875
beta,adapter_1_block,0.8,56,20260929,0.85
beta,adapter_1_block,0.8,57,20260929,0.81875
beta,adapter_1_block,0.8,58,20260929,0.65625
beta,adapter_1_block,0.8,59,20260929,0.34375
beta,adapter_1_block,0.8,60,20260929,0.60625
beta,adapter_1_block,0.8,61,20260929,0.35625
beta,adapter_1_block,0.8,62,20260929,0.83125
beta,adapter_1_block,0.8,63,20260929,0.93125
beta,adapter_1_block,0.8,64,20260929,0.775
beta,adapter_1_block,0.8,65,20260929,0.2875
beta,adapter_1_block,0.8,66,20260929,0.85625
beta,adapter_1_block,0.8,67,20260929,0.89375
beta,adapter_1_block,0.8,68,20260929,0.45625
beta,adapter_1_block,0.8,69,20260929,0.525
beta,adapter_1_block,0.8,70,20260929,0.84375
beta,adapter_1_block,0.8,1,20260930,0.85
beta,adapter_1_block,0.8,2,20260930,0.89375
beta,adapter_1_block,0.8,3,20260930,0.8625
beta,adapter_1_block,0.8,4,20260930,0.69375
beta,adapter_1_block,0.8,5,20260930,0.675
beta,adapter_1_block,0.8,6,20260930,0.675
beta,adapter_1_block,0.8,7,20260930,0.625
beta,adapter_1_block,0.8,8,20260930,0.58125
beta,adapter_1_block,0.8,9,20260930,0.91875
beta,adapter_1_block,0.8,10,20260930,0.6
beta,adapter_1_block,0.8,11,20260930,0.325
beta,adapter_1_block,0.8,12,20260930,0.86875
beta,adapter_1_block,0.8,13,20260930,0.89375
beta,adapter_1_block,0.8,14,20260930,0.40625
beta,adapter_1_block,0.8,15,20260930,0.6875
beta,adapter_1_block,0.8,16,20260930,0.7125
beta,adapter_1_block,0.8,17,20260930,0.25
beta,adapter_1_block,0.8,18,20260930,0.94375
beta,adapter_1_block,0.8,19,20260930,0.74375
beta,adapter_1_block,0.8,20,20260930,0.39375
beta,adapter_1_block,0.8,21,20260930,0.69375
beta,adapter_1_block,0.8,22,20260930,0.7625
beta,adapter_1_block,0.8,23,20260930,0.83125
beta,adapter_1_block,0.8,24,20260930,0.6125
beta,adapter_1_block,0.8,25,20260930,0.61875
beta,adapter_1_block,0.8,26,20260930,0.51875
beta,adapter_1_block,0.8,27,20260930,0.79375
beta,adapter_1_block,0.8,28,20260930,0.79375
beta,adapter_1_block,0.8,29,20260930,0.81875
beta,adapter_1_block,0.8,30,20260930,0.75625
beta,adapter_1_block,0.8,31,20260930,0.4625
beta,adapter_1_block,0.8,32,20260930,0.2125
beta,adapter_1_block,0.8,33,20260930,0.43125
beta,adapter_1_block,0.8,34,20260930,0.89375
beta,adapter_1_block,0.8,35,20260930,0.73125
beta,adapter_1_block,0.8,36,20260930,0.9125
beta,adapter_1_block,0.8,37,20260930,0.94375
beta,adapter_1_block,0.8,38,20260930,0.4375
beta,adapter_1_block,0.8,39,20260930,0.69375
beta,adapter_1_block,0.8,40,20260930,0.55
beta,adapter_1_block,0.8,41,20260930,0.3375
beta,adapter_1_block,0.8,42,20260930,0.575
beta,adapter_1_block,0.8,43,20260930,0.6125
beta,adapter_1_block,0.8,44,20260930,0.39375
beta,adapter_1_block,0.8,45,20260930,0.45
beta,adapter_1_block,0.8,46,20260930,0.68125
beta,adapter_1_block,0.8,47,20260930,0.4
beta,adapter_1_block,0.8,48,20260930,0.5625
beta,adapter_1_block,0.8,49,20260930,0.8375
beta,adapter_1_block,0.8,50,20260930,0.50625
beta,adapter_1_block,0.8,51,20260930,0.63125
beta,adapter_1_block,0.8,52,20260930,0.83125
beta,adapter_1_block,0.8,53,20260930,0.8
beta,adapter_1_block,0.8,54,20260930,0.7
beta,adapter_1_block,0.8,55,20260930,0.40625
beta,adapter_1_block,0.8,56,20260930,0.88125
beta,adapter_1_block,0.8,57,20260930,0.88125
beta,adapter_1_block,0.8,58,20260930,0.7
beta,adapter_1_block,0.8,59,20260930,0.35625
beta,adapter_1_block,0.8,60,20260930,0.60625
beta,adapter_1_block,0.8,61,20260930,0.35
beta,adapter_1_block,0.8,62,20260930,0.78125
beta,adapter_1_block,0.8,63,20260930,0.93125
beta,adapter_1_block,0.8,64,20260930,0.76875
beta,adapter_1_block,0.8,65,20260930,0.225
beta,adapter_1_block,0.8,66,20260930,0.8625
beta,adapter_1_block,0.8,67,20260930,0.875
beta,adapter_1_block,0.8,68,20260930,0.4125
beta,adapter_1_block,0.8,69,20260930,0.51875
beta,adapter_1_block,0.8,70,20260930,0.84375
beta,adapter_1_block,0.8,1,20260931,0.8375
beta,adapter_1_block,0.8,2,20260931,0.875
beta,adapter_1_block,0.8,3,20260931,0.89375
beta,adapter_1_block,0.8,4,20260931,0.6625
beta,adapter_1_block,0.8,5,20260931,0.64375
beta,adapter_1_block,0.8,6,20260931,0.6875
beta,adapter_1_block,0.8,7,20260931,0.59375
beta,adapter_1_block,0.8,8,20260931,0.56875
beta,adapter_1_block,0.8,9,20260931,0.88125
beta,adapter_1_block,0.8,10,20260931,0.55625
beta,adapter_1_block,0.8,11,20260931,0.275
beta,adapter_1_block,0.8,12,20260931,0.8125
beta,adapter_1_block,0.8,13,20260931,0.8625
beta,adapter_1_block,0.8,14,20260931,0.39375
beta,adapter_1_block,0.8,15,20260931,0.675
beta,adapter_1_block,0.8,16,20260931,0.7125
beta,adapter_1_block,0.8,17,20260931,0.2375
beta,adapter_1_block,0.8,18,20260931,0.93125
beta,adapter_1_block,0.8,19,20260931,0.7875
beta,adapter_1_block,0.8,20,20260931,0.375
beta,adapter_1_block,0.8,21,20260931,0.64375
beta,adapter_1_block,0.8,22,20260931,0.78125
beta,adapter_1_block,0.8,23,20260931,0.875
beta,adapter_1_block,0.8,24,20260931,0.61875
beta,adapter_1_block,0.8,25,20260931,0.63125
beta,adapter_1_block,0.8,26,20260931,0.5125
beta,adapter_1_block,0.8,27,20260931,0.80625
beta,adapter_1_block,0.8,28,20260931,0.79375
beta,adapter_1_block,0.8,29,20260931,0.76875
beta,adapter_1_block,0.8,30,20260931,0.65625
beta,adapter_1_block,0.8,31,20260931,0.49375
beta,adapter_1_block,0.8,32,20260931,0.23125
beta,adapter_1_block,0.8,33,20260931,0.4625
beta,adapter_1_block,0.8,34,20260931,0.89375
beta,adapter_1_block,0.8,35,20260931,0.71875
beta,adapter_1_block,0.8,36,20260931,0.9125
beta,adapter_1_block,0.8,37,20260931,0.9625
beta,adapter_1_block,0.8,38,20260931,0.43125
beta,adapter_1_block,0.8,39,20260931,0.70625
beta,adapter_1_block,0.8,40,20260931,0.575
beta,adapter_1_block,0.8,41,20260931,0.31875
beta,adapter_1_block,0.8,42,20260931,0.63125
beta,adapter_1_block,0.8,43,20260931,0.6125
beta,adapter_1_block,0.8,44,20260931,0.4125
beta,adapter_1_block,0.8,45,20260931,0.4375
beta,adapter_1_block,0.8,46,20260931,0.6875
beta,adapter_1_block,0.8,47,20260931,0.3875
beta,adapter_1_block,0.8,48,20260931,0.6125
beta,adapter_1_block,0.8,49,20260931,0.8125
beta,adapter_1_block,0.8,50,20260931,0.45625
beta,adapter_1_block,0.8,51,20260931,0.6125
beta,adapter_1_block,0.8,52,20260931,0.84375
beta,adapter_1_block,0.8,53,20260931,0.8
beta,adapter_1_block,0.8,54,20260931,0.65
beta,adapter_1_block,0.8,55,20260931,0.39375
beta,adapter_1_block,0.8,56,20260931,0.8625
beta,adapter_1_block,0.8,57,20260931,0.88125
beta,adapter_1_block,0.8,58,20260931,0.69375
beta,adapter_1_block,0.8,59,20260931,0.3875
beta,adapter_1_block,0.8,60,20260931,0.55625
beta,adapter_1_block,0.8,61,20260931,0.35625
beta,adapter_1_block,0.8,62,20260931,0.8
beta,adapter_1_block,0.8,63,20260931,0.9375
beta,adapter_1_block,0.8,64,20260931,0.775
beta,adapter_1_block,0.8,65,20260931,0.25
beta,adapter_1_block,0.8,66,20260931,0.84375
beta,adapter_1_block,0.8,67,20260931,0.8625
beta,adapter_1_block,0.8,68,20260931,0.475
beta,adapter_1_block,0.8,69,20260931,0.49375
beta,adapter_1_block,0.8,70,20260931,0.8375
beta,adapter_1_block,1.2,1,20260929,0.94375
beta,adapter_1_block,1.2,2,20260929,0.94375
beta,adapter_1_block,1.2,3,20260929,0.9625
beta,adapter_1_block,1.2,4,20260929,0.80625
beta,adapter_1_block,1.2,5,20260929,0.825
beta,adapter_1_block,1.2,6,20260929,0.8375
beta,adapter_1_block,1.2,7,20260929,0.76875
beta,adapter_1_block,1.2,8,20260929,0.79375
beta,adapter_1_block,1.2,9,20260929,0.96875
beta,adapter_1_block,1.2,10,20260929,0.70625
beta,adapter_1_block,1.2,11,20260929,0.40625
beta,adapter_1_block,1.2,12,20260929,0.94375
beta,adapter_1_block,1.2,13,20260929,0.95
beta,adapter_1_block,1.2,14,20260929,0.6
beta,adapter_1_block,1.2,15,20260929,0.79375
beta,adapter_1_block,1.2,16,20260929,0.83125
beta,adapter_1_block,1.2,17,20260929,0.3
beta,adapter_1_block,1.2,18,20260929,0.99375
beta,adapter_1_block,1.2,19,20260929,0.8625
beta,adapter_1_block,1.2,20,20260929,0.55
beta,adapter_1_block,1.2,21,20260929,0.89375
beta,adapter_1_block,1.2,22,20260929,0.89375
beta,adapter_1_block,1.2,23,20260929,0.96875
beta,adapter_1_block,1.2,24,20260929,0.7625
beta,adapter_1_block,1.2,25,20260929,0.76875
beta,adapter_1_block,1.2,26,20260929,0.65
beta,adapter_1_block,1.2,27,20260929,0.9
beta,adapter_1_block,1.2,28,20260929,0.8875
beta,adapter_1_block,1.2,29,20260929,0.9125
beta,adapter_1_block,1.2,30,20260929,0.83125
beta,adapter_1_block,1.2,31,20260929,0.60625
beta,adapter_1_block,1.2,32,20260929,0.325
beta,adapter_1_block,1.2,33,20260929,0.6375
beta,adapter_1_block,1.2,34,20260929,0.95
beta,adapter_1_block,1.2,35,20260929,0.8625
beta,adapter_1_block,1.2,36,20260929,0.9875
beta,adapter_1_block,1.2,37,20260929,0.99375
beta,adapter_1_block,1.2,38,20260929,0.675
beta,adapter_1_block,1.2,39,20260929,0.8125
beta,adapter_1_block,1.2,40,20260929,0.75
beta,adapter_1_block,1.2,41,20260929,0.46875
beta,adapter_1_block,1.2,42,20260929,0.76875
beta,adapter_1_block,1.2,43,20260929,0.75
beta,adapter_1_block,1.2,44,20260929,0.525
beta,adapter_1_block,1.2,45,20260929,0.61875
beta,adapter_1_block,1.2,46,20260929,0.8375
beta,adapter_1_block,1.2,47,20260929,0.58125
beta,adapter_1_block,1.2,48,20260929,0.88125
beta,adapter_1_block,1.2,49,20260929,0.875
beta,adapter_1_block,1.2,50,20260929,0.6625
beta,adapter_1_block,1.2,51,20260929,0.7625
beta,adapter_1_block,1.2,52,20260929,0.9
beta,adapter_1_block,1.2,53,20260929,0.86875
beta,adapter_1_block,1.2,54,20260929,0.80625
beta,adapter_1_block,1.2,55,20260929,0.51875
beta,adapter_1_block,1.2,56,20260929,0.9375
beta,adapter_1_block,1.2,57,20260929,0.9125
beta,adapter_1_block,1.2,58,20260929,0.81875
beta,adapter_1_block,1.2,59,20260929,0.525
beta,adapter_1_block,1.2,60,20260929,0.725
beta,adapter_1_block,1.2,61,20260929,0.4875
beta,adapter_1_block,1.2,62,20260929,0.86875
beta,adapter_1_block,1.2,63,20260929,0.975
beta,adapter_1_block,1.2,64,20260929,0.9
beta,adapter_1_block,1.2,65,20260929,0.45
beta,adapter_1_block,1.2,66,20260929,0.91875
beta,adapter_1_block,1.2,67,20260929,0.925
beta,adapter_1_block,1.2,68,20260929,0.61875
beta,adapter_1_block,1.2,69,20260929,0.58125
beta,adapter_1_block,1.2,70,20260929,0.9
beta,adapter_1_block,1.2,1,20260930,0.95625
beta,adapter_1_block,1.2,2,20260930,0.9375
beta,adapter_1_block,1.2,3,20260930,0.95625
beta,adapter_1_block,1.2,4,20260930,0.83125
beta,adapter_1_block,1.2,5,20260930,0.825
beta,adapter_1_block,1.2,6,20260930,0.80625
beta,adapter_1_block,1.2,7,20260930,0.775
beta,adapter_1_block,1.2,8,20260930,0.73125
beta,adapter_1_block,1.2,9,20260930,0.975
beta,adapter_1_block,1.2,10,20260930,0.73125
beta,adapter_1_block,1.2,11,20260930,0.40625
beta,adapter_1_block,1.2,12,20260930,0.94375
beta,adapter_1_block,1.2,13,20260930,0.95625
beta,adapter_1_block,1.2,14,20260930,0.5875
beta,adapter_1_block,1.2,15,20260930,0.75
beta,adapter_1_block,1.2,16,20260930,0.85
beta,adapter_1_block,1.2,17,20260930,0.275
beta,adapter_1_block,1.2,18,20260930,1.0
beta,adapter_1_block,1.2,19,20260930,0.875
beta,adapter_1_block,1.2,20,20260930,0.525
beta,adapter_1_block,1.2,21,20260930,0.9
beta,adapter_1_block,1.2,22,20260930,0.9125
beta,adapter_1_block,1.2,23,20260930,0.94375
beta,adapter_1_block,1.2,24,20260930,0.78125
beta,adapter_1_block,1.2,25,20260930,0.76875
beta,adapter_1_block,1.2,26,20260930,0.65
beta,adapter_1_block,1.2,27,20260930,0.90625
beta,adapter_1_block,1.2,28,20260930,0.8875
beta,adapter_1_block,1.2,29,20260930,0.93125
beta,adapter_1_block,1.2,30,20260930,0.83125
beta,adapter_1_block,1.2,31,20260930,0.63125
beta,adapter_1_block,1.2,32,20260930,0.33125
beta,adapter_1_block,1.2,33,20260930,0.6375
beta,adapter_1_block,1.2,34,20260930,0.95
beta,adapter_1_block,1.2,35,20260930,0.825
beta,adapter_1_block,1.2,36,20260930,0.98125
beta,adapter_1_block,1.2,37,20260930,0.9875
beta,adapter_1_block,1.2,38,20260930,0.66875
beta,adapter_1_block,1.2,39,20260930,0.81875
beta,adapter_1_block,1.2,40,20260930,0.6625
beta,adapter_1_block,1.2,41,20260930,0.49375
beta,adapter_1_block,1.2,42,20260930,0.75
beta,adapter_1_block,1.2,43,20260930,0.7875
beta,adapter_1_block,1.2,44,20260930,0.50625
beta,adapter_1_block,1.2,45,20260930,0.59375
beta,adapter_1_block,1.2,46,20260930,0.78125
beta,adapter_1_block,1.2,47,20260930,0.575
beta,adapter_1_block,1.2,48,20260930,0.7625
beta,adapter_1_block,1.2,49,20260930,0.90625
beta,adapter_1_block,1.2,50,20260930,0.63125
beta,adapter_1_block,1.2,51,20260930,0.73125
beta,adapter_1_block,1.2,52,20260930,0.8875
beta,adapter_1_block,1.2,53,20260930,0.89375
beta,adapter_1_block,1.2,54,20260930,0.8125
beta,adapter_1_block,1.2,55,20260930,0.54375
beta,adapter_1_block,1.2,56,20260930,0.94375
beta,adapter_1_block,1.2,57,20260930,0.93125
beta,adapter_1_block,1.2,58,20260930,0.84375
beta,adapter_1_block,1.2,59,20260930,0.53125
beta,adapter_1_block,1.2,60,20260930,0.73125
beta,adapter_1_block,1.2,61,20260930,0.5
beta,adapter_1_block,1.2,62,20260930,0.8625
beta,adapter_1_block,1.2,63,20260930,0.9625
beta,adapter_1_block,1.2,64,20260930,0.89375
beta,adapter_1_block,1.2,65,20260930,0.4
beta,adapter_1_block,1.2,66,20260930,0.90625
beta,adapter_1_block,1.2,67,20260930,0.95625
beta,adapter_1_block,1.2,68,20260930,0.53125
beta,adapter_1_block,1.2,69,20260930,0.58125
beta,adapter_1_block,1.2,70,20260930,0.9125
beta,adapter_1_block,1.2,1,20260931,0.9375
beta,adapter_1_block,1.2,2,20260931,0.9375
beta,adapter_1_block,1.2,3,20260931,0.95
beta,adapter_1_block,1.2,4,20260931,0.8125
beta,adapter_1_block,1.2,5,20260931,0.85
beta,adapter_1_block,1.2,6,20260931,0.825
beta,adapter_1_block,1.2,7,20260931,0.79375
beta,adapter_1_block,1.2,8,20260931,0.7625
beta,adapter_1_block,1.2,9,20260931,0.975
beta,adapter_1_block,1.2,10,20260931,0.71875
beta,adapter_1_block,1.2,11,20260931,0.39375
beta,adapter_1_block,1.2,12,20260931,0.93125
beta,adapter_1_block,1.2,13,20260931,0.95625
beta,adapter_1_block,1.2,14,20260931,0.51875
beta,adapter_1_block,1.2,15,20260931,0.7875
beta,adapter_1_block,1.2,16,20260931,0.85625
beta,adapter_1_block,1.2,17,20260931,0.30625
beta,adapter_1_block,1.2,18,20260931,1.0
beta,adapter_1_block,1.2,19,20260931,0.8625
beta,adapter_1_block,1.2,20,20260931,0.4875
beta,adapter_1_block,1.2,21,20260931,0.89375
beta,adapter_1_block,1.2,22,20260931,0.925
beta,adapter_1_block,1.2,23,20260931,0.95625
beta,adapter_1_block,1.2,24,20260931,0.8125
beta,adapter_1_block,1.2,25,20260931,0.78125
beta,adapter_1_block,1.2,26,20260931,0.64375
beta,adapter_1_block,1.2,27,20260931,0.90625
beta,adapter_1_block,1.2,28,20260931,0.88125
beta,adapter_1_block,1.2,29,20260931,0.9
beta,adapter_1_block,1.2,30,20260931,0.83125
beta,adapter_1_block,1.2,31,20260931,0.66875
beta,adapter_1_block,1.2,32,20260931,0.38125
beta,adapter_1_block,1.2,33,20260931,0.65
beta,adapter_1_block,1.2,34,20260931,0.925
beta,adapter_1_block,1.2,35,20260931,0.78125
beta,adapter_1_block,1.2,36,20260931,0.95625
beta,adapter_1_block,1.2,37,20260931,0.98125
beta,adapter_1_block,1.2,38,20260931,0.68125
beta,adapter_1_block,1.2,39,20260931,0.775
beta,adapter_1_block,1.2,40,20260931,0.7125
beta,adapter_1_block,1.2,41,20260931,0.4875
beta,adapter_1_block,1.2,42,20260931,0.775
beta,adapter_1_block,1.2,43,20260931,0.68125
beta,adapter_1_block,1.2,44,20260931,0.55
beta,adapter_1_block,1.2,45,20260931,0.61875
beta,adapter_1_block,1.2,46,20260931,0.8125
beta,adapter_1_block,1.2,47,20260931,0.58125
beta,adapter_1_block,1.2,48,20260931,0.875
beta,adapter_1_block,1.2,49,20260931,0.89375
beta,adapter_1_block,1.2,50,20260931,0.55625
beta,adapter_1_block,1.2,51,20260931,0.7875
beta,adapter_1_block,1.2,52,20260931,0.93125
beta,adapter_1_block,1.2,53,20260931,0.8875
beta,adapter_1_block,1.2,54,20260931,0.8125
beta,adapter_1_block,1.2,55,20260931,0.51875
beta,adapter_1_block,1.2,56,20260931,0.9375
beta,adapter_1_block,1.2,57,20260931,0.94375
beta,adapter_1_block,1.2,58,20260931,0.83125
beta,adapter_1_block,1.2,59,20260931,0.475
beta,adapter_1_block,1.2,60,20260931,0.75
beta,adapter_1_block,1.2,61,20260931,0.49375
beta,adapter_1_block,1.2,62,20260931,0.88125
beta,adapter_1_block,1.2,63,20260931,0.95625
beta,adapter_1_block,1.2,64,20260931,0.85625
beta,adapter_1_block,1.2,65,20260931,0.39375
beta,adapter_1_block,1.2,66,20260931,0.91875
beta,adapter_1_block,1.2,67,20260931,0.925
beta,adapter_1_block,1.2,68,20260931,0.65625
beta,adapter_1_block,1.2,69,20260931,0.5375
beta,adapter_1_block,1.2,70,20260931,0.8625
beta,adapter_2_blocks,0.4,1,20260929,0.64375
beta,adapter_2_blocks,0.4,2,20260929,0.6
beta,adapter_2_blocks,0.4,3,20260929,0.55
beta,adapter_2_blocks,0.4,4,20260929,0.25625
beta,adapter_2_blocks,0.4,5,20260929,0.24375
beta,adapter_2_blocks,0.4,6,20260929,0.2625
beta,adapter_2_blocks,0.4,7,20260929,0.1875
beta,adapter_2_blocks,0.4,8,20260929,0.25625
beta,adapter_2_blocks,0.4,9,20260929,0.6125
beta,adapter_2_blocks,0.4,10,20260929,0.2875
beta,adapter_2_blocks,0.4,11,20260929,0.1375
beta,adapter_2_blocks,0.4,12,20260929,0.53125
beta,adapter_2_blocks,0.4,13,20260929,0.56875
beta,adapter_2_blocks,0.4,14,20260929,0.15
beta,adapter_2_blocks,0.4,15,20260929,0.4
beta,adapter_2_blocks,0.4,16,20260929,0.41875
beta,adapter_2_blocks,0.4,17,20260929,0.0875
beta,adapter_2_blocks,0.4,18,20260929,0.6625
beta,adapter_2_blocks,0.4,19,20260929,0.44375
beta,adapter_2_blocks,0.4,20,20260929,0.1625
beta,adapter_2_blocks,0.4,21,20260929,0.46875
beta,adapter_2_blocks,0.4,22,20260929,0.4375
beta,adapter_2_blocks,0.4,23,20260929,0.35625
beta,adapter_2_blocks,0.4,24,20260929,0.325
beta,adapter_2_blocks,0.4,25,20260929,0.2375
beta,adapter_2_blocks,0.4,26,20260929,0.25
beta,adapter_2_blocks,0.4,27,20260929,0.43125
beta,adapter_2_blocks,0.4,28,20260929,0.5375
beta,adapter_2_blocks,0.4,29,20260929,0.3625
beta,adapter_2_blocks,0.4,30,20260929,0.40625
beta,adapter_2_blocks,0.4,31,20260929,0.23125
beta,adapter_2_blocks,0.4,32,20260929,0.1
beta,adapter_2_blocks,0.4,33,20260929,0.2375
beta,adapter_2_blocks,0.4,34,20260929,0.51875
beta,adapter_2_blocks,0.4,35,20260929,0.33125
beta,adapter_2_blocks,0.4,36,20260929,0.59375
beta,adapter_2_blocks,0.4,37,20260929,0.63125
beta,adapter_2_blocks,0.4,38,20260929,0.20625
beta,adapter_2_blocks,0.4,39,20260929,0.3375
beta,adapter_2_blocks,0.4,40,20260929,0.34375
beta,adapter_2_blocks,0.4,41,20260929,0.16875
beta,adapter_2_blocks,0.4,42,20260929,0.35
beta,adapter_2_blocks,0.4,43,20260929,0.3625
beta,adapter_2_blocks,0.4,44,20260929,0.225
beta,adapter_2_blocks,0.4,45,20260929,0.1875
beta,adapter_2_blocks,0.4,46,20260929,0.275
beta,adapter_2_blocks,0.4,47,20260929,0.15
beta,adapter_2_blocks,0.4,48,20260929,0.2
beta,adapter_2_blocks,0.4,49,20260929,0.4625
beta,adapter_2_blocks,0.4,50,20260929,0.20625
beta,adapter_2_blocks,0.4,51,20260929,0.325
beta,adapter_2_blocks,0.4,52,20260929,0.425
beta,adapter_2_blocks,0.4,53,20260929,0.5
beta,adapter_2_blocks,0.4,54,20260929,0.38125
beta,adapter_2_blocks,0.4,55,20260929,0.1875
beta,adapter_2_blocks,0.4,56,20260929,0.525
beta,adapter_2_blocks,0.4,57,20260929,0.375
beta,adapter_2_blocks,0.4,58,20260929,0.3875
beta,adapter_2_blocks,0.4,59,20260929,0.15625
beta,adapter_2_blocks,0.4,60,20260929,0.3
beta,adapter_2_blocks,0.4,61,20260929,0.225
beta,adapter_2_blocks,0.4,62,20260929,0.525
beta,adapter_2_blocks,0.4,63,20260929,0.64375
beta,adapter_2_blocks,0.4,64,20260929,0.4625
beta,adapter_2_blocks,0.4,65,20260929,0.1375
beta,adapter_2_blocks,0.4,66,20260929,0.61875
beta,adapter_2_blocks,0.4,67,20260929,0.6125
beta,adapter_2_blocks,0.4,68,20260929,0.2625
beta,adapter_2_blocks,0.4,69,20260929,0.175
beta,adapter_2_blocks,0.4,70,20260929,0.4875
beta,adapter_2_blocks,0.4,1,20260930,0.61875
beta,adapter_2_blocks,0.4,2,20260930,0.5625
beta,adapter_2_blocks,0.4,3,20260930,0.6
beta,adapter_2_blocks,0.4,4,20260930,0.225
beta,adapter_2_blocks,0.4,5,20260930,0.26875
beta,adapter_2_blocks,0.4,6,20260930,0.26875
beta,adapter_2_blocks,0.4,7,20260930,0.2125
beta,adapter_2_blocks,0.4,8,20260930,0.3125
beta,adapter_2_blocks,0.4,9,20260930,0.6375
beta,adapter_2_blocks,0.4,10,20260930,0.38125
beta,adapter_2_blocks,0.4,11,20260930,0.13125
beta,adapter_2_blocks,0.4,12,20260930,0.60625
beta,adapter_2_blocks,0.4,13,20260930,0.60625
beta,adapter_2_blocks,0.4,14,20260930,0.15
beta,adapter_2_blocks,0.4,15,20260930,0.40625
beta,adapter_2_blocks,0.4,16,20260930,0.41875
beta,adapter_2_blocks,0.4,17,20260930,0.1125
beta,adapter_2_blocks,0.4,18,20260930,0.6375
beta,adapter_2_blocks,0.4,19,20260930,0.4375
beta,adapter_2_blocks,0.4,20,20260930,0.15
beta,adapter_2_blocks,0.4,21,20260930,0.475
beta,adapter_2_blocks,0.4,22,20260930,0.45
beta,adapter_2_blocks,0.4,23,20260930,0.39375
beta,adapter_2_blocks,0.4,24,20260930,0.325
beta,adapter_2_blocks,0.4,25,20260930,0.3625
beta,adapter_2_blocks,0.4,26,20260930,0.21875
beta,adapter_2_blocks,0.4,27,20260930,0.4375
beta,adapter_2_blocks,0.4,28,20260930,0.48125
beta,adapter_2_blocks,0.4,29,20260930,0.34375
beta,adapter_2_blocks,0.4,30,20260930,0.425
beta,adapter_2_blocks,0.4,31,20260930,0.2625
beta,adapter_2_blocks,0.4,32,20260930,0.1125
beta,adapter_2_blocks,0.4,33,20260930,0.28125
beta,adapter_2_blocks,0.4,34,20260930,0.5125
beta,adapter_2_blocks,0.4,35,20260930,0.375
beta,adapter_2_blocks,0.4,36,20260930,0.64375
beta,adapter_2_blocks,0.4,37,20260930,0.70625
beta,adapter_2_blocks,0.4,38,20260930,0.19375
beta,adapter_2_blocks,0.4,39,20260930,0.35
beta,adapter_2_blocks,0.4,40,20260930,0.3
beta,adapter_2_blocks,0.4,41,20260930,0.16875
beta,adapter_2_blocks,0.4,42,20260930,0.30625
beta,adapter_2_blocks,0.4,43,20260930,0.29375
beta,adapter_2_blocks,0.4,44,20260930,0.2125
beta,adapter_2_blocks,0.4,45,20260930,0.20625
beta,adapter_2_blocks,0.4,46,20260930,0.29375
beta,adapter_2_blocks,0.4,47,20260930,0.13125
beta,adapter_2_blocks,0.4,48,20260930,0.275
beta,adapter_2_blocks,0.4,49,20260930,0.39375
beta,adapter_2_blocks,0.4,50,20260930,0.24375
beta,adapter_2_blocks,0.4,51,20260930,0.35
beta,adapter_2_blocks,0.4,52,20260930,0.425
beta,adapter_2_blocks,0.4,53,20260930,0.5
beta,adapter_2_blocks,0.4,54,20260930,0.375
beta,adapter_2_blocks,0.4,55,20260930,0.175
beta,adapter_2_blocks,0.4,56,20260930,0.59375
beta,adapter_2_blocks,0.4,57,20260930,0.35625
beta,adapter_2_blocks,0.4,58,20260930,0.3375
beta,adapter_2_blocks,0.4,59,20260930,0.125
beta,adapter_2_blocks,0.4,60,20260930,0.2875
beta,adapter_2_blocks,0.4,61,20260930,0.2
beta,adapter_2_blocks,0.4,62,20260930,0.51875
beta,adapter_2_blocks,0.4,63,20260930,0.66875
beta,adapter_2_blocks,0.4,64,20260930,0.475
beta,adapter_2_blocks,0.4,65,20260930,0.14375
beta,adapter_2_blocks,0.4,66,20260930,0.60625
beta,adapter_2_blocks,0.4,67,20260930,0.66875
beta,adapter_2_blocks,0.4,68,20260930,0.1625
beta,adapter_2_blocks,0.4,69,20260930,0.16875
beta,adapter_2_blocks,0.4,70,20260930,0.525
beta,adapter_2_blocks,0.4,1,20260931,0.6125
beta,adapter_2_blocks,0.4,2,20260931,0.5875
beta,adapter_2_blocks,0.4,3,20260931,0.625
beta,adapter_2_blocks,0.4,4,20260931,0.3375
beta,adapter_2_blocks,0.4,5,20260931,0.19375
beta,adapter_2_blocks,0.4,6,20260931,0.29375
beta,adapter_2_blocks,0.4,7,20260931,0.2375
beta,adapter_2_blocks,0.4,8,20260931,0.29375
beta,adapter_2_blocks,0.4,9,20260931,0.6625
beta,adapter_2_blocks,0.4,10,20260931,0.33125
beta,adapter_2_blocks,0.4,11,20260931,0.13125
beta,adapter_2_blocks,0.4,12,20260931,0.50625
beta,adapter_2_blocks,0.4,13,20260931,0.5625
beta,adapter_2_blocks,0.4,14,20260931,0.175
beta,adapter_2_blocks,0.4,15,20260931,0.425
beta,adapter_2_blocks,0.4,16,20260931,0.425
beta,adapter_2_blocks,0.4,17,20260931,0.10625
beta,adapter_2_blocks,0.4,18,20260931,0.6875
beta,adapter_2_blocks,0.4,19,20260931,0.43125
beta,adapter_2_blocks,0.4,20,20260931,0.125
beta,adapter_2_blocks,0.4,21,20260931,0.425
beta,adapter_2_blocks,0.4,22,20260931,0.45
beta,adapter_2_blocks,0.4,23,20260931,0.39375
beta,adapter_2_blocks,0.4,24,20260931,0.31875
beta,adapter_2_blocks,0.4,25,20260931,0.3125
beta,adapter_2_blocks,0.4,26,20260931,0.19375
beta,adapter_2_blocks,0.4,27,20260931,0.41875
beta,adapter_2_blocks,0.4,28,20260931,0.50625
beta,adapter_2_blocks,0.4,29,20260931,0.34375
beta,adapter_2_blocks,0.4,30,20260931,0.43125
beta,adapter_2_blocks,0.4,31,20260931,0.2125
beta,adapter_2_blocks,0.4,32,20260931,0.09375
beta,adapter_2_blocks,0.4,33,20260931,0.3125
beta,adapter_2_blocks,0.4,34,20260931,0.4875
beta,adapter_2_blocks,0.4,35,20260931,0.40625
beta,adapter_2_blocks,0.4,36,20260931,0.6125
beta,adapter_2_blocks,0.4,37,20260931,0.59375
beta,adapter_2_blocks,0.4,38,20260931,0.2
beta,adapter_2_blocks,0.4,39,20260931,0.3
beta,adapter_2_blocks,0.4,40,20260931,0.28125
beta,adapter_2_blocks,0.4,41,20260931,0.175
beta,adapter_2_blocks,0.4,42,20260931,0.2625
beta,adapter_2_blocks,0.4,43,20260931,0.29375
beta,adapter_2_blocks,0.4,44,20260931,0.21875
beta,adapter_2_blocks,0.4,45,20260931,0.1625
beta,adapter_2_blocks,0.4,46,20260931,0.275
beta,adapter_2_blocks,0.4,47,20260931,0.1625
beta,adapter_2_blocks,0.4,48,20260931,0.225
beta,adapter_2_blocks,0.4,49,20260931,0.4375
beta,adapter_2_blocks,0.4,50,20260931,0.28125
beta,adapter_2_blocks,0.4,51,20260931,0.3625
beta,adapter_2_blocks,0.4,52,20260931,0.4625
beta,adapter_2_blocks,0.4,53,20260931,0.56875
beta,adapter_2_blocks,0.4,54,20260931,0.44375
beta,adapter_2_blocks,0.4,55,20260931,0.20625
beta,adapter_2_blocks,0.4,56,20260931,0.56875
beta,adapter_2_blocks,0.4,57,20260931,0.36875
beta,adapter_2_blocks,0.4,58,20260931,0.34375
beta,adapter_2_blocks,0.4,59,20260931,0.13125
beta,adapter_2_blocks,0.4,60,20260931,0.30625
beta,adapter_2_blocks,0.4,61,20260931,0.19375
beta,adapter_2_blocks,0.4,62,20260931,0.45
beta,adapter_2_blocks,0.4,63,20260931,0.70625
beta,adapter_2_blocks,0.4,64,20260931,0.4375
beta,adapter_2_blocks,0.4,65,20260931,0.1
beta,adapter_2_blocks,0.4,66,20260931,0.58125
beta,adapter_2_blocks,0.4,67,20260931,0.64375
beta,adapter_2_blocks,0.4,68,20260931,0.2125
beta,adapter_2_blocks,0.4,69,20260931,0.19375
beta,adapter_2_blocks,0.4,70,20260931,0.54375
beta,adapter_2_blocks,0.8,1,20260929,0.88125
beta,adapter_2_blocks,0.8,2,20260929,0.89375
beta,adapter_2_blocks,0.8,3,20260929,0.90625
beta,adapter_2_blocks,0.8,4,20260929,0.70625
beta,adapter_2_blocks,0.8,5,20260929,0.725
beta,adapter_2_blocks,0.8,6,20260929,0.725
beta,adapter_2_blocks,0.8,7,20260929,0.51875
beta,adapter_2_blocks,0.8,8,20260929,0.64375
beta,adapter_2_blocks,0.8,9,20260929,0.88125
beta,adapter_2_blocks,0.8,10,20260929,0.60625
beta,adapter_2_blocks,0.8,11,20260929,0.30625
beta,adapter_2_blocks,0.8,12,20260929,0.825
beta,adapter_2_blocks,0.8,13,20260929,0.85625
beta,adapter_2_blocks,0.8,14,20260929,0.3875
beta,adapter_2_blocks,0.8,15,20260929,0.66875
beta,adapter_2_blocks,0.8,16,20260929,0.70625
beta,adapter_2_blocks,0.8,17,20260929,0.19375
beta,adapter_2_blocks,0.8,18,20260929,0.9375
beta,adapter_2_blocks,0.8,19,20260929,0.7375
beta,adapter_2_blocks,0.8,20,20260929,0.41875
beta,adapter_2_blocks,0.8,21,20260929,0.7
beta,adapter_2_blocks,0.8,22,20260929,0.75
beta,adapter_2_blocks,0.8,23,20260929,0.875
beta,adapter_2_blocks,0.8,24,20260929,0.6
beta,adapter_2_blocks,0.8,25,20260929,0.51875
beta,adapter_2_blocks,0.8,26,20260929,0.55625
beta,adapter_2_blocks,0.8,27,20260929,0.7875
beta,adapter_2_blocks,0.8,28,20260929,0.8
beta,adapter_2_blocks,0.8,29,20260929,0.85
beta,adapter_2_blocks,0.8,30,20260929,0.65625
beta,adapter_2_blocks,0.8,31,20260929,0.4625
beta,adapter_2_blocks,0.8,32,20260929,0.24375
beta,adapter_2_blocks,0.8,33,20260929,0.4875
beta,adapter_2_blocks,0.8,34,20260929,0.88125
beta,adapter_2_blocks,0.8,35,20260929,0.775
beta,adapter_2_blocks,0.8,36,20260929,0.9375
beta,adapter_2_blocks,0.8,37,20260929,0.95
beta,adapter_2_blocks,0.8,38,20260929,0.44375
beta,adapter_2_blocks,0.8,39,20260929,0.71875
beta,adapter_2_blocks,0.8,40,20260929,0.63125
beta,adapter_2_blocks,0.8,41,20260929,0.35625
beta,adapter_2_blocks,0.8,42,20260929,0.61875
beta,adapter_2_blocks,0.8,43,20260929,0.6625
beta,adapter_2_blocks,0.8,44,20260929,0.425
beta,adapter_2_blocks,0.8,45,20260929,0.48125
beta,adapter_2_blocks,0.8,46,20260929,0.64375
beta,adapter_2_blocks,0.8,47,20260929,0.3875
beta,adapter_2_blocks,0.8,48,20260929,0.56875
beta,adapter_2_blocks,0.8,49,20260929,0.81875
beta,adapter_2_blocks,0.8,50,20260929,0.4875
beta,adapter_2_blocks,0.8,51,20260929,0.625
beta,adapter_2_blocks,0.8,52,20260929,0.76875
beta,adapter_2_blocks,0.8,53,20260929,0.80625
beta,adapter_2_blocks,0.8,54,20260929,0.65625
beta,adapter_2_blocks,0.8,55,20260929,0.41875
beta,adapter_2_blocks,0.8,56,20260929,0.85
beta,adapter_2_blocks,0.8,57,20260929,0.825
beta,adapter_2_blocks,0.8,58,20260929,0.70625
beta,adapter_2_blocks,0.8,59,20260929,0.3625
beta,adapter_2_blocks,0.8,60,20260929,0.6125
beta,adapter_2_blocks,0.8,61,20260929,0.35
beta,adapter_2_blocks,0.8,62,20260929,0.825
beta,adapter_2_blocks,0.8,63,20260929,0.94375
beta,adapter_2_blocks,0.8,64,20260929,0.775
beta,adapter_2_blocks,0.8,65,20260929,0.26875
beta,adapter_2_blocks,0.8,66,20260929,0.85625
beta,adapter_2_blocks,0.8,67,20260929,0.9125
beta,adapter_2_blocks,0.8,68,20260929,0.46875
beta,adapter_2_blocks,0.8,69,20260929,0.51875
beta,adapter_2_blocks,0.8,70,20260929,0.88125
beta,adapter_2_blocks,0.8,1,20260930,0.89375
beta,adapter_2_blocks,0.8,2,20260930,0.9
beta,adapter_2_blocks,0.8,3,20260930,0.86875
beta,adapter_2_blocks,0.8,4,20260930,0.68125
beta,adapter_2_blocks,0.8,5,20260930,0.6375
beta,adapter_2_blocks,0.8,6,20260930,0.7
beta,adapter_2_blocks,0.8,7,20260930,0.63125
beta,adapter_2_blocks,0.8,8,20260930,0.625
beta,adapter_2_blocks,0.8,9,20260930,0.88125
beta,adapter_2_blocks,0.8,10,20260930,0.60625
beta,adapter_2_blocks,0.8,11,20260930,0.33125
beta,adapter_2_blocks,0.8,12,20260930,0.85
beta,adapter_2_blocks,0.8,13,20260930,0.89375
beta,adapter_2_blocks,0.8,14,20260930,0.41875
beta,adapter_2_blocks,0.8,15,20260930,0.70625
beta,adapter_2_blocks,0.8,16,20260930,0.725
beta,adapter_2_blocks,0.8,17,20260930,0.24375
beta,adapter_2_blocks,0.8,18,20260930,0.93125
beta,adapter_2_blocks,0.8,19,20260930,0.74375
beta,adapter_2_blocks,0.8,20,20260930,0.45625
beta,adapter_2_blocks,0.8,21,20260930,0.6875
beta,adapter_2_blocks,0.8,22,20260930,0.79375
beta,adapter_2_blocks,0.8,23,20260930,0.8625
beta,adapter_2_blocks,0.8,24,20260930,0.625
beta,adapter_2_blocks,0.8,25,20260930,0.61875
beta,adapter_2_blocks,0.8,26,20260930,0.525
beta,adapter_2_blocks,0.8,27,20260930,0.79375
beta,adapter_2_blocks,0.8,28,20260930,0.79375
beta,adapter_2_blocks,0.8,29,20260930,0.81875
beta,adapter_2_blocks,0.8,30,20260930,0.7625
beta,adapter_2_blocks,0.8,31,20260930,0.48125
beta,adapter_2_blocks,0.8,32,20260930,0.2625
beta,adapter_2_blocks,0.8,33,20260930,0.49375
beta,adapter_2_blocks,0.8,34,20260930,0.925
beta,adapter_2_blocks,0.8,35,20260930,0.7625
beta,adapter_2_blocks,0.8,36,20260930,0.925
beta,adapter_2_blocks,0.8,37,20260930,0.94375
beta,adapter_2_blocks,0.8,38,20260930,0.44375
beta,adapter_2_blocks,0.8,39,20260930,0.7125
beta,adapter_2_blocks,0.8,40,20260930,0.575
beta,adapter_2_blocks,0.8,41,20260930,0.30625
beta,adapter_2_blocks,0.8,42,20260930,0.60625
beta,adapter_2_blocks,0.8,43,20260930,0.61875
beta,adapter_2_blocks,0.8,44,20260930,0.425
beta,adapter_2_blocks,0.8,45,20260930,0.4875
beta,adapter_2_blocks,0.8,46,20260930,0.69375
beta,adapter_2_blocks,0.8,47,20260930,0.41875
beta,adapter_2_blocks,0.8,48,20260930,0.61875
beta,adapter_2_blocks,0.8,49,20260930,0.83125
beta,adapter_2_blocks,0.8,50,20260930,0.49375
beta,adapter_2_blocks,0.8,51,20260930,0.64375
beta,adapter_2_blocks,0.8,52,20260930,0.83125
beta,adapter_2_blocks,0.8,53,20260930,0.7875
beta,adapter_2_blocks,0.8,54,20260930,0.68125
beta,adapter_2_blocks,0.8,55,20260930,0.41875
beta,adapter_2_blocks,0.8,56,20260930,0.86875
beta,adapter_2_blocks,0.8,57,20260930,0.89375
beta,adapter_2_blocks,0.8,58,20260930,0.74375
beta,adapter_2_blocks,0.8,59,20260930,0.4
beta,adapter_2_blocks,0.8,60,20260930,0.625
beta,adapter_2_blocks,0.8,61,20260930,0.34375
beta,adapter_2_blocks,0.8,62,20260930,0.78125
beta,adapter_2_blocks,0.8,63,20260930,0.9375
beta,adapter_2_blocks,0.8,64,20260930,0.7875
beta,adapter_2_blocks,0.8,65,20260930,0.2125
beta,adapter_2_blocks,0.8,66,20260930,0.8625
beta,adapter_2_blocks,0.8,67,20260930,0.8875
beta,adapter_2_blocks,0.8,68,20260930,0.4
beta,adapter_2_blocks,0.8,69,20260930,0.525
beta,adapter_2_blocks,0.8,70,20260930,0.85
beta,adapter_2_blocks,0.8,1,20260931,0.90625
beta,adapter_2_blocks,0.8,2,20260931,0.9125
beta,adapter_2_blocks,0.8,3,20260931,0.90625
beta,adapter_2_blocks,0.8,4,20260931,0.68125
beta,adapter_2_blocks,0.8,5,20260931,0.63125
beta,adapter_2_blocks,0.8,6,20260931,0.70625
beta,adapter_2_blocks,0.8,7,20260931,0.63125
beta,adapter_2_blocks,0.8,8,20260931,0.58125
beta,adapter_2_blocks,0.8,9,20260931,0.89375
beta,adapter_2_blocks,0.8,10,20260931,0.58125
beta,adapter_2_blocks,0.8,11,20260931,0.3125
beta,adapter_2_blocks,0.8,12,20260931,0.83125
beta,adapter_2_blocks,0.8,13,20260931,0.86875
beta,adapter_2_blocks,0.8,14,20260931,0.34375
beta,adapter_2_blocks,0.8,15,20260931,0.66875
beta,adapter_2_blocks,0.8,16,20260931,0.6875
beta,adapter_2_blocks,0.8,17,20260931,0.23125
beta,adapter_2_blocks,0.8,18,20260931,0.93125
beta,adapter_2_blocks,0.8,19,20260931,0.79375
beta,adapter_2_blocks,0.8,20,20260931,0.43125
beta,adapter_2_blocks,0.8,21,20260931,0.7
beta,adapter_2_blocks,0.8,22,20260931,0.80625
beta,adapter_2_blocks,0.8,23,20260931,0.8875
beta,adapter_2_blocks,0.8,24,20260931,0.64375
beta,adapter_2_blocks,0.8,25,20260931,0.6625
beta,adapter_2_blocks,0.8,26,20260931,0.58125
beta,adapter_2_blocks,0.8,27,20260931,0.825
beta,adapter_2_blocks,0.8,28,20260931,0.8
beta,adapter_2_blocks,0.8,29,20260931,0.7875
beta,adapter_2_blocks,0.8,30,20260931,0.7
beta,adapter_2_blocks,0.8,31,20260931,0.49375
beta,adapter_2_blocks,0.8,32,20260931,0.26875
beta,adapter_2_blocks,0.8,33,20260931,0.525
beta,adapter_2_blocks,0.8,34,20260931,0.875
beta,adapter_2_blocks,0.8,35,20260931,0.75
beta,adapter_2_blocks,0.8,36,20260931,0.91875
beta,adapter_2_blocks,0.8,37,20260931,0.95625
beta,adapter_2_blocks,0.8,38,20260931,0.45
beta,adapter_2_blocks,0.8,39,20260931,0.66875
beta,adapter_2_blocks,0.8,40,20260931,0.6
beta,adapter_2_blocks,0.8,41,20260931,0.36875
beta,adapter_2_blocks,0.8,42,20260931,0.61875
beta,adapter_2_blocks,0.8,43,20260931,0.6375
beta,adapter_2_blocks,0.8,44,20260931,0.475
beta,adapter_2_blocks,0.8,45,20260931,0.43125
beta,adapter_2_blocks,0.8,46,20260931,0.65625
beta,adapter_2_blocks,0.8,47,20260931,0.39375
beta,adapter_2_blocks,0.8,48,20260931,0.65
beta,adapter_2_blocks,0.8,49,20260931,0.8375
beta,adapter_2_blocks,0.8,50,20260931,0.43125
beta,adapter_2_blocks,0.8,51,20260931,0.6375
beta,adapter_2_blocks,0.8,52,20260931,0.825
beta,adapter_2_blocks,0.8,53,20260931,0.8
beta,adapter_2_blocks,0.8,54,20260931,0.69375
beta,adapter_2_blocks,0.8,55,20260931,0.425
beta,adapter_2_blocks,0.8,56,20260931,0.875
beta,adapter_2_blocks,0.8,57,20260931,0.8875
beta,adapter_2_blocks,0.8,58,20260931,0.7125
beta,adapter_2_blocks,0.8,59,20260931,0.40625
beta,adapter_2_blocks,0.8,60,20260931,0.58125
beta,adapter_2_blocks,0.8,61,20260931,0.375
beta,adapter_2_blocks,0.8,62,20260931,0.79375
beta,adapter_2_blocks,0.8,63,20260931,0.9375
beta,adapter_2_blocks,0.8,64,20260931,0.76875
beta,adapter_2_blocks,0.8,65,20260931,0.2875
beta,adapter_2_blocks,0.8,66,20260931,0.84375
beta,adapter_2_blocks,0.8,67,20260931,0.88125
beta,adapter_2_blocks,0.8,68,20260931,0.5
beta,adapter_2_blocks,0.8,69,20260931,0.55
beta,adapter_2_blocks,0.8,70,20260931,0.85
beta,adapter_2_blocks,1.2,1,20260929,0.95625
beta,adapter_2_blocks,1.2,2,20260929,0.95
beta,adapter_2_blocks,1.2,3,20260929,0.96875
beta,adapter_2_blocks,1.2,4,20260929,0.8125
beta,adapter_2_blocks,1.2,5,20260929,0.89375
beta,adapter_2_blocks,1.2,6,20260929,0.825
beta,adapter_2_blocks,1.2,7,20260929,0.76875
beta,adapter_2_blocks,1.2,8,20260929,0.79375
beta,adapter_2_blocks,1.2,9,20260929,0.975
beta,adapter_2_blocks,1.2,10,20260929,0.725
beta,adapter_2_blocks,1.2,11,20260929,0.45625
beta,adapter_2_blocks,1.2,12,20260929,0.95625
beta,adapter_2_blocks,1.2,13,20260929,0.975
beta,adapter_2_blocks,1.2,14,20260929,0.5875
beta,adapter_2_blocks,1.2,15,20260929,0.79375
beta,adapter_2_blocks,1.2,16,20260929,0.85
beta,adapter_2_blocks,1.2,17,20260929,0.26875
beta,adapter_2_blocks,1.2,18,20260929,0.99375
beta,adapter_2_blocks,1.2,19,20260929,0.86875
beta,adapter_2_blocks,1.2,20,20260929,0.5625
beta,adapter_2_blocks,1.2,21,20260929,0.9
beta,adapter_2_blocks,1.2,22,20260929,0.9
beta,adapter_2_blocks,1.2,23,20260929,0.9625
beta,adapter_2_blocks,1.2,24,20260929,0.8125
beta,adapter_2_blocks,1.2,25,20260929,0.7875
beta,adapter_2_blocks,1.2,26,20260929,0.65625
beta,adapter_2_blocks,1.2,27,20260929,0.88125
beta,adapter_2_blocks,1.2,28,20260929,0.89375
beta,adapter_2_blocks,1.2,29,20260929,0.925
beta,adapter_2_blocks,1.2,30,20260929,0.8375
beta,adapter_2_blocks,1.2,31,20260929,0.65
beta,adapter_2_blocks,1.2,32,20260929,0.3875
beta,adapter_2_blocks,1.2,33,20260929,0.6875
beta,adapter_2_blocks,1.2,34,20260929,0.95
beta,adapter_2_blocks,1.2,35,20260929,0.86875
beta,adapter_2_blocks,1.2,36,20260929,0.9875
beta,adapter_2_blocks,1.2,37,20260929,0.99375
beta,adapter_2_blocks,1.2,38,20260929,0.70625
beta,adapter_2_blocks,1.2,39,20260929,0.80625
beta,adapter_2_blocks,1.2,40,20260929,0.775
beta,adapter_2_blocks,1.2,41,20260929,0.50625
beta,adapter_2_blocks,1.2,42,20260929,0.75
beta,adapter_2_blocks,1.2,43,20260929,0.76875
beta,adapter_2_blocks,1.2,44,20260929,0.55625
beta,adapter_2_blocks,1.2,45,20260929,0.6875
beta,adapter_2_blocks,1.2,46,20260929,0.8375
beta,adapter_2_blocks,1.2,47,20260929,0.60625
beta,adapter_2_blocks,1.2,48,20260929,0.85625
beta,adapter_2_blocks,1.2,49,20260929,0.89375
beta,adapter_2_blocks,1.2,50,20260929,0.7
beta,adapter_2_blocks,1.2,51,20260929,0.7875
beta,adapter_2_blocks,1.2,52,20260929,0.9
beta,adapter_2_blocks,1.2,53,20260929,0.88125
beta,adapter_2_blocks,1.2,54,20260929,0.79375
beta,adapter_2_blocks,1.2,55,20260929,0.55625
beta,adapter_2_blocks,1.2,56,20260929,0.95
beta,adapter_2_blocks,1.2,57,20260929,0.90625
beta,adapter_2_blocks,1.2,58,20260929,0.825
beta,adapter_2_blocks,1.2,59,20260929,0.51875
beta,adapter_2_blocks,1.2,60,20260929,0.70625
beta,adapter_2_blocks,1.2,61,20260929,0.51875
beta,adapter_2_blocks,1.2,62,20260929,0.86875
beta,adapter_2_blocks,1.2,63,20260929,0.975
beta,adapter_2_blocks,1.2,64,20260929,0.89375
beta,adapter_2_blocks,1.2,65,20260929,0.41875
beta,adapter_2_blocks,1.2,66,20260929,0.9125
beta,adapter_2_blocks,1.2,67,20260929,0.95625
beta,adapter_2_blocks,1.2,68,20260929,0.66875
beta,adapter_2_blocks,1.2,69,20260929,0.63125
beta,adapter_2_blocks,1.2,70,20260929,0.91875
beta,adapter_2_blocks,1.2,1,20260930,0.95625
beta,adapter_2_blocks,1.2,2,20260930,0.96875
beta,adapter_2_blocks,1.2,3,20260930,0.95
beta,adapter_2_blocks,1.2,4,20260930,0.84375
beta,adapter_2_blocks,1.2,5,20260930,0.8375
beta,adapter_2_blocks,1.2,6,20260930,0.79375
beta,adapter_2_blocks,1.2,7,20260930,0.79375
beta,adapter_2_blocks,1.2,8,20260930,0.8
beta,adapter_2_blocks,1.2,9,20260930,0.98125
beta,adapter_2_blocks,1.2,10,20260930,0.74375
beta,adapter_2_blocks,1.2,11,20260930,0.40625
beta,adapter_2_blocks,1.2,12,20260930,0.95625
beta,adapter_2_blocks,1.2,13,20260930,0.96875
beta,adapter_2_blocks,1.2,14,20260930,0.6
beta,adapter_2_blocks,1.2,15,20260930,0.76875
beta,adapter_2_blocks,1.2,16,20260930,0.85625
beta,adapter_2_blocks,1.2,17,20260930,0.34375
beta,adapter_2_blocks,1.2,18,20260930,1.0
beta,adapter_2_blocks,1.2,19,20260930,0.8625
beta,adapter_2_blocks,1.2,20,20260930,0.5375
beta,adapter_2_blocks,1.2,21,20260930,0.91875
beta,adapter_2_blocks,1.2,22,20260930,0.9125
beta,adapter_2_blocks,1.2,23,20260930,0.9375
beta,adapter_2_blocks,1.2,24,20260930,0.8125
beta,adapter_2_blocks,1.2,25,20260930,0.775
beta,adapter_2_blocks,1.2,26,20260930,0.6625
beta,adapter_2_blocks,1.2,27,20260930,0.8875
beta,adapter_2_blocks,1.2,28,20260930,0.88125
beta,adapter_2_blocks,1.2,29,20260930,0.9375
beta,adapter_2_blocks,1.2,30,20260930,0.8625
beta,adapter_2_blocks,1.2,31,20260930,0.65625
beta,adapter_2_blocks,1.2,32,20260930,0.38125
beta,adapter_2_blocks,1.2,33,20260930,0.6625
beta,adapter_2_blocks,1.2,34,20260930,0.95
beta,adapter_2_blocks,1.2,35,20260930,0.85625
beta,adapter_2_blocks,1.2,36,20260930,0.98125
beta,adapter_2_blocks,1.2,37,20260930,0.9875
beta,adapter_2_blocks,1.2,38,20260930,0.70625
beta,adapter_2_blocks,1.2,39,20260930,0.8125
beta,adapter_2_blocks,1.2,40,20260930,0.675
beta,adapter_2_blocks,1.2,41,20260930,0.5625
beta,adapter_2_blocks,1.2,42,20260930,0.75625
beta,adapter_2_blocks,1.2,43,20260930,0.74375
beta,adapter_2_blocks,1.2,44,20260930,0.51875
beta,adapter_2_blocks,1.2,45,20260930,0.65
beta,adapter_2_blocks,1.2,46,20260930,0.81875
beta,adapter_2_blocks,1.2,47,20260930,0.60625
beta,adapter_2_blocks,1.2,48,20260930,0.7875
beta,adapter_2_blocks,1.2,49,20260930,0.93125
beta,adapter_2_blocks,1.2,50,20260930,0.64375
beta,adapter_2_blocks,1.2,51,20260930,0.76875
beta,adapter_2_blocks,1.2,52,20260930,0.9
beta,adapter_2_blocks,1.2,53,20260930,0.88125
beta,adapter_2_blocks,1.2,54,20260930,0.8
beta,adapter_2_blocks,1.2,55,20260930,0.5375
beta,adapter_2_blocks,1.2,56,20260930,0.9375
beta,adapter_2_blocks,1.2,57,20260930,0.9375
beta,adapter_2_blocks,1.2,58,20260930,0.85
beta,adapter_2_blocks,1.2,59,20260930,0.49375
beta,adapter_2_blocks,1.2,60,20260930,0.73125
beta,adapter_2_blocks,1.2,61,20260930,0.48125
beta,adapter_2_blocks,1.2,62,20260930,0.8375
beta,adapter_2_blocks,1.2,63,20260930,0.975
beta,adapter_2_blocks,1.2,64,20260930,0.89375
beta,adapter_2_blocks,1.2,65,20260930,0.4
beta,adapter_2_blocks,1.2,66,20260930,0.9125
beta,adapter_2_blocks,1.2,67,20260930,0.95625
beta,adapter_2_blocks,1.2,68,20260930,0.60625
beta,adapter_2_blocks,1.2,69,20260930,0.6625
beta,adapter_2_blocks,1.2,70,20260930,0.90625
beta,adapter_2_blocks,1.2,1,20260931,0.96875
beta,adapter_2_blocks,1.2,2,20260931,0.95625
beta,adapter_2_blocks,1.2,3,20260931,0.95
beta,adapter_2_blocks,1.2,4,20260931,0.85
beta,adapter_2_blocks,1.2,5,20260931,0.85
beta,adapter_2_blocks,1.2,6,20260931,0.83125
beta,adapter_2_blocks,1.2,7,20260931,0.8125
beta,adapter_2_blocks,1.2,8,20260931,0.775
beta,adapter_2_blocks,1.2,9,20260931,0.95625
beta,adapter_2_blocks,1.2,10,20260931,0.7625
beta,adapter_2_blocks,1.2,11,20260931,0.375
beta,adapter_2_blocks,1.2,12,20260931,0.9375
beta,adapter_2_blocks,1.2,13,20260931,0.95
beta,adapter_2_blocks,1.2,14,20260931,0.50625
beta,adapter_2_blocks,1.2,15,20260931,0.775
beta,adapter_2_blocks,1.2,16,20260931,0.86875
beta,adapter_2_blocks,1.2,17,20260931,0.30625
beta,adapter_2_blocks,1.2,18,20260931,0.99375
beta,adapter_2_blocks,1.2,19,20260931,0.88125
beta,adapter_2_blocks,1.2,20,20260931,0.5
beta,adapter_2_blocks,1.2,21,20260931,0.925
beta,adapter_2_blocks,1.2,22,20260931,0.9375
beta,adapter_2_blocks,1.2,23,20260931,0.96875
beta,adapter_2_blocks,1.2,24,20260931,0.8125
beta,adapter_2_blocks,1.2,25,20260931,0.8
beta,adapter_2_blocks,1.2,26,20260931,0.68125
beta,adapter_2_blocks,1.2,27,20260931,0.9
beta,adapter_2_blocks,1.2,28,20260931,0.86875
beta,adapter_2_blocks,1.2,29,20260931,0.9
beta,adapter_2_blocks,1.2,30,20260931,0.85625
beta,adapter_2_blocks,1.2,31,20260931,0.675
beta,adapter_2_blocks,1.2,32,20260931,0.36875
beta,adapter_2_blocks,1.2,33,20260931,0.675
beta,adapter_2_blocks,1.2,34,20260931,0.925
beta,adapter_2_blocks,1.2,35,20260931,0.7875
beta,adapter_2_blocks,1.2,36,20260931,0.9625
beta,adapter_2_blocks,1.2,37,20260931,0.9875
beta,adapter_2_blocks,1.2,38,20260931,0.69375
beta,adapter_2_blocks,1.2,39,20260931,0.8
beta,adapter_2_blocks,1.2,40,20260931,0.7125
beta,adapter_2_blocks,1.2,41,20260931,0.475
beta,adapter_2_blocks,1.2,42,20260931,0.775
beta,adapter_2_blocks,1.2,43,20260931,0.70625
beta,adapter_2_blocks,1.2,44,20260931,0.56875
beta,adapter_2_blocks,1.2,45,20260931,0.625
beta,adapter_2_blocks,1.2,46,20260931,0.825
beta,adapter_2_blocks,1.2,47,20260931,0.5875
beta,adapter_2_blocks,1.2,48,20260931,0.8625
beta,adapter_2_blocks,1.2,49,20260931,0.9125
beta,adapter_2_blocks,1.2,50,20260931,0.60625
beta,adapter_2_blocks,1.2,51,20260931,0.79375
beta,adapter_2_blocks,1.2,52,20260931,0.91875
beta,adapter_2_blocks,1.2,53,20260931,0.86875
beta,adapter_2_blocks,1.2,54,20260931,0.81875
beta,adapter_2_blocks,1.2,55,20260931,0.5
beta,adapter_2_blocks,1.2,56,20260931,0.95625
beta,adapter_2_blocks,1.2,57,20260931,0.94375
beta,adapter_2_blocks,1.2,58,20260931,0.84375
beta,adapter_2_blocks,1.2,59,20260931,0.5375
beta,adapter_2_blocks,1.2,60,20260931,0.7375
beta,adapter_2_blocks,1.2,61,20260931,0.4875
beta,adapter_2_blocks,1.2,62,20260931,0.875
beta,adapter_2_blocks,1.2,63,20260931,0.95625
beta,adapter_2_blocks,1.2,64,20260931,0.88125
beta,adapter_2_blocks,1.2,65,20260931,0.4375
beta,adapter_2_blocks,1.2,66,20260931,0.9125
beta,adapter_2_blocks,1.2,67,20260931,0.9375
beta,adapter_2_blocks,1.2,68,20260931,0.7125
beta,adapter_2_blocks,1.2,69,20260931,0.58125
beta,adapter_2_blocks,1.2,70,20260931,0.8875
beta,trca_2_blocks,0.4,1,not_applicable,0.39375
beta,trca_2_blocks,0.4,2,not_applicable,0.5125
beta,trca_2_blocks,0.4,3,not_applicable,0.39375
beta,trca_2_blocks,0.4,4,not_applicable,0.08125
beta,trca_2_blocks,0.4,5,not_applicable,0.1375
beta,trca_2_blocks,0.4,6,not_applicable,0.2375
beta,trca_2_blocks,0.4,7,not_applicable,0.08125
beta,trca_2_blocks,0.4,8,not_applicable,0.10625
beta,trca_2_blocks,0.4,9,not_applicable,0.5
beta,trca_2_blocks,0.4,10,not_applicable,0.1625
beta,trca_2_blocks,0.4,11,not_applicable,0.06875
beta,trca_2_blocks,0.4,12,not_applicable,0.1625
beta,trca_2_blocks,0.4,13,not_applicable,0.25625
beta,trca_2_blocks,0.4,14,not_applicable,0.20625
beta,trca_2_blocks,0.4,15,not_applicable,0.14375
beta,trca_2_blocks,0.4,16,not_applicable,0.2125
beta,trca_2_blocks,0.4,17,not_applicable,0.03125
beta,trca_2_blocks,0.4,18,not_applicable,0.64375
beta,trca_2_blocks,0.4,19,not_applicable,0.2
beta,trca_2_blocks,0.4,20,not_applicable,0.1125
beta,trca_2_blocks,0.4,21,not_applicable,0.20625
beta,trca_2_blocks,0.4,22,not_applicable,0.23125
beta,trca_2_blocks,0.4,23,not_applicable,0.26875
beta,trca_2_blocks,0.4,24,not_applicable,0.2375
beta,trca_2_blocks,0.4,25,not_applicable,0.31875
beta,trca_2_blocks,0.4,26,not_applicable,0.05
beta,trca_2_blocks,0.4,27,not_applicable,0.14375
beta,trca_2_blocks,0.4,28,not_applicable,0.26875
beta,trca_2_blocks,0.4,29,not_applicable,0.1125
beta,trca_2_blocks,0.4,30,not_applicable,0.36875
beta,trca_2_blocks,0.4,31,not_applicable,0.05
beta,trca_2_blocks,0.4,32,not_applicable,0.0375
beta,trca_2_blocks,0.4,33,not_applicable,0.1
beta,trca_2_blocks,0.4,34,not_applicable,0.25
beta,trca_2_blocks,0.4,35,not_applicable,0.19375
beta,trca_2_blocks,0.4,36,not_applicable,0.16875
beta,trca_2_blocks,0.4,37,not_applicable,0.34375
beta,trca_2_blocks,0.4,38,not_applicable,0.01875
beta,trca_2_blocks,0.4,39,not_applicable,0.10625
beta,trca_2_blocks,0.4,40,not_applicable,0.1125
beta,trca_2_blocks,0.4,41,not_applicable,0.0375
beta,trca_2_blocks,0.4,42,not_applicable,0.25
beta,trca_2_blocks,0.4,43,not_applicable,0.0875
beta,trca_2_blocks,0.4,44,not_applicable,0.0375
beta,trca_2_blocks,0.4,45,not_applicable,0.0875
beta,trca_2_blocks,0.4,46,not_applicable,0.06875
beta,trca_2_blocks,0.4,47,not_applicable,0.0375
beta,trca_2_blocks,0.4,48,not_applicable,0.25
beta,trca_2_blocks,0.4,49,not_applicable,0.41875
beta,trca_2_blocks,0.4,50,not_applicable,0.10625
beta,trca_2_blocks,0.4,51,not_applicable,0.13125
beta,trca_2_blocks,0.4,52,not_applicable,0.11875
beta,trca_2_blocks,0.4,53,not_applicable,0.175
beta,trca_2_blocks,0.4,54,not_applicable,0.125
beta,trca_2_blocks,0.4,55,not_applicable,0.0625
beta,trca_2_blocks,0.4,56,not_applicable,0.3875
beta,trca_2_blocks,0.4,57,not_applicable,0.31875
beta,trca_2_blocks,0.4,58,not_applicable,0.29375
beta,trca_2_blocks,0.4,59,not_applicable,0.06875
beta,trca_2_blocks,0.4,60,not_applicable,0.14375
beta,trca_2_blocks,0.4,61,not_applicable,0.05
beta,trca_2_blocks,0.4,62,not_applicable,0.24375
beta,trca_2_blocks,0.4,63,not_applicable,0.375
beta,trca_2_blocks,0.4,64,not_applicable,0.11875
beta,trca_2_blocks,0.4,65,not_applicable,0.05625
beta,trca_2_blocks,0.4,66,not_applicable,0.2375
beta,trca_2_blocks,0.4,67,not_applicable,0.25
beta,trca_2_blocks,0.4,68,not_applicable,0.225
beta,trca_2_blocks,0.4,69,not_applicable,0.0625
beta,trca_2_blocks,0.4,70,not_applicable,0.21875
beta,trca_2_blocks,0.8,1,not_applicable,0.725
beta,trca_2_blocks,0.8,2,not_applicable,0.7375
beta,trca_2_blocks,0.8,3,not_applicable,0.68125
beta,trca_2_blocks,0.8,4,not_applicable,0.2375
beta,trca_2_blocks,0.8,5,not_applicable,0.2375
beta,trca_2_blocks,0.8,6,not_applicable,0.4875
beta,trca_2_blocks,0.8,7,not_applicable,0.15
beta,trca_2_blocks,0.8,8,not_applicable,0.2125
beta,trca_2_blocks,0.8,9,not_applicable,0.76875
beta,trca_2_blocks,0.8,10,not_applicable,0.26875
beta,trca_2_blocks,0.8,11,not_applicable,0.06875
beta,trca_2_blocks,0.8,12,not_applicable,0.5125
beta,trca_2_blocks,0.8,13,not_applicable,0.5
beta,trca_2_blocks,0.8,14,not_applicable,0.41875
beta,trca_2_blocks,0.8,15,not_applicable,0.28125
beta,trca_2_blocks,0.8,16,not_applicable,0.34375
beta,trca_2_blocks,0.8,17,not_applicable,0.0625
beta,trca_2_blocks,0.8,18,not_applicable,0.91875
beta,trca_2_blocks,0.8,19,not_applicable,0.4
beta,trca_2_blocks,0.8,20,not_applicable,0.1625
beta,trca_2_blocks,0.8,21,not_applicable,0.26875
beta,trca_2_blocks,0.8,22,not_applicable,0.50625
beta,trca_2_blocks,0.8,23,not_applicable,0.675
beta,trca_2_blocks,0.8,24,not_applicable,0.34375
beta,trca_2_blocks,0.8,25,not_applicable,0.50625
beta,trca_2_blocks,0.8,26,not_applicable,0.0625
beta,trca_2_blocks,0.8,27,not_applicable,0.225
beta,trca_2_blocks,0.8,28,not_applicable,0.4625
beta,trca_2_blocks,0.8,29,not_applicable,0.45
beta,trca_2_blocks,0.8,30,not_applicable,0.575
beta,trca_2_blocks,0.8,31,not_applicable,0.125
beta,trca_2_blocks,0.8,32,not_applicable,0.05
beta,trca_2_blocks,0.8,33,not_applicable,0.15
beta,trca_2_blocks,0.8,34,not_applicable,0.475
beta,trca_2_blocks,0.8,35,not_applicable,0.33125
beta,trca_2_blocks,0.8,36,not_applicable,0.425
beta,trca_2_blocks,0.8,37,not_applicable,0.7
beta,trca_2_blocks,0.8,38,not_applicable,0.06875
beta,trca_2_blocks,0.8,39,not_applicable,0.24375
beta,trca_2_blocks,0.8,40,not_applicable,0.21875
beta,trca_2_blocks,0.8,41,not_applicable,0.05625
beta,trca_2_blocks,0.8,42,not_applicable,0.40625
beta,trca_2_blocks,0.8,43,not_applicable,0.2125
beta,trca_2_blocks,0.8,44,not_applicable,0.05
beta,trca_2_blocks,0.8,45,not_applicable,0.125
beta,trca_2_blocks,0.8,46,not_applicable,0.1125
beta,trca_2_blocks,0.8,47,not_applicable,0.08125
beta,trca_2_blocks,0.8,48,not_applicable,0.525
beta,trca_2_blocks,0.8,49,not_applicable,0.63125
beta,trca_2_blocks,0.8,50,not_applicable,0.15
beta,trca_2_blocks,0.8,51,not_applicable,0.225
beta,trca_2_blocks,0.8,52,not_applicable,0.3125
beta,trca_2_blocks,0.8,53,not_applicable,0.31875
beta,trca_2_blocks,0.8,54,not_applicable,0.24375
beta,trca_2_blocks,0.8,55,not_applicable,0.06875
beta,trca_2_blocks,0.8,56,not_applicable,0.66875
beta,trca_2_blocks,0.8,57,not_applicable,0.76875
beta,trca_2_blocks,0.8,58,not_applicable,0.43125
beta,trca_2_blocks,0.8,59,not_applicable,0.09375
beta,trca_2_blocks,0.8,60,not_applicable,0.25
beta,trca_2_blocks,0.8,61,not_applicable,0.05625
beta,trca_2_blocks,0.8,62,not_applicable,0.45
beta,trca_2_blocks,0.8,63,not_applicable,0.61875
beta,trca_2_blocks,0.8,64,not_applicable,0.21875
beta,trca_2_blocks,0.8,65,not_applicable,0.025
beta,trca_2_blocks,0.8,66,not_applicable,0.45
beta,trca_2_blocks,0.8,67,not_applicable,0.60625
beta,trca_2_blocks,0.8,68,not_applicable,0.33125
beta,trca_2_blocks,0.8,69,not_applicable,0.19375
beta,trca_2_blocks,0.8,70,not_applicable,0.5
beta,trca_2_blocks,1.2,1,not_applicable,0.80625
beta,trca_2_blocks,1.2,2,not_applicable,0.8625
beta,trca_2_blocks,1.2,3,not_applicable,0.79375
beta,trca_2_blocks,1.2,4,not_applicable,0.45625
beta,trca_2_blocks,1.2,5,not_applicable,0.4375
beta,trca_2_blocks,1.2,6,not_applicable,0.51875
beta,trca_2_blocks,1.2,7,not_applicable,0.26875
beta,trca_2_blocks,1.2,8,not_applicable,0.41875
beta,trca_2_blocks,1.2,9,not_applicable,0.875
beta,trca_2_blocks,1.2,10,not_applicable,0.46875
beta,trca_2_blocks,1.2,11,not_applicable,0.1125
beta,trca_2_blocks,1.2,12,not_applicable,0.7375
beta,trca_2_blocks,1.2,13,not_applicable,0.675
beta,trca_2_blocks,1.2,14,not_applicable,0.63125
beta,trca_2_blocks,1.2,15,not_applicable,0.40625
beta,trca_2_blocks,1.2,16,not_applicable,0.54375
beta,trca_2_blocks,1.2,17,not_applicable,0.08125
beta,trca_2_blocks,1.2,18,not_applicable,0.98125
beta,trca_2_blocks,1.2,19,not_applicable,0.63125
beta,trca_2_blocks,1.2,20,not_applicable,0.2625
beta,trca_2_blocks,1.2,21,not_applicable,0.5
beta,trca_2_blocks,1.2,22,not_applicable,0.6125
beta,trca_2_blocks,1.2,23,not_applicable,0.90625
beta,trca_2_blocks,1.2,24,not_applicable,0.46875
beta,trca_2_blocks,1.2,25,not_applicable,0.6375
beta,trca_2_blocks,1.2,26,not_applicable,0.10625
beta,trca_2_blocks,1.2,27,not_applicable,0.31875
beta,trca_2_blocks,1.2,28,not_applicable,0.69375
beta,trca_2_blocks,1.2,29,not_applicable,0.7
beta,trca_2_blocks,1.2,30,not_applicable,0.73125
beta,trca_2_blocks,1.2,31,not_applicable,0.15625
beta,trca_2_blocks,1.2,32,not_applicable,0.10625
beta,trca_2_blocks,1.2,33,not_applicable,0.1875
beta,trca_2_blocks,1.2,34,not_applicable,0.675
beta,trca_2_blocks,1.2,35,not_applicable,0.45625
beta,trca_2_blocks,1.2,36,not_applicable,0.675
beta,trca_2_blocks,1.2,37,not_applicable,0.89375
beta,trca_2_blocks,1.2,38,not_applicable,0.1375
beta,trca_2_blocks,1.2,39,not_applicable,0.30625
beta,trca_2_blocks,1.2,40,not_applicable,0.30625
beta,trca_2_blocks,1.2,41,not_applicable,0.1625
beta,trca_2_blocks,1.2,42,not_applicable,0.56875
beta,trca_2_blocks,1.2,43,not_applicable,0.21875
beta,trca_2_blocks,1.2,44,not_applicable,0.0375
beta,trca_2_blocks,1.2,45,not_applicable,0.15625
beta,trca_2_blocks,1.2,46,not_applicable,0.225
beta,trca_2_blocks,1.2,47,not_applicable,0.1375
beta,trca_2_blocks,1.2,48,not_applicable,0.75
beta,trca_2_blocks,1.2,49,not_applicable,0.7875
beta,trca_2_blocks,1.2,50,not_applicable,0.1875
beta,trca_2_blocks,1.2,51,not_applicable,0.35625
beta,trca_2_blocks,1.2,52,not_applicable,0.475
beta,trca_2_blocks,1.2,53,not_applicable,0.3875
beta,trca_2_blocks,1.2,54,not_applicable,0.425
beta,trca_2_blocks,1.2,55,not_applicable,0.15
beta,trca_2_blocks,1.2,56,not_applicable,0.81875
beta,trca_2_blocks,1.2,57,not_applicable,0.86875
beta,trca_2_blocks,1.2,58,not_applicable,0.5875
beta,trca_2_blocks,1.2,59,not_applicable,0.20625
beta,trca_2_blocks,1.2,60,not_applicable,0.3625
beta,trca_2_blocks,1.2,61,not_applicable,0.06875
beta,trca_2_blocks,1.2,62,not_applicable,0.63125
beta,trca_2_blocks,1.2,63,not_applicable,0.79375
beta,trca_2_blocks,1.2,64,not_applicable,0.25
beta,trca_2_blocks,1.2,65,not_applicable,0.075
beta,trca_2_blocks,1.2,66,not_applicable,0.66875
beta,trca_2_blocks,1.2,67,not_applicable,0.74375
beta,trca_2_blocks,1.2,68,not_applicable,0.55
beta,trca_2_blocks,1.2,69,not_applicable,0.18125
beta,trca_2_blocks,1.2,70,not_applicable,0.69375
beta,etrca_2_blocks,0.4,1,not_applicable,0.74375
beta,etrca_2_blocks,0.4,2,not_applicable,0.75625
beta,etrca_2_blocks,0.4,3,not_applicable,0.6125
beta,etrca_2_blocks,0.4,4,not_applicable,0.29375
beta,etrca_2_blocks,0.4,5,not_applicable,0.24375
beta,etrca_2_blocks,0.4,6,not_applicable,0.55
beta,etrca_2_blocks,0.4,7,not_applicable,0.24375
beta,etrca_2_blocks,0.4,8,not_applicable,0.28125
beta,etrca_2_blocks,0.4,9,not_applicable,0.775
beta,etrca_2_blocks,0.4,10,not_applicable,0.2875
beta,etrca_2_blocks,0.4,11,not_applicable,0.0875
beta,etrca_2_blocks,0.4,12,not_applicable,0.5375
beta,etrca_2_blocks,0.4,13,not_applicable,0.56875
beta,etrca_2_blocks,0.4,14,not_applicable,0.45625
beta,etrca_2_blocks,0.4,15,not_applicable,0.28125
beta,etrca_2_blocks,0.4,16,not_applicable,0.34375
beta,etrca_2_blocks,0.4,17,not_applicable,0.05625
beta,etrca_2_blocks,0.4,18,not_applicable,0.78125
beta,etrca_2_blocks,0.4,19,not_applicable,0.53125
beta,etrca_2_blocks,0.4,20,not_applicable,0.225
beta,etrca_2_blocks,0.4,21,not_applicable,0.44375
beta,etrca_2_blocks,0.4,22,not_applicable,0.55625
beta,etrca_2_blocks,0.4,23,not_applicable,0.68125
beta,etrca_2_blocks,0.4,24,not_applicable,0.44375
beta,etrca_2_blocks,0.4,25,not_applicable,0.475
beta,etrca_2_blocks,0.4,26,not_applicable,0.10625
beta,etrca_2_blocks,0.4,27,not_applicable,0.2625
beta,etrca_2_blocks,0.4,28,not_applicable,0.40625
beta,etrca_2_blocks,0.4,29,not_applicable,0.34375
beta,etrca_2_blocks,0.4,30,not_applicable,0.625
beta,etrca_2_blocks,0.4,31,not_applicable,0.1125
beta,etrca_2_blocks,0.4,32,not_applicable,0.0875
beta,etrca_2_blocks,0.4,33,not_applicable,0.1125
beta,etrca_2_blocks,0.4,34,not_applicable,0.4625
beta,etrca_2_blocks,0.4,35,not_applicable,0.45
beta,etrca_2_blocks,0.4,36,not_applicable,0.48125
beta,etrca_2_blocks,0.4,37,not_applicable,0.575
beta,etrca_2_blocks,0.4,38,not_applicable,0.0625
beta,etrca_2_blocks,0.4,39,not_applicable,0.18125
beta,etrca_2_blocks,0.4,40,not_applicable,0.20625
beta,etrca_2_blocks,0.4,41,not_applicable,0.08125
beta,etrca_2_blocks,0.4,42,not_applicable,0.5
beta,etrca_2_blocks,0.4,43,not_applicable,0.19375
beta,etrca_2_blocks,0.4,44,not_applicable,0.0875
beta,etrca_2_blocks,0.4,45,not_applicable,0.175
beta,etrca_2_blocks,0.4,46,not_applicable,0.15
beta,etrca_2_blocks,0.4,47,not_applicable,0.075
beta,etrca_2_blocks,0.4,48,not_applicable,0.58125
beta,etrca_2_blocks,0.4,49,not_applicable,0.60625
beta,etrca_2_blocks,0.4,50,not_applicable,0.25625
beta,etrca_2_blocks,0.4,51,not_applicable,0.25625
beta,etrca_2_blocks,0.4,52,not_applicable,0.30625
beta,etrca_2_blocks,0.4,53,not_applicable,0.325
beta,etrca_2_blocks,0.4,54,not_applicable,0.29375
beta,etrca_2_blocks,0.4,55,not_applicable,0.08125
beta,etrca_2_blocks,0.4,56,not_applicable,0.6875
beta,etrca_2_blocks,0.4,57,not_applicable,0.675
beta,etrca_2_blocks,0.4,58,not_applicable,0.56875
beta,etrca_2_blocks,0.4,59,not_applicable,0.10625
beta,etrca_2_blocks,0.4,60,not_applicable,0.3125
beta,etrca_2_blocks,0.4,61,not_applicable,0.09375
beta,etrca_2_blocks,0.4,62,not_applicable,0.50625
beta,etrca_2_blocks,0.4,63,not_applicable,0.71875
beta,etrca_2_blocks,0.4,64,not_applicable,0.23125
beta,etrca_2_blocks,0.4,65,not_applicable,0.10625
beta,etrca_2_blocks,0.4,66,not_applicable,0.5
beta,etrca_2_blocks,0.4,67,not_applicable,0.71875
beta,etrca_2_blocks,0.4,68,not_applicable,0.5125
beta,etrca_2_blocks,0.4,69,not_applicable,0.18125
beta,etrca_2_blocks,0.4,70,not_applicable,0.49375
beta,etrca_2_blocks,0.8,1,not_applicable,0.9
beta,etrca_2_blocks,0.8,2,not_applicable,0.85
beta,etrca_2_blocks,0.8,3,not_applicable,0.81875
beta,etrca_2_blocks,0.8,4,not_applicable,0.53125
beta,etrca_2_blocks,0.8,5,not_applicable,0.51875
beta,etrca_2_blocks,0.8,6,not_applicable,0.75
beta,etrca_2_blocks,0.8,7,not_applicable,0.4375
beta,etrca_2_blocks,0.8,8,not_applicable,0.50625
beta,etrca_2_blocks,0.8,9,not_applicable,0.91875
beta,etrca_2_blocks,0.8,10,not_applicable,0.475
beta,etrca_2_blocks,0.8,11,not_applicable,0.10625
beta,etrca_2_blocks,0.8,12,not_applicable,0.75625
beta,etrca_2_blocks,0.8,13,not_applicable,0.84375
beta,etrca_2_blocks,0.8,14,not_applicable,0.73125
beta,etrca_2_blocks,0.8,15,not_applicable,0.53125
beta,etrca_2_blocks,0.8,16,not_applicable,0.60625
beta,etrca_2_blocks,0.8,17,not_applicable,0.09375
beta,etrca_2_blocks,0.8,18,not_applicable,0.94375
beta,etrca_2_blocks,0.8,19,not_applicable,0.775
beta,etrca_2_blocks,0.8,20,not_applicable,0.36875
beta,etrca_2_blocks,0.8,21,not_applicable,0.575
beta,etrca_2_blocks,0.8,22,not_applicable,0.75
beta,etrca_2_blocks,0.8,23,not_applicable,0.96875
beta,etrca_2_blocks,0.8,24,not_applicable,0.5875
beta,etrca_2_blocks,0.8,25,not_applicable,0.675
beta,etrca_2_blocks,0.8,26,not_applicable,0.15625
beta,etrca_2_blocks,0.8,27,not_applicable,0.4875
beta,etrca_2_blocks,0.8,28,not_applicable,0.61875
beta,etrca_2_blocks,0.8,29,not_applicable,0.7375
beta,etrca_2_blocks,0.8,30,not_applicable,0.7875
beta,etrca_2_blocks,0.8,31,not_applicable,0.24375
beta,etrca_2_blocks,0.8,32,not_applicable,0.1375
beta,etrca_2_blocks,0.8,33,not_applicable,0.25
beta,etrca_2_blocks,0.8,34,not_applicable,0.75625
beta,etrca_2_blocks,0.8,35,not_applicable,0.70625
beta,etrca_2_blocks,0.8,36,not_applicable,0.775
beta,etrca_2_blocks,0.8,37,not_applicable,0.85625
beta,etrca_2_blocks,0.8,38,not_applicable,0.1125
beta,etrca_2_blocks,0.8,39,not_applicable,0.4
beta,etrca_2_blocks,0.8,40,not_applicable,0.49375
beta,etrca_2_blocks,0.8,41,not_applicable,0.2125
beta,etrca_2_blocks,0.8,42,not_applicable,0.675
beta,etrca_2_blocks,0.8,43,not_applicable,0.43125
beta,etrca_2_blocks,0.8,44,not_applicable,0.15
beta,etrca_2_blocks,0.8,45,not_applicable,0.3375
beta,etrca_2_blocks,0.8,46,not_applicable,0.28125
beta,etrca_2_blocks,0.8,47,not_applicable,0.1625
beta,etrca_2_blocks,0.8,48,not_applicable,0.8375
beta,etrca_2_blocks,0.8,49,not_applicable,0.825
beta,etrca_2_blocks,0.8,50,not_applicable,0.325
beta,etrca_2_blocks,0.8,51,not_applicable,0.5
beta,etrca_2_blocks,0.8,52,not_applicable,0.5875
beta,etrca_2_blocks,0.8,53,not_applicable,0.65625
beta,etrca_2_blocks,0.8,54,not_applicable,0.4625
beta,etrca_2_blocks,0.8,55,not_applicable,0.18125
beta,etrca_2_blocks,0.8,56,not_applicable,0.8875
beta,etrca_2_blocks,0.8,57,not_applicable,0.8875
beta,etrca_2_blocks,0.8,58,not_applicable,0.7125
beta,etrca_2_blocks,0.8,59,not_applicable,0.21875
beta,etrca_2_blocks,0.8,60,not_applicable,0.5375
beta,etrca_2_blocks,0.8,61,not_applicable,0.0875
beta,etrca_2_blocks,0.8,62,not_applicable,0.675
beta,etrca_2_blocks,0.8,63,not_applicable,0.90625
beta,etrca_2_blocks,0.8,64,not_applicable,0.41875
beta,etrca_2_blocks,0.8,65,not_applicable,0.10625
beta,etrca_2_blocks,0.8,66,not_applicable,0.7
beta,etrca_2_blocks,0.8,67,not_applicable,0.875
beta,etrca_2_blocks,0.8,68,not_applicable,0.76875
beta,etrca_2_blocks,0.8,69,not_applicable,0.325
beta,etrca_2_blocks,0.8,70,not_applicable,0.76875
beta,etrca_2_blocks,1.2,1,not_applicable,0.9375
beta,etrca_2_blocks,1.2,2,not_applicable,0.93125
beta,etrca_2_blocks,1.2,3,not_applicable,0.8875
beta,etrca_2_blocks,1.2,4,not_applicable,0.7875
beta,etrca_2_blocks,1.2,5,not_applicable,0.8
beta,etrca_2_blocks,1.2,6,not_applicable,0.76875
beta,etrca_2_blocks,1.2,7,not_applicable,0.56875
beta,etrca_2_blocks,1.2,8,not_applicable,0.70625
beta,etrca_2_blocks,1.2,9,not_applicable,0.9625
beta,etrca_2_blocks,1.2,10,not_applicable,0.63125
beta,etrca_2_blocks,1.2,11,not_applicable,0.2125
beta,etrca_2_blocks,1.2,12,not_applicable,0.89375
beta,etrca_2_blocks,1.2,13,not_applicable,0.86875
beta,etrca_2_blocks,1.2,14,not_applicable,0.8375
beta,etrca_2_blocks,1.2,15,not_applicable,0.65625
beta,etrca_2_blocks,1.2,16,not_applicable,0.7875
beta,etrca_2_blocks,1.2,17,not_applicable,0.1125
beta,etrca_2_blocks,1.2,18,not_applicable,0.98125
beta,etrca_2_blocks,1.2,19,not_applicable,0.875
beta,etrca_2_blocks,1.2,20,not_applicable,0.5375
beta,etrca_2_blocks,1.2,21,not_applicable,0.76875
beta,etrca_2_blocks,1.2,22,not_applicable,0.88125
beta,etrca_2_blocks,1.2,23,not_applicable,0.9875
beta,etrca_2_blocks,1.2,24,not_applicable,0.7625
beta,etrca_2_blocks,1.2,25,not_applicable,0.8
beta,etrca_2_blocks,1.2,26,not_applicable,0.18125
beta,etrca_2_blocks,1.2,27,not_applicable,0.65
beta,etrca_2_blocks,1.2,28,not_applicable,0.8375
beta,etrca_2_blocks,1.2,29,not_applicable,0.88125
beta,etrca_2_blocks,1.2,30,not_applicable,0.91875
beta,etrca_2_blocks,1.2,31,not_applicable,0.325
beta,etrca_2_blocks,1.2,32,not_applicable,0.1875
beta,etrca_2_blocks,1.2,33,not_applicable,0.425
beta,etrca_2_blocks,1.2,34,not_applicable,0.9
beta,etrca_2_blocks,1.2,35,not_applicable,0.75625
beta,etrca_2_blocks,1.2,36,not_applicable,0.875
beta,etrca_2_blocks,1.2,37,not_applicable,0.9625
beta,etrca_2_blocks,1.2,38,not_applicable,0.2875
beta,etrca_2_blocks,1.2,39,not_applicable,0.61875
beta,etrca_2_blocks,1.2,40,not_applicable,0.6375
beta,etrca_2_blocks,1.2,41,not_applicable,0.31875
beta,etrca_2_blocks,1.2,42,not_applicable,0.75
beta,etrca_2_blocks,1.2,43,not_applicable,0.55625
beta,etrca_2_blocks,1.2,44,not_applicable,0.175
beta,etrca_2_blocks,1.2,45,not_applicable,0.4375
beta,etrca_2_blocks,1.2,46,not_applicable,0.49375
beta,etrca_2_blocks,1.2,47,not_applicable,0.24375
beta,etrca_2_blocks,1.2,48,not_applicable,0.9125
beta,etrca_2_blocks,1.2,49,not_applicable,0.88125
beta,etrca_2_blocks,1.2,50,not_applicable,0.4
beta,etrca_2_blocks,1.2,51,not_applicable,0.7
beta,etrca_2_blocks,1.2,52,not_applicable,0.7875
beta,etrca_2_blocks,1.2,53,not_applicable,0.7125
beta,etrca_2_blocks,1.2,54,not_applicable,0.73125
beta,etrca_2_blocks,1.2,55,not_applicable,0.24375
beta,etrca_2_blocks,1.2,56,not_applicable,0.93125
beta,etrca_2_blocks,1.2,57,not_applicable,0.925
beta,etrca_2_blocks,1.2,58,not_applicable,0.84375
beta,etrca_2_blocks,1.2,59,not_applicable,0.41875
beta,etrca_2_blocks,1.2,60,not_applicable,0.71875
beta,etrca_2_blocks,1.2,61,not_applicable,0.10625
beta,etrca_2_blocks,1.2,62,not_applicable,0.84375
beta,etrca_2_blocks,1.2,63,not_applicable,0.9625
beta,etrca_2_blocks,1.2,64,not_applicable,0.50625
beta,etrca_2_blocks,1.2,65,not_applicable,0.1625
beta,etrca_2_blocks,1.2,66,not_applicable,0.79375
beta,etrca_2_blocks,1.2,67,not_applicable,0.925
beta,etrca_2_blocks,1.2,68,not_applicable,0.8875
beta,etrca_2_blocks,1.2,69,not_applicable,0.40625
beta,etrca_2_blocks,1.2,70,not_applicable,0.85625
beta,tdca_2_blocks,0.4,1,not_applicable,0.5375
beta,tdca_2_blocks,0.4,2,not_applicable,0.70625
beta,tdca_2_blocks,0.4,3,not_applicable,0.53125
beta,tdca_2_blocks,0.4,4,not_applicable,0.41875
beta,tdca_2_blocks,0.4,5,not_applicable,0.33125
beta,tdca_2_blocks,0.4,6,not_applicable,0.4
beta,tdca_2_blocks,0.4,7,not_applicable,0.4
beta,tdca_2_blocks,0.4,8,not_applicable,0.2875
beta,tdca_2_blocks,0.4,9,not_applicable,0.65625
beta,tdca_2_blocks,0.4,10,not_applicable,0.2375
beta,tdca_2_blocks,0.4,11,not_applicable,0.04375
beta,tdca_2_blocks,0.4,12,not_applicable,0.54375
beta,tdca_2_blocks,0.4,13,not_applicable,0.3875
beta,tdca_2_blocks,0.4,14,not_applicable,0.275
beta,tdca_2_blocks,0.4,15,not_applicable,0.24375
beta,tdca_2_blocks,0.4,16,not_applicable,0.44375
beta,tdca_2_blocks,0.4,17,not_applicable,0.04375
beta,tdca_2_blocks,0.4,18,not_applicable,0.75625
beta,tdca_2_blocks,0.4,19,not_applicable,0.3375
beta,tdca_2_blocks,0.4,20,not_applicable,0.16875
beta,tdca_2_blocks,0.4,21,not_applicable,0.4375
beta,tdca_2_blocks,0.4,22,not_applicable,0.6375
beta,tdca_2_blocks,0.4,23,not_applicable,0.6125
beta,tdca_2_blocks,0.4,24,not_applicable,0.325
beta,tdca_2_blocks,0.4,25,not_applicable,0.41875
beta,tdca_2_blocks,0.4,26,not_applicable,0.09375
beta,tdca_2_blocks,0.4,27,not_applicable,0.2125
beta,tdca_2_blocks,0.4,28,not_applicable,0.39375
beta,tdca_2_blocks,0.4,29,not_applicable,0.30625
beta,tdca_2_blocks,0.4,30,not_applicable,0.58125
beta,tdca_2_blocks,0.4,31,not_applicable,0.13125
beta,tdca_2_blocks,0.4,32,not_applicable,0.08125
beta,tdca_2_blocks,0.4,33,not_applicable,0.15625
beta,tdca_2_blocks,0.4,34,not_applicable,0.375
beta,tdca_2_blocks,0.4,35,not_applicable,0.35625
beta,tdca_2_blocks,0.4,36,not_applicable,0.5125
beta,tdca_2_blocks,0.4,37,not_applicable,0.53125
beta,tdca_2_blocks,0.4,38,not_applicable,0.0625
beta,tdca_2_blocks,0.4,39,not_applicable,0.28125
beta,tdca_2_blocks,0.4,40,not_applicable,0.2375
beta,tdca_2_blocks,0.4,41,not_applicable,0.1
beta,tdca_2_blocks,0.4,42,not_applicable,0.4
beta,tdca_2_blocks,0.4,43,not_applicable,0.225
beta,tdca_2_blocks,0.4,44,not_applicable,0.0625
beta,tdca_2_blocks,0.4,45,not_applicable,0.2375
beta,tdca_2_blocks,0.4,46,not_applicable,0.2375
beta,tdca_2_blocks,0.4,47,not_applicable,0.075
beta,tdca_2_blocks,0.4,48,not_applicable,0.50625
beta,tdca_2_blocks,0.4,49,not_applicable,0.60625
beta,tdca_2_blocks,0.4,50,not_applicable,0.15625
beta,tdca_2_blocks,0.4,51,not_applicable,0.2875
beta,tdca_2_blocks,0.4,52,not_applicable,0.36875
beta,tdca_2_blocks,0.4,53,not_applicable,0.325
beta,tdca_2_blocks,0.4,54,not_applicable,0.225
beta,tdca_2_blocks,0.4,55,not_applicable,0.10625
beta,tdca_2_blocks,0.4,56,not_applicable,0.5375
beta,tdca_2_blocks,0.4,57,not_applicable,0.65
beta,tdca_2_blocks,0.4,58,not_applicable,0.5
beta,tdca_2_blocks,0.4,59,not_applicable,0.15625
beta,tdca_2_blocks,0.4,60,not_applicable,0.275
beta,tdca_2_blocks,0.4,61,not_applicable,0.0875
beta,tdca_2_blocks,0.4,62,not_applicable,0.45
beta,tdca_2_blocks,0.4,63,not_applicable,0.50625
beta,tdca_2_blocks,0.4,64,not_applicable,0.21875
beta,tdca_2_blocks,0.4,65,not_applicable,0.09375
beta,tdca_2_blocks,0.4,66,not_applicable,0.53125
beta,tdca_2_blocks,0.4,67,not_applicable,0.6625
beta,tdca_2_blocks,0.4,68,not_applicable,0.525
beta,tdca_2_blocks,0.4,69,not_applicable,0.475
beta,tdca_2_blocks,0.4,70,not_applicable,0.4125
beta,tdca_2_blocks,0.8,1,not_applicable,0.81875
beta,tdca_2_blocks,0.8,2,not_applicable,0.83125
beta,tdca_2_blocks,0.8,3,not_applicable,0.7875
beta,tdca_2_blocks,0.8,4,not_applicable,0.7125
beta,tdca_2_blocks,0.8,5,not_applicable,0.68125
beta,tdca_2_blocks,0.8,6,not_applicable,0.69375
beta,tdca_2_blocks,0.8,7,not_applicable,0.675
beta,tdca_2_blocks,0.8,8,not_applicable,0.5
beta,tdca_2_blocks,0.8,9,not_applicable,0.8375
beta,tdca_2_blocks,0.8,10,not_applicable,0.4625
beta,tdca_2_blocks,0.8,11,not_applicable,0.14375
beta,tdca_2_blocks,0.8,12,not_applicable,0.825
beta,tdca_2_blocks,0.8,13,not_applicable,0.6375
beta,tdca_2_blocks,0.8,14,not_applicable,0.55625
beta,tdca_2_blocks,0.8,15,not_applicable,0.41875
beta,tdca_2_blocks,0.8,16,not_applicable,0.63125
beta,tdca_2_blocks,0.8,17,not_applicable,0.125
beta,tdca_2_blocks,0.8,18,not_applicable,0.95
beta,tdca_2_blocks,0.8,19,not_applicable,0.61875
beta,tdca_2_blocks,0.8,20,not_applicable,0.50625
beta,tdca_2_blocks,0.8,21,not_applicable,0.6625
beta,tdca_2_blocks,0.8,22,not_applicable,0.825
beta,tdca_2_blocks,0.8,23,not_applicable,0.93125
beta,tdca_2_blocks,0.8,24,not_applicable,0.4375
beta,tdca_2_blocks,0.8,25,not_applicable,0.61875
beta,tdca_2_blocks,0.8,26,not_applicable,0.25
beta,tdca_2_blocks,0.8,27,not_applicable,0.4375
beta,tdca_2_blocks,0.8,28,not_applicable,0.6125
beta,tdca_2_blocks,0.8,29,not_applicable,0.6625
beta,tdca_2_blocks,0.8,30,not_applicable,0.79375
beta,tdca_2_blocks,0.8,31,not_applicable,0.4
beta,tdca_2_blocks,0.8,32,not_applicable,0.24375
beta,tdca_2_blocks,0.8,33,not_applicable,0.20625
beta,tdca_2_blocks,0.8,34,not_applicable,0.73125
beta,tdca_2_blocks,0.8,35,not_applicable,0.64375
beta,tdca_2_blocks,0.8,36,not_applicable,0.75625
beta,tdca_2_blocks,0.8,37,not_applicable,0.85625
beta,tdca_2_blocks,0.8,38,not_applicable,0.19375
beta,tdca_2_blocks,0.8,39,not_applicable,0.54375
beta,tdca_2_blocks,0.8,40,not_applicable,0.45625
beta,tdca_2_blocks,0.8,41,not_applicable,0.2625
beta,tdca_2_blocks,0.8,42,not_applicable,0.6625
beta,tdca_2_blocks,0.8,43,not_applicable,0.5
beta,tdca_2_blocks,0.8,44,not_applicable,0.125
beta,tdca_2_blocks,0.8,45,not_applicable,0.3
beta,tdca_2_blocks,0.8,46,not_applicable,0.53125
beta,tdca_2_blocks,0.8,47,not_applicable,0.19375
beta,tdca_2_blocks,0.8,48,not_applicable,0.83125
beta,tdca_2_blocks,0.8,49,not_applicable,0.83125
beta,tdca_2_blocks,0.8,50,not_applicable,0.2625
beta,tdca_2_blocks,0.8,51,not_applicable,0.475
beta,tdca_2_blocks,0.8,52,not_applicable,0.63125
beta,tdca_2_blocks,0.8,53,not_applicable,0.66875
beta,tdca_2_blocks,0.8,54,not_applicable,0.49375
beta,tdca_2_blocks,0.8,55,not_applicable,0.1875
beta,tdca_2_blocks,0.8,56,not_applicable,0.8
beta,tdca_2_blocks,0.8,57,not_applicable,0.89375
beta,tdca_2_blocks,0.8,58,not_applicable,0.69375
beta,tdca_2_blocks,0.8,59,not_applicable,0.35
beta,tdca_2_blocks,0.8,60,not_applicable,0.4875
beta,tdca_2_blocks,0.8,61,not_applicable,0.15
beta,tdca_2_blocks,0.8,62,not_applicable,0.7125
beta,tdca_2_blocks,0.8,63,not_applicable,0.73125
beta,tdca_2_blocks,0.8,64,not_applicable,0.45
beta,tdca_2_blocks,0.8,65,not_applicable,0.125
beta,tdca_2_blocks,0.8,66,not_applicable,0.675
beta,tdca_2_blocks,0.8,67,not_applicable,0.75625
beta,tdca_2_blocks,0.8,68,not_applicable,0.64375
beta,tdca_2_blocks,0.8,69,not_applicable,0.79375
beta,tdca_2_blocks,0.8,70,not_applicable,0.69375
beta,tdca_2_blocks,1.2,1,not_applicable,0.9375
beta,tdca_2_blocks,1.2,2,not_applicable,0.9
beta,tdca_2_blocks,1.2,3,not_applicable,0.9
beta,tdca_2_blocks,1.2,4,not_applicable,0.8125
beta,tdca_2_blocks,1.2,5,not_applicable,0.8625
beta,tdca_2_blocks,1.2,6,not_applicable,0.7625
beta,tdca_2_blocks,1.2,7,not_applicable,0.6875
beta,tdca_2_blocks,1.2,8,not_applicable,0.70625
beta,tdca_2_blocks,1.2,9,not_applicable,0.9375
beta,tdca_2_blocks,1.2,10,not_applicable,0.60625
beta,tdca_2_blocks,1.2,11,not_applicable,0.2875
beta,tdca_2_blocks,1.2,12,not_applicable,0.9125
beta,tdca_2_blocks,1.2,13,not_applicable,0.775
beta,tdca_2_blocks,1.2,14,not_applicable,0.7125
beta,tdca_2_blocks,1.2,15,not_applicable,0.65625
beta,tdca_2_blocks,1.2,16,not_applicable,0.825
beta,tdca_2_blocks,1.2,17,not_applicable,0.175
beta,tdca_2_blocks,1.2,18,not_applicable,0.9875
beta,tdca_2_blocks,1.2,19,not_applicable,0.8
beta,tdca_2_blocks,1.2,20,not_applicable,0.65
beta,tdca_2_blocks,1.2,21,not_applicable,0.8
beta,tdca_2_blocks,1.2,22,not_applicable,0.9
beta,tdca_2_blocks,1.2,23,not_applicable,0.9875
beta,tdca_2_blocks,1.2,24,not_applicable,0.63125
beta,tdca_2_blocks,1.2,25,not_applicable,0.7875
beta,tdca_2_blocks,1.2,26,not_applicable,0.2875
beta,tdca_2_blocks,1.2,27,not_applicable,0.675
beta,tdca_2_blocks,1.2,28,not_applicable,0.85
beta,tdca_2_blocks,1.2,29,not_applicable,0.8875
beta,tdca_2_blocks,1.2,30,not_applicable,0.93125
beta,tdca_2_blocks,1.2,31,not_applicable,0.55
beta,tdca_2_blocks,1.2,32,not_applicable,0.4
beta,tdca_2_blocks,1.2,33,not_applicable,0.40625
beta,tdca_2_blocks,1.2,34,not_applicable,0.8125
beta,tdca_2_blocks,1.2,35,not_applicable,0.7875
beta,tdca_2_blocks,1.2,36,not_applicable,0.89375
beta,tdca_2_blocks,1.2,37,not_applicable,0.95625
beta,tdca_2_blocks,1.2,38,not_applicable,0.4875
beta,tdca_2_blocks,1.2,39,not_applicable,0.675
beta,tdca_2_blocks,1.2,40,not_applicable,0.6125
beta,tdca_2_blocks,1.2,41,not_applicable,0.49375
beta,tdca_2_blocks,1.2,42,not_applicable,0.79375
beta,tdca_2_blocks,1.2,43,not_applicable,0.5875
beta,tdca_2_blocks,1.2,44,not_applicable,0.19375
beta,tdca_2_blocks,1.2,45,not_applicable,0.4625
beta,tdca_2_blocks,1.2,46,not_applicable,0.79375
beta,tdca_2_blocks,1.2,47,not_applicable,0.36875
beta,tdca_2_blocks,1.2,48,not_applicable,0.9125
beta,tdca_2_blocks,1.2,49,not_applicable,0.9
beta,tdca_2_blocks,1.2,50,not_applicable,0.3625
beta,tdca_2_blocks,1.2,51,not_applicable,0.71875
beta,tdca_2_blocks,1.2,52,not_applicable,0.7875
beta,tdca_2_blocks,1.2,53,not_applicable,0.8125
beta,tdca_2_blocks,1.2,54,not_applicable,0.725
beta,tdca_2_blocks,1.2,55,not_applicable,0.2625
beta,tdca_2_blocks,1.2,56,not_applicable,0.88125
beta,tdca_2_blocks,1.2,57,not_applicable,0.94375
beta,tdca_2_blocks,1.2,58,not_applicable,0.7625
beta,tdca_2_blocks,1.2,59,not_applicable,0.525
beta,tdca_2_blocks,1.2,60,not_applicable,0.74375
beta,tdca_2_blocks,1.2,61,not_applicable,0.20625
beta,tdca_2_blocks,1.2,62,not_applicable,0.85
beta,tdca_2_blocks,1.2,63,not_applicable,0.84375
beta,tdca_2_blocks,1.2,64,not_applicable,0.625
beta,tdca_2_blocks,1.2,65,not_applicable,0.25
beta,tdca_2_blocks,1.2,66,not_applicable,0.8
beta,tdca_2_blocks,1.2,67,not_applicable,0.8625
beta,tdca_2_blocks,1.2,68,not_applicable,0.83125
beta,tdca_2_blocks,1.2,69,not_applicable,0.86875
beta,tdca_2_blocks,1.2,70,not_applicable,0.85625
