dataset,condition,window_s,participant,seed,balanced_accuracy
wearable,dry_to_dry,0.4,1,20260929,0.10833333333333335
wearable,dry_to_dry,0.4,2,20260929,0.12500000000000003
wearable,dry_to_dry,0.4,3,20260929,0.26666666666666666
wearable,dry_to_dry,0.4,4,20260929,0.44166666666666665
wearable,dry_to_dry,0.4,5,20260929,0.3499999999999999
wearable,dry_to_dry,0.4,6,20260929,0.15833333333333333
wearable,dry_to_dry,0.4,7,20260929,0.20833333333333337
wearable,dry_to_dry,0.4,8,20260929,0.3666666666666667
wearable,dry_to_dry,0.4,9,20260929,0.10833333333333334
wearable,dry_to_dry,0.4,10,20260929,0.20833333333333334
wearable,dry_to_dry,0.4,11,20260929,0.28333333333333327
wearable,dry_to_dry,0.4,12,20260929,0.2166666666666667
wearable,dry_to_dry,0.4,13,20260929,0.375
wearable,dry_to_dry,0.4,14,20260929,0.275
wearable,dry_to_dry,0.4,15,20260929,0.23333333333333336
wearable,dry_to_dry,0.4,16,20260929,0.22499999999999995
wearable,dry_to_dry,0.4,17,20260929,0.3416666666666666
wearable,dry_to_dry,0.4,18,20260929,0.2833333333333334
wearable,dry_to_dry,0.4,19,20260929,0.375
wearable,dry_to_dry,0.4,20,20260929,0.20833333333333334
wearable,dry_to_dry,0.4,21,20260929,0.20833333333333334
wearable,dry_to_dry,0.4,22,20260929,0.12500000000000003
wearable,dry_to_dry,0.4,23,20260929,0.7583333333333333
wearable,dry_to_dry,0.4,24,20260929,0.44166666666666665
wearable,dry_to_dry,0.4,25,20260929,0.14166666666666666
wearable,dry_to_dry,0.4,26,20260929,0.2833333333333333
wearable,dry_to_dry,0.4,27,20260929,0.06666666666666667
wearable,dry_to_dry,0.4,28,20260929,0.325
wearable,dry_to_dry,0.4,29,20260929,0.45833333333333326
wearable,dry_to_dry,0.4,30,20260929,0.4166666666666667
wearable,dry_to_dry,0.4,31,20260929,0.4166666666666667
wearable,dry_to_dry,0.4,32,20260929,0.2333333333333333
wearable,dry_to_dry,0.4,33,20260929,0.17500000000000002
wearable,dry_to_dry,0.4,34,20260929,0.24166666666666667
wearable,dry_to_dry,0.4,35,20260929,0.1416666666666667
wearable,dry_to_dry,0.4,36,20260929,0.20833333333333334
wearable,dry_to_dry,0.4,37,20260929,0.25
wearable,dry_to_dry,0.4,38,20260929,0.775
wearable,dry_to_dry,0.4,39,20260929,0.20833333333333337
wearable,dry_to_dry,0.4,40,20260929,0.30833333333333335
wearable,dry_to_dry,0.4,41,20260929,0.3333333333333333
wearable,dry_to_dry,0.4,42,20260929,0.18333333333333335
wearable,dry_to_dry,0.4,43,20260929,0.13333333333333333
wearable,dry_to_dry,0.4,44,20260929,0.125
wearable,dry_to_dry,0.4,45,20260929,0.125
wearable,dry_to_dry,0.4,46,20260929,0.17499999999999996
wearable,dry_to_dry,0.4,47,20260929,0.09999999999999999
wearable,dry_to_dry,0.4,48,20260929,0.24999999999999997
wearable,dry_to_dry,0.4,49,20260929,0.11666666666666668
wearable,dry_to_dry,0.4,50,20260929,0.21666666666666667
wearable,dry_to_dry,0.4,51,20260929,0.20833333333333334
wearable,dry_to_dry,0.4,52,20260929,0.5166666666666666
wearable,dry_to_dry,0.4,53,20260929,0.5
wearable,dry_to_dry,0.4,54,20260929,0.4583333333333333
wearable,dry_to_dry,0.4,55,20260929,0.17500000000000002
wearable,dry_to_dry,0.4,56,20260929,0.2833333333333334
wearable,dry_to_dry,0.4,57,20260929,0.15000000000000002
wearable,dry_to_dry,0.4,58,20260929,0.39999999999999997
wearable,dry_to_dry,0.4,59,20260929,0.05833333333333334
wearable,dry_to_dry,0.4,60,20260929,0.125
wearable,dry_to_dry,0.4,61,20260929,0.325
wearable,dry_to_dry,0.4,62,20260929,0.43333333333333335
wearable,dry_to_dry,0.4,63,20260929,0.19166666666666668
wearable,dry_to_dry,0.4,64,20260929,0.11666666666666665
wearable,dry_to_dry,0.4,65,20260929,0.1666666666666667
wearable,dry_to_dry,0.4,66,20260929,0.2916666666666667
wearable,dry_to_dry,0.4,67,20260929,0.09166666666666667
wearable,dry_to_dry,0.4,68,20260929,0.5
wearable,dry_to_dry,0.4,69,20260929,0.8583333333333334
wearable,dry_to_dry,0.4,70,20260929,0.23333333333333336
wearable,dry_to_dry,0.4,71,20260929,0.20833333333333334
wearable,dry_to_dry,0.4,72,20260929,0.29166666666666663
wearable,dry_to_dry,0.4,73,20260929,0.15833333333333335
wearable,dry_to_dry,0.4,74,20260929,0.15
wearable,dry_to_dry,0.4,75,20260929,0.15833333333333333
wearable,dry_to_dry,0.4,76,20260929,0.10000000000000002
wearable,dry_to_dry,0.4,77,20260929,0.3333333333333333
wearable,dry_to_dry,0.4,78,20260929,0.09166666666666666
wearable,dry_to_dry,0.4,79,20260929,0.4083333333333334
wearable,dry_to_dry,0.4,80,20260929,0.275
wearable,dry_to_dry,0.4,81,20260929,0.3
wearable,dry_to_dry,0.4,82,20260929,0.3416666666666666
wearable,dry_to_dry,0.4,83,20260929,0.275
wearable,dry_to_dry,0.4,84,20260929,0.5083333333333334
wearable,dry_to_dry,0.4,85,20260929,0.2833333333333333
wearable,dry_to_dry,0.4,86,20260929,0.2583333333333333
wearable,dry_to_dry,0.4,87,20260929,0.44166666666666665
wearable,dry_to_dry,0.4,88,20260929,0.21666666666666665
wearable,dry_to_dry,0.4,89,20260929,0.3833333333333333
wearable,dry_to_dry,0.4,90,20260929,0.12500000000000003
wearable,dry_to_dry,0.4,91,20260929,0.26666666666666666
wearable,dry_to_dry,0.4,92,20260929,0.36666666666666664
wearable,dry_to_dry,0.4,93,20260929,0.275
wearable,dry_to_dry,0.4,94,20260929,0.25
wearable,dry_to_dry,0.4,95,20260929,0.20000000000000004
wearable,dry_to_dry,0.4,96,20260929,0.20000000000000004
wearable,dry_to_dry,0.4,97,20260929,0.125
wearable,dry_to_dry,0.4,98,20260929,0.5249999999999999
wearable,dry_to_dry,0.4,99,20260929,0.4416666666666667
wearable,dry_to_dry,0.4,100,20260929,0.43333333333333335
wearable,dry_to_dry,0.4,101,20260929,0.3166666666666667
wearable,dry_to_dry,0.4,102,20260929,0.5083333333333333
wearable,dry_to_dry,0.4,1,20260930,0.1166666666666667
wearable,dry_to_dry,0.4,2,20260930,0.12500000000000003
wearable,dry_to_dry,0.4,3,20260930,0.2833333333333334
wearable,dry_to_dry,0.4,4,20260930,0.39999999999999997
wearable,dry_to_dry,0.4,5,20260930,0.34166666666666673
wearable,dry_to_dry,0.4,6,20260930,0.15833333333333335
wearable,dry_to_dry,0.4,7,20260930,0.30833333333333335
wearable,dry_to_dry,0.4,8,20260930,0.28333333333333327
wearable,dry_to_dry,0.4,9,20260930,0.10833333333333335
wearable,dry_to_dry,0.4,10,20260930,0.22499999999999998
wearable,dry_to_dry,0.4,11,20260930,0.36666666666666664
wearable,dry_to_dry,0.4,12,20260930,0.18333333333333335
wearable,dry_to_dry,0.4,13,20260930,0.3166666666666666
wearable,dry_to_dry,0.4,14,20260930,0.275
wearable,dry_to_dry,0.4,15,20260930,0.18333333333333335
wearable,dry_to_dry,0.4,16,20260930,0.19166666666666668
wearable,dry_to_dry,0.4,17,20260930,0.2833333333333333
wearable,dry_to_dry,0.4,18,20260930,0.2833333333333334
wearable,dry_to_dry,0.4,19,20260930,0.425
wearable,dry_to_dry,0.4,20,20260930,0.225
wearable,dry_to_dry,0.4,21,20260930,0.19166666666666665
wearable,dry_to_dry,0.4,22,20260930,0.125
wearable,dry_to_dry,0.4,23,20260930,0.7583333333333334
wearable,dry_to_dry,0.4,24,20260930,0.49999999999999994
wearable,dry_to_dry,0.4,25,20260930,0.13333333333333333
wearable,dry_to_dry,0.4,26,20260930,0.2333333333333333
wearable,dry_to_dry,0.4,27,20260930,0.11666666666666668
wearable,dry_to_dry,0.4,28,20260930,0.2583333333333333
wearable,dry_to_dry,0.4,29,20260930,0.43333333333333335
wearable,dry_to_dry,0.4,30,20260930,0.42500000000000004
wearable,dry_to_dry,0.4,31,20260930,0.4166666666666666
wearable,dry_to_dry,0.4,32,20260930,0.225
wearable,dry_to_dry,0.4,33,20260930,0.2333333333333333
wearable,dry_to_dry,0.4,34,20260930,0.24166666666666667
wearable,dry_to_dry,0.4,35,20260930,0.09166666666666666
wearable,dry_to_dry,0.4,36,20260930,0.21666666666666665
wearable,dry_to_dry,0.4,37,20260930,0.29166666666666663
wearable,dry_to_dry,0.4,38,20260930,0.7416666666666667
wearable,dry_to_dry,0.4,39,20260930,0.16666666666666666
wearable,dry_to_dry,0.4,40,20260930,0.25833333333333336
wearable,dry_to_dry,0.4,41,20260930,0.3416666666666666
wearable,dry_to_dry,0.4,42,20260930,0.21666666666666665
wearable,dry_to_dry,0.4,43,20260930,0.16666666666666666
wearable,dry_to_dry,0.4,44,20260930,0.05833333333333333
wearable,dry_to_dry,0.4,45,20260930,0.10000000000000002
wearable,dry_to_dry,0.4,46,20260930,0.19999999999999998
wearable,dry_to_dry,0.4,47,20260930,0.06666666666666667
wearable,dry_to_dry,0.4,48,20260930,0.19166666666666665
wearable,dry_to_dry,0.4,49,20260930,0.09166666666666667
wearable,dry_to_dry,0.4,50,20260930,0.2666666666666667
wearable,dry_to_dry,0.4,51,20260930,0.21666666666666665
wearable,dry_to_dry,0.4,52,20260930,0.44999999999999996
wearable,dry_to_dry,0.4,53,20260930,0.49166666666666664
wearable,dry_to_dry,0.4,54,20260930,0.45833333333333326
wearable,dry_to_dry,0.4,55,20260930,0.21666666666666667
wearable,dry_to_dry,0.4,56,20260930,0.20833333333333337
wearable,dry_to_dry,0.4,57,20260930,0.19166666666666668
wearable,dry_to_dry,0.4,58,20260930,0.2833333333333334
wearable,dry_to_dry,0.4,59,20260930,0.03333333333333333
wearable,dry_to_dry,0.4,60,20260930,0.10833333333333334
wearable,dry_to_dry,0.4,61,20260930,0.3333333333333333
wearable,dry_to_dry,0.4,62,20260930,0.40833333333333327
wearable,dry_to_dry,0.4,63,20260930,0.16666666666666666
wearable,dry_to_dry,0.4,64,20260930,0.06666666666666667
wearable,dry_to_dry,0.4,65,20260930,0.21666666666666667
wearable,dry_to_dry,0.4,66,20260930,0.25833333333333336
wearable,dry_to_dry,0.4,67,20260930,0.10000000000000002
wearable,dry_to_dry,0.4,68,20260930,0.44166666666666665
wearable,dry_to_dry,0.4,69,20260930,0.8916666666666667
wearable,dry_to_dry,0.4,70,20260930,0.20833333333333337
wearable,dry_to_dry,0.4,71,20260930,0.24166666666666667
wearable,dry_to_dry,0.4,72,20260930,0.25833333333333336
wearable,dry_to_dry,0.4,73,20260930,0.15833333333333335
wearable,dry_to_dry,0.4,74,20260930,0.20000000000000004
wearable,dry_to_dry,0.4,75,20260930,0.15
wearable,dry_to_dry,0.4,76,20260930,0.11666666666666665
wearable,dry_to_dry,0.4,77,20260930,0.3166666666666667
wearable,dry_to_dry,0.4,78,20260930,0.05833333333333333
wearable,dry_to_dry,0.4,79,20260930,0.4333333333333333
wearable,dry_to_dry,0.4,80,20260930,0.2916666666666667
wearable,dry_to_dry,0.4,81,20260930,0.29166666666666663
wearable,dry_to_dry,0.4,82,20260930,0.35000000000000003
wearable,dry_to_dry,0.4,83,20260930,0.2833333333333334
wearable,dry_to_dry,0.4,84,20260930,0.48333333333333334
wearable,dry_to_dry,0.4,85,20260930,0.25833333333333336
wearable,dry_to_dry,0.4,86,20260930,0.325
wearable,dry_to_dry,0.4,87,20260930,0.4166666666666667
wearable,dry_to_dry,0.4,88,20260930,0.25
wearable,dry_to_dry,0.4,89,20260930,0.27499999999999997
wearable,dry_to_dry,0.4,90,20260930,0.18333333333333335
wearable,dry_to_dry,0.4,91,20260930,0.3166666666666667
wearable,dry_to_dry,0.4,92,20260930,0.375
wearable,dry_to_dry,0.4,93,20260930,0.26666666666666666
wearable,dry_to_dry,0.4,94,20260930,0.19999999999999998
wearable,dry_to_dry,0.4,95,20260930,0.20833333333333337
wearable,dry_to_dry,0.4,96,20260930,0.15000000000000002
wearable,dry_to_dry,0.4,97,20260930,0.15833333333333335
wearable,dry_to_dry,0.4,98,20260930,0.49166666666666664
wearable,dry_to_dry,0.4,99,20260930,0.3416666666666666
wearable,dry_to_dry,0.4,100,20260930,0.45
wearable,dry_to_dry,0.4,101,20260930,0.375
wearable,dry_to_dry,0.4,102,20260930,0.45
wearable,dry_to_dry,0.4,1,20260931,0.13333333333333333
wearable,dry_to_dry,0.4,2,20260931,0.11666666666666668
wearable,dry_to_dry,0.4,3,20260931,0.30833333333333335
wearable,dry_to_dry,0.4,4,20260931,0.4416666666666667
wearable,dry_to_dry,0.4,5,20260931,0.3499999999999999
wearable,dry_to_dry,0.4,6,20260931,0.125
wearable,dry_to_dry,0.4,7,20260931,0.25833333333333336
wearable,dry_to_dry,0.4,8,20260931,0.3
wearable,dry_to_dry,0.4,9,20260931,0.12500000000000003
wearable,dry_to_dry,0.4,10,20260931,0.275
wearable,dry_to_dry,0.4,11,20260931,0.3833333333333333
wearable,dry_to_dry,0.4,12,20260931,0.325
wearable,dry_to_dry,0.4,13,20260931,0.36666666666666664
wearable,dry_to_dry,0.4,14,20260931,0.2416666666666666
wearable,dry_to_dry,0.4,15,20260931,0.20833333333333334
wearable,dry_to_dry,0.4,16,20260931,0.20000000000000004
wearable,dry_to_dry,0.4,17,20260931,0.30833333333333335
wearable,dry_to_dry,0.4,18,20260931,0.25
wearable,dry_to_dry,0.4,19,20260931,0.4916666666666667
wearable,dry_to_dry,0.4,20,20260931,0.2833333333333334
wearable,dry_to_dry,0.4,21,20260931,0.19999999999999998
wearable,dry_to_dry,0.4,22,20260931,0.11666666666666668
wearable,dry_to_dry,0.4,23,20260931,0.7166666666666668
wearable,dry_to_dry,0.4,24,20260931,0.5166666666666666
wearable,dry_to_dry,0.4,25,20260931,0.14166666666666666
wearable,dry_to_dry,0.4,26,20260931,0.3333333333333333
wearable,dry_to_dry,0.4,27,20260931,0.125
wearable,dry_to_dry,0.4,28,20260931,0.27499999999999997
wearable,dry_to_dry,0.4,29,20260931,0.43333333333333335
wearable,dry_to_dry,0.4,30,20260931,0.40833333333333327
wearable,dry_to_dry,0.4,31,20260931,0.4583333333333333
wearable,dry_to_dry,0.4,32,20260931,0.19166666666666668
wearable,dry_to_dry,0.4,33,20260931,0.24166666666666667
wearable,dry_to_dry,0.4,34,20260931,0.22499999999999998
wearable,dry_to_dry,0.4,35,20260931,0.14166666666666666
wearable,dry_to_dry,0.4,36,20260931,0.22500000000000006
wearable,dry_to_dry,0.4,37,20260931,0.19999999999999998
wearable,dry_to_dry,0.4,38,20260931,0.7916666666666666
wearable,dry_to_dry,0.4,39,20260931,0.19166666666666668
wearable,dry_to_dry,0.4,40,20260931,0.27499999999999997
wearable,dry_to_dry,0.4,41,20260931,0.3416666666666666
wearable,dry_to_dry,0.4,42,20260931,0.18333333333333338
wearable,dry_to_dry,0.4,43,20260931,0.20833333333333334
wearable,dry_to_dry,0.4,44,20260931,0.10833333333333334
wearable,dry_to_dry,0.4,45,20260931,0.10833333333333334
wearable,dry_to_dry,0.4,46,20260931,0.17500000000000002
wearable,dry_to_dry,0.4,47,20260931,0.11666666666666668
wearable,dry_to_dry,0.4,48,20260931,0.20833333333333334
wearable,dry_to_dry,0.4,49,20260931,0.07500000000000001
wearable,dry_to_dry,0.4,50,20260931,0.19999999999999998
wearable,dry_to_dry,0.4,51,20260931,0.26666666666666666
wearable,dry_to_dry,0.4,52,20260931,0.5666666666666667
wearable,dry_to_dry,0.4,53,20260931,0.4666666666666666
wearable,dry_to_dry,0.4,54,20260931,0.4333333333333333
wearable,dry_to_dry,0.4,55,20260931,0.21666666666666665
wearable,dry_to_dry,0.4,56,20260931,0.26666666666666666
wearable,dry_to_dry,0.4,57,20260931,0.19166666666666665
wearable,dry_to_dry,0.4,58,20260931,0.3166666666666667
wearable,dry_to_dry,0.4,59,20260931,0.05833333333333333
wearable,dry_to_dry,0.4,60,20260931,0.05833333333333334
wearable,dry_to_dry,0.4,61,20260931,0.3833333333333333
wearable,dry_to_dry,0.4,62,20260931,0.39166666666666666
wearable,dry_to_dry,0.4,63,20260931,0.15833333333333335
wearable,dry_to_dry,0.4,64,20260931,0.10833333333333334
wearable,dry_to_dry,0.4,65,20260931,0.19999999999999998
wearable,dry_to_dry,0.4,66,20260931,0.26666666666666666
wearable,dry_to_dry,0.4,67,20260931,0.10000000000000002
wearable,dry_to_dry,0.4,68,20260931,0.4749999999999999
wearable,dry_to_dry,0.4,69,20260931,0.8500000000000001
wearable,dry_to_dry,0.4,70,20260931,0.20833333333333334
wearable,dry_to_dry,0.4,71,20260931,0.21666666666666667
wearable,dry_to_dry,0.4,72,20260931,0.2583333333333333
wearable,dry_to_dry,0.4,73,20260931,0.19166666666666665
wearable,dry_to_dry,0.4,74,20260931,0.1416666666666667
wearable,dry_to_dry,0.4,75,20260931,0.15833333333333335
wearable,dry_to_dry,0.4,76,20260931,0.10833333333333334
wearable,dry_to_dry,0.4,77,20260931,0.32499999999999996
wearable,dry_to_dry,0.4,78,20260931,0.1416666666666667
wearable,dry_to_dry,0.4,79,20260931,0.425
wearable,dry_to_dry,0.4,80,20260931,0.24166666666666667
wearable,dry_to_dry,0.4,81,20260931,0.35000000000000003
wearable,dry_to_dry,0.4,82,20260931,0.3333333333333333
wearable,dry_to_dry,0.4,83,20260931,0.30833333333333335
wearable,dry_to_dry,0.4,84,20260931,0.47500000000000003
wearable,dry_to_dry,0.4,85,20260931,0.27499999999999997
wearable,dry_to_dry,0.4,86,20260931,0.275
wearable,dry_to_dry,0.4,87,20260931,0.45
wearable,dry_to_dry,0.4,88,20260931,0.16666666666666666
wearable,dry_to_dry,0.4,89,20260931,0.37499999999999994
wearable,dry_to_dry,0.4,90,20260931,0.13333333333333333
wearable,dry_to_dry,0.4,91,20260931,0.3
wearable,dry_to_dry,0.4,92,20260931,0.4000000000000001
wearable,dry_to_dry,0.4,93,20260931,0.19999999999999998
wearable,dry_to_dry,0.4,94,20260931,0.25
wearable,dry_to_dry,0.4,95,20260931,0.18333333333333335
wearable,dry_to_dry,0.4,96,20260931,0.13333333333333333
wearable,dry_to_dry,0.4,97,20260931,0.10833333333333334
wearable,dry_to_dry,0.4,98,20260931,0.5249999999999999
wearable,dry_to_dry,0.4,99,20260931,0.35833333333333334
wearable,dry_to_dry,0.4,100,20260931,0.48333333333333334
wearable,dry_to_dry,0.4,101,20260931,0.2833333333333334
wearable,dry_to_dry,0.4,102,20260931,0.4583333333333333
wearable,dry_to_dry,0.6,1,20260929,0.09999999999999999
wearable,dry_to_dry,0.6,2,20260929,0.14166666666666666
wearable,dry_to_dry,0.6,3,20260929,0.3833333333333333
wearable,dry_to_dry,0.6,4,20260929,0.5583333333333333
wearable,dry_to_dry,0.6,5,20260929,0.42500000000000004
wearable,dry_to_dry,0.6,6,20260929,0.2333333333333334
wearable,dry_to_dry,0.6,7,20260929,0.46666666666666673
wearable,dry_to_dry,0.6,8,20260929,0.4000000000000001
wearable,dry_to_dry,0.6,9,20260929,0.15
wearable,dry_to_dry,0.6,10,20260929,0.35833333333333334
wearable,dry_to_dry,0.6,11,20260929,0.4249999999999999
wearable,dry_to_dry,0.6,12,20260929,0.3083333333333334
wearable,dry_to_dry,0.6,13,20260929,0.5083333333333333
wearable,dry_to_dry,0.6,14,20260929,0.375
wearable,dry_to_dry,0.6,15,20260929,0.23333333333333336
wearable,dry_to_dry,0.6,16,20260929,0.25833333333333325
wearable,dry_to_dry,0.6,17,20260929,0.3333333333333333
wearable,dry_to_dry,0.6,18,20260929,0.4916666666666667
wearable,dry_to_dry,0.6,19,20260929,0.6
wearable,dry_to_dry,0.6,20,20260929,0.2916666666666667
wearable,dry_to_dry,0.6,21,20260929,0.27499999999999997
wearable,dry_to_dry,0.6,22,20260929,0.1416666666666667
wearable,dry_to_dry,0.6,23,20260929,0.9083333333333333
wearable,dry_to_dry,0.6,24,20260929,0.6
wearable,dry_to_dry,0.6,25,20260929,0.13333333333333336
wearable,dry_to_dry,0.6,26,20260929,0.375
wearable,dry_to_dry,0.6,27,20260929,0.16666666666666666
wearable,dry_to_dry,0.6,28,20260929,0.3833333333333333
wearable,dry_to_dry,0.6,29,20260929,0.6249999999999999
wearable,dry_to_dry,0.6,30,20260929,0.6333333333333333
wearable,dry_to_dry,0.6,31,20260929,0.5583333333333332
wearable,dry_to_dry,0.6,32,20260929,0.24166666666666672
wearable,dry_to_dry,0.6,33,20260929,0.25833333333333336
wearable,dry_to_dry,0.6,34,20260929,0.26666666666666666
wearable,dry_to_dry,0.6,35,20260929,0.13333333333333333
wearable,dry_to_dry,0.6,36,20260929,0.2416666666666667
wearable,dry_to_dry,0.6,37,20260929,0.425
wearable,dry_to_dry,0.6,38,20260929,0.9083333333333333
wearable,dry_to_dry,0.6,39,20260929,0.225
wearable,dry_to_dry,0.6,40,20260929,0.3499999999999999
wearable,dry_to_dry,0.6,41,20260929,0.4416666666666667
wearable,dry_to_dry,0.6,42,20260929,0.28333333333333327
wearable,dry_to_dry,0.6,43,20260929,0.2333333333333334
wearable,dry_to_dry,0.6,44,20260929,0.12500000000000003
wearable,dry_to_dry,0.6,45,20260929,0.09999999999999999
wearable,dry_to_dry,0.6,46,20260929,0.22499999999999998
wearable,dry_to_dry,0.6,47,20260929,0.10833333333333335
wearable,dry_to_dry,0.6,48,20260929,0.26666666666666666
wearable,dry_to_dry,0.6,49,20260929,0.14166666666666666
wearable,dry_to_dry,0.6,50,20260929,0.325
wearable,dry_to_dry,0.6,51,20260929,0.31666666666666665
wearable,dry_to_dry,0.6,52,20260929,0.6416666666666667
wearable,dry_to_dry,0.6,53,20260929,0.5666666666666667
wearable,dry_to_dry,0.6,54,20260929,0.5916666666666666
wearable,dry_to_dry,0.6,55,20260929,0.20833333333333334
wearable,dry_to_dry,0.6,56,20260929,0.44999999999999996
wearable,dry_to_dry,0.6,57,20260929,0.19999999999999998
wearable,dry_to_dry,0.6,58,20260929,0.5000000000000001
wearable,dry_to_dry,0.6,59,20260929,0.12500000000000003
wearable,dry_to_dry,0.6,60,20260929,0.12499999999999999
wearable,dry_to_dry,0.6,61,20260929,0.375
wearable,dry_to_dry,0.6,62,20260929,0.48333333333333334
wearable,dry_to_dry,0.6,63,20260929,0.45
wearable,dry_to_dry,0.6,64,20260929,0.20833333333333337
wearable,dry_to_dry,0.6,65,20260929,0.2916666666666667
wearable,dry_to_dry,0.6,66,20260929,0.48333333333333334
wearable,dry_to_dry,0.6,67,20260929,0.12500000000000003
wearable,dry_to_dry,0.6,68,20260929,0.575
wearable,dry_to_dry,0.6,69,20260929,0.9583333333333334
wearable,dry_to_dry,0.6,70,20260929,0.25833333333333336
wearable,dry_to_dry,0.6,71,20260929,0.19166666666666665
wearable,dry_to_dry,0.6,72,20260929,0.45
wearable,dry_to_dry,0.6,73,20260929,0.20833333333333334
wearable,dry_to_dry,0.6,74,20260929,0.20000000000000004
wearable,dry_to_dry,0.6,75,20260929,0.27499999999999997
wearable,dry_to_dry,0.6,76,20260929,0.11666666666666668
wearable,dry_to_dry,0.6,77,20260929,0.36666666666666664
wearable,dry_to_dry,0.6,78,20260929,0.11666666666666668
wearable,dry_to_dry,0.6,79,20260929,0.6333333333333334
wearable,dry_to_dry,0.6,80,20260929,0.3833333333333333
wearable,dry_to_dry,0.6,81,20260929,0.3
wearable,dry_to_dry,0.6,82,20260929,0.4583333333333333
wearable,dry_to_dry,0.6,83,20260929,0.25000000000000006
wearable,dry_to_dry,0.6,84,20260929,0.6166666666666667
wearable,dry_to_dry,0.6,85,20260929,0.44999999999999996
wearable,dry_to_dry,0.6,86,20260929,0.5499999999999999
wearable,dry_to_dry,0.6,87,20260929,0.525
wearable,dry_to_dry,0.6,88,20260929,0.2833333333333333
wearable,dry_to_dry,0.6,89,20260929,0.375
wearable,dry_to_dry,0.6,90,20260929,0.17500000000000002
wearable,dry_to_dry,0.6,91,20260929,0.3666666666666667
wearable,dry_to_dry,0.6,92,20260929,0.4166666666666667
wearable,dry_to_dry,0.6,93,20260929,0.3833333333333333
wearable,dry_to_dry,0.6,94,20260929,0.4666666666666666
wearable,dry_to_dry,0.6,95,20260929,0.25833333333333336
wearable,dry_to_dry,0.6,96,20260929,0.15833333333333333
wearable,dry_to_dry,0.6,97,20260929,0.15000000000000002
wearable,dry_to_dry,0.6,98,20260929,0.5666666666666667
wearable,dry_to_dry,0.6,99,20260929,0.5166666666666667
wearable,dry_to_dry,0.6,100,20260929,0.5916666666666667
wearable,dry_to_dry,0.6,101,20260929,0.42500000000000004
wearable,dry_to_dry,0.6,102,20260929,0.65
wearable,dry_to_dry,0.6,1,20260930,0.08333333333333333
wearable,dry_to_dry,0.6,2,20260930,0.1416666666666667
wearable,dry_to_dry,0.6,3,20260930,0.3333333333333333
wearable,dry_to_dry,0.6,4,20260930,0.525
wearable,dry_to_dry,0.6,5,20260930,0.44166666666666665
wearable,dry_to_dry,0.6,6,20260930,0.15833333333333335
wearable,dry_to_dry,0.6,7,20260930,0.43333333333333335
wearable,dry_to_dry,0.6,8,20260930,0.3416666666666666
wearable,dry_to_dry,0.6,9,20260930,0.16666666666666666
wearable,dry_to_dry,0.6,10,20260930,0.36666666666666664
wearable,dry_to_dry,0.6,11,20260930,0.5333333333333333
wearable,dry_to_dry,0.6,12,20260930,0.2916666666666667
wearable,dry_to_dry,0.6,13,20260930,0.4166666666666667
wearable,dry_to_dry,0.6,14,20260930,0.4083333333333334
wearable,dry_to_dry,0.6,15,20260930,0.24166666666666667
wearable,dry_to_dry,0.6,16,20260930,0.28333333333333327
wearable,dry_to_dry,0.6,17,20260930,0.3333333333333333
wearable,dry_to_dry,0.6,18,20260930,0.5083333333333333
wearable,dry_to_dry,0.6,19,20260930,0.5666666666666667
wearable,dry_to_dry,0.6,20,20260930,0.31666666666666665
wearable,dry_to_dry,0.6,21,20260930,0.2416666666666666
wearable,dry_to_dry,0.6,22,20260930,0.18333333333333335
wearable,dry_to_dry,0.6,23,20260930,0.9249999999999999
wearable,dry_to_dry,0.6,24,20260930,0.6249999999999999
wearable,dry_to_dry,0.6,25,20260930,0.12500000000000003
wearable,dry_to_dry,0.6,26,20260930,0.4416666666666666
wearable,dry_to_dry,0.6,27,20260930,0.09999999999999999
wearable,dry_to_dry,0.6,28,20260930,0.375
wearable,dry_to_dry,0.6,29,20260930,0.5916666666666667
wearable,dry_to_dry,0.6,30,20260930,0.6333333333333333
wearable,dry_to_dry,0.6,31,20260930,0.6833333333333332
wearable,dry_to_dry,0.6,32,20260930,0.3166666666666667
wearable,dry_to_dry,0.6,33,20260930,0.24166666666666667
wearable,dry_to_dry,0.6,34,20260930,0.3333333333333333
wearable,dry_to_dry,0.6,35,20260930,0.125
wearable,dry_to_dry,0.6,36,20260930,0.325
wearable,dry_to_dry,0.6,37,20260930,0.3333333333333333
wearable,dry_to_dry,0.6,38,20260930,0.9333333333333332
wearable,dry_to_dry,0.6,39,20260930,0.24166666666666672
wearable,dry_to_dry,0.6,40,20260930,0.45833333333333326
wearable,dry_to_dry,0.6,41,20260930,0.4166666666666666
wearable,dry_to_dry,0.6,42,20260930,0.30000000000000004
wearable,dry_to_dry,0.6,43,20260930,0.35833333333333334
wearable,dry_to_dry,0.6,44,20260930,0.15
wearable,dry_to_dry,0.6,45,20260930,0.08333333333333333
wearable,dry_to_dry,0.6,46,20260930,0.2166666666666667
wearable,dry_to_dry,0.6,47,20260930,0.13333333333333336
wearable,dry_to_dry,0.6,48,20260930,0.24166666666666667
wearable,dry_to_dry,0.6,49,20260930,0.1666666666666667
wearable,dry_to_dry,0.6,50,20260930,0.3416666666666666
wearable,dry_to_dry,0.6,51,20260930,0.27499999999999997
wearable,dry_to_dry,0.6,52,20260930,0.7000000000000001
wearable,dry_to_dry,0.6,53,20260930,0.5166666666666666
wearable,dry_to_dry,0.6,54,20260930,0.6416666666666667
wearable,dry_to_dry,0.6,55,20260930,0.21666666666666665
wearable,dry_to_dry,0.6,56,20260930,0.4416666666666667
wearable,dry_to_dry,0.6,57,20260930,0.19166666666666668
wearable,dry_to_dry,0.6,58,20260930,0.4083333333333334
wearable,dry_to_dry,0.6,59,20260930,0.16666666666666666
wearable,dry_to_dry,0.6,60,20260930,0.15833333333333335
wearable,dry_to_dry,0.6,61,20260930,0.39166666666666666
wearable,dry_to_dry,0.6,62,20260930,0.5166666666666667
wearable,dry_to_dry,0.6,63,20260930,0.4166666666666667
wearable,dry_to_dry,0.6,64,20260930,0.16666666666666666
wearable,dry_to_dry,0.6,65,20260930,0.2666666666666667
wearable,dry_to_dry,0.6,66,20260930,0.4083333333333334
wearable,dry_to_dry,0.6,67,20260930,0.1416666666666667
wearable,dry_to_dry,0.6,68,20260930,0.5333333333333333
wearable,dry_to_dry,0.6,69,20260930,0.9666666666666667
wearable,dry_to_dry,0.6,70,20260930,0.2333333333333333
wearable,dry_to_dry,0.6,71,20260930,0.19999999999999998
wearable,dry_to_dry,0.6,72,20260930,0.49999999999999994
wearable,dry_to_dry,0.6,73,20260930,0.25
wearable,dry_to_dry,0.6,74,20260930,0.20833333333333334
wearable,dry_to_dry,0.6,75,20260930,0.25833333333333336
wearable,dry_to_dry,0.6,76,20260930,0.06666666666666667
wearable,dry_to_dry,0.6,77,20260930,0.39999999999999997
wearable,dry_to_dry,0.6,78,20260930,0.11666666666666668
wearable,dry_to_dry,0.6,79,20260930,0.525
wearable,dry_to_dry,0.6,80,20260930,0.375
wearable,dry_to_dry,0.6,81,20260930,0.4083333333333334
wearable,dry_to_dry,0.6,82,20260930,0.49166666666666675
wearable,dry_to_dry,0.6,83,20260930,0.31666666666666665
wearable,dry_to_dry,0.6,84,20260930,0.5833333333333334
wearable,dry_to_dry,0.6,85,20260930,0.4166666666666667
wearable,dry_to_dry,0.6,86,20260930,0.575
wearable,dry_to_dry,0.6,87,20260930,0.525
wearable,dry_to_dry,0.6,88,20260930,0.26666666666666666
wearable,dry_to_dry,0.6,89,20260930,0.47500000000000003
wearable,dry_to_dry,0.6,90,20260930,0.20000000000000004
wearable,dry_to_dry,0.6,91,20260930,0.40833333333333327
wearable,dry_to_dry,0.6,92,20260930,0.42500000000000004
wearable,dry_to_dry,0.6,93,20260930,0.325
wearable,dry_to_dry,0.6,94,20260930,0.3666666666666667
wearable,dry_to_dry,0.6,95,20260930,0.2666666666666667
wearable,dry_to_dry,0.6,96,20260930,0.15000000000000002
wearable,dry_to_dry,0.6,97,20260930,0.15833333333333335
wearable,dry_to_dry,0.6,98,20260930,0.5166666666666666
wearable,dry_to_dry,0.6,99,20260930,0.5166666666666667
wearable,dry_to_dry,0.6,100,20260930,0.6083333333333334
wearable,dry_to_dry,0.6,101,20260930,0.375
wearable,dry_to_dry,0.6,102,20260930,0.6583333333333333
wearable,dry_to_dry,0.6,1,20260931,0.12500000000000003
wearable,dry_to_dry,0.6,2,20260931,0.15000000000000002
wearable,dry_to_dry,0.6,3,20260931,0.40833333333333327
wearable,dry_to_dry,0.6,4,20260931,0.6
wearable,dry_to_dry,0.6,5,20260931,0.46666666666666673
wearable,dry_to_dry,0.6,6,20260931,0.20833333333333337
wearable,dry_to_dry,0.6,7,20260931,0.375
wearable,dry_to_dry,0.6,8,20260931,0.4333333333333333
wearable,dry_to_dry,0.6,9,20260931,0.15833333333333335
wearable,dry_to_dry,0.6,10,20260931,0.39999999999999997
wearable,dry_to_dry,0.6,11,20260931,0.5249999999999999
wearable,dry_to_dry,0.6,12,20260931,0.2916666666666667
wearable,dry_to_dry,0.6,13,20260931,0.5416666666666666
wearable,dry_to_dry,0.6,14,20260931,0.4666666666666666
wearable,dry_to_dry,0.6,15,20260931,0.23333333333333336
wearable,dry_to_dry,0.6,16,20260931,0.2333333333333333
wearable,dry_to_dry,0.6,17,20260931,0.2833333333333333
wearable,dry_to_dry,0.6,18,20260931,0.4083333333333334
wearable,dry_to_dry,0.6,19,20260931,0.6333333333333333
wearable,dry_to_dry,0.6,20,20260931,0.3416666666666666
wearable,dry_to_dry,0.6,21,20260931,0.2333333333333333
wearable,dry_to_dry,0.6,22,20260931,0.125
wearable,dry_to_dry,0.6,23,20260931,0.8916666666666667
wearable,dry_to_dry,0.6,24,20260931,0.6249999999999999
wearable,dry_to_dry,0.6,25,20260931,0.13333333333333336
wearable,dry_to_dry,0.6,26,20260931,0.5749999999999998
wearable,dry_to_dry,0.6,27,20260931,0.15833333333333335
wearable,dry_to_dry,0.6,28,20260931,0.39166666666666666
wearable,dry_to_dry,0.6,29,20260931,0.5666666666666668
wearable,dry_to_dry,0.6,30,20260931,0.5583333333333333
wearable,dry_to_dry,0.6,31,20260931,0.7166666666666667
wearable,dry_to_dry,0.6,32,20260931,0.3166666666666667
wearable,dry_to_dry,0.6,33,20260931,0.3083333333333333
wearable,dry_to_dry,0.6,34,20260931,0.3083333333333333
wearable,dry_to_dry,0.6,35,20260931,0.15
wearable,dry_to_dry,0.6,36,20260931,0.20000000000000004
wearable,dry_to_dry,0.6,37,20260931,0.3
wearable,dry_to_dry,0.6,38,20260931,0.9250000000000002
wearable,dry_to_dry,0.6,39,20260931,0.275
wearable,dry_to_dry,0.6,40,20260931,0.325
wearable,dry_to_dry,0.6,41,20260931,0.3833333333333333
wearable,dry_to_dry,0.6,42,20260931,0.2583333333333333
wearable,dry_to_dry,0.6,43,20260931,0.3083333333333333
wearable,dry_to_dry,0.6,44,20260931,0.10833333333333334
wearable,dry_to_dry,0.6,45,20260931,0.10833333333333334
wearable,dry_to_dry,0.6,46,20260931,0.24166666666666667
wearable,dry_to_dry,0.6,47,20260931,0.10833333333333335
wearable,dry_to_dry,0.6,48,20260931,0.3
wearable,dry_to_dry,0.6,49,20260931,0.15833333333333335
wearable,dry_to_dry,0.6,50,20260931,0.325
wearable,dry_to_dry,0.6,51,20260931,0.3083333333333333
wearable,dry_to_dry,0.6,52,20260931,0.6666666666666665
wearable,dry_to_dry,0.6,53,20260931,0.5583333333333333
wearable,dry_to_dry,0.6,54,20260931,0.6083333333333333
wearable,dry_to_dry,0.6,55,20260931,0.25833333333333336
wearable,dry_to_dry,0.6,56,20260931,0.45
wearable,dry_to_dry,0.6,57,20260931,0.17500000000000002
wearable,dry_to_dry,0.6,58,20260931,0.42500000000000004
wearable,dry_to_dry,0.6,59,20260931,0.11666666666666668
wearable,dry_to_dry,0.6,60,20260931,0.125
wearable,dry_to_dry,0.6,61,20260931,0.375
wearable,dry_to_dry,0.6,62,20260931,0.5
wearable,dry_to_dry,0.6,63,20260931,0.40833333333333327
wearable,dry_to_dry,0.6,64,20260931,0.2333333333333333
wearable,dry_to_dry,0.6,65,20260931,0.31666666666666665
wearable,dry_to_dry,0.6,66,20260931,0.3916666666666666
wearable,dry_to_dry,0.6,67,20260931,0.125
wearable,dry_to_dry,0.6,68,20260931,0.4916666666666667
wearable,dry_to_dry,0.6,69,20260931,0.9583333333333334
wearable,dry_to_dry,0.6,70,20260931,0.25833333333333336
wearable,dry_to_dry,0.6,71,20260931,0.21666666666666667
wearable,dry_to_dry,0.6,72,20260931,0.4916666666666667
wearable,dry_to_dry,0.6,73,20260931,0.20833333333333334
wearable,dry_to_dry,0.6,74,20260931,0.20833333333333337
wearable,dry_to_dry,0.6,75,20260931,0.25
wearable,dry_to_dry,0.6,76,20260931,0.1416666666666667
wearable,dry_to_dry,0.6,77,20260931,0.40833333333333327
wearable,dry_to_dry,0.6,78,20260931,0.10833333333333335
wearable,dry_to_dry,0.6,79,20260931,0.6083333333333334
wearable,dry_to_dry,0.6,80,20260931,0.2916666666666667
wearable,dry_to_dry,0.6,81,20260931,0.425
wearable,dry_to_dry,0.6,82,20260931,0.44999999999999996
wearable,dry_to_dry,0.6,83,20260931,0.3416666666666666
wearable,dry_to_dry,0.6,84,20260931,0.6
wearable,dry_to_dry,0.6,85,20260931,0.425
wearable,dry_to_dry,0.6,86,20260931,0.5
wearable,dry_to_dry,0.6,87,20260931,0.525
wearable,dry_to_dry,0.6,88,20260931,0.25833333333333336
wearable,dry_to_dry,0.6,89,20260931,0.41666666666666674
wearable,dry_to_dry,0.6,90,20260931,0.1416666666666667
wearable,dry_to_dry,0.6,91,20260931,0.425
wearable,dry_to_dry,0.6,92,20260931,0.39999999999999997
wearable,dry_to_dry,0.6,93,20260931,0.3416666666666666
wearable,dry_to_dry,0.6,94,20260931,0.2916666666666667
wearable,dry_to_dry,0.6,95,20260931,0.26666666666666666
wearable,dry_to_dry,0.6,96,20260931,0.13333333333333333
wearable,dry_to_dry,0.6,97,20260931,0.11666666666666668
wearable,dry_to_dry,0.6,98,20260931,0.6250000000000001
wearable,dry_to_dry,0.6,99,20260931,0.525
wearable,dry_to_dry,0.6,100,20260931,0.5833333333333334
wearable,dry_to_dry,0.6,101,20260931,0.3833333333333333
wearable,dry_to_dry,0.6,102,20260931,0.6833333333333332
wearable,dry_to_dry,0.8,1,20260929,0.20833333333333334
wearable,dry_to_dry,0.8,2,20260929,0.17500000000000002
wearable,dry_to_dry,0.8,3,20260929,0.5499999999999999
wearable,dry_to_dry,0.8,4,20260929,0.7250000000000001
wearable,dry_to_dry,0.8,5,20260929,0.4916666666666667
wearable,dry_to_dry,0.8,6,20260929,0.225
wearable,dry_to_dry,0.8,7,20260929,0.4416666666666667
wearable,dry_to_dry,0.8,8,20260929,0.5749999999999998
wearable,dry_to_dry,0.8,9,20260929,0.18333333333333335
wearable,dry_to_dry,0.8,10,20260929,0.5333333333333333
wearable,dry_to_dry,0.8,11,20260929,0.5750000000000001
wearable,dry_to_dry,0.8,12,20260929,0.3166666666666667
wearable,dry_to_dry,0.8,13,20260929,0.5750000000000001
wearable,dry_to_dry,0.8,14,20260929,0.5416666666666666
wearable,dry_to_dry,0.8,15,20260929,0.275
wearable,dry_to_dry,0.8,16,20260929,0.325
wearable,dry_to_dry,0.8,17,20260929,0.39999999999999997
wearable,dry_to_dry,0.8,18,20260929,0.5083333333333334
wearable,dry_to_dry,0.8,19,20260929,0.7166666666666667
wearable,dry_to_dry,0.8,20,20260929,0.3916666666666666
wearable,dry_to_dry,0.8,21,20260929,0.24166666666666667
wearable,dry_to_dry,0.8,22,20260929,0.15833333333333335
wearable,dry_to_dry,0.8,23,20260929,0.9583333333333334
wearable,dry_to_dry,0.8,24,20260929,0.75
wearable,dry_to_dry,0.8,25,20260929,0.13333333333333336
wearable,dry_to_dry,0.8,26,20260929,0.5499999999999999
wearable,dry_to_dry,0.8,27,20260929,0.20000000000000004
wearable,dry_to_dry,0.8,28,20260929,0.4166666666666667
wearable,dry_to_dry,0.8,29,20260929,0.7416666666666667
wearable,dry_to_dry,0.8,30,20260929,0.6999999999999998
wearable,dry_to_dry,0.8,31,20260929,0.775
wearable,dry_to_dry,0.8,32,20260929,0.3166666666666667
wearable,dry_to_dry,0.8,33,20260929,0.3333333333333333
wearable,dry_to_dry,0.8,34,20260929,0.32499999999999996
wearable,dry_to_dry,0.8,35,20260929,0.13333333333333333
wearable,dry_to_dry,0.8,36,20260929,0.3166666666666667
wearable,dry_to_dry,0.8,37,20260929,0.49166666666666675
wearable,dry_to_dry,0.8,38,20260929,0.9666666666666667
wearable,dry_to_dry,0.8,39,20260929,0.27499999999999997
wearable,dry_to_dry,0.8,40,20260929,0.5583333333333333
wearable,dry_to_dry,0.8,41,20260929,0.48333333333333334
wearable,dry_to_dry,0.8,42,20260929,0.4000000000000001
wearable,dry_to_dry,0.8,43,20260929,0.2833333333333333
wearable,dry_to_dry,0.8,44,20260929,0.08333333333333333
wearable,dry_to_dry,0.8,45,20260929,0.13333333333333333
wearable,dry_to_dry,0.8,46,20260929,0.2750000000000001
wearable,dry_to_dry,0.8,47,20260929,0.125
wearable,dry_to_dry,0.8,48,20260929,0.2833333333333333
wearable,dry_to_dry,0.8,49,20260929,0.2416666666666667
wearable,dry_to_dry,0.8,50,20260929,0.4166666666666666
wearable,dry_to_dry,0.8,51,20260929,0.3666666666666667
wearable,dry_to_dry,0.8,52,20260929,0.8250000000000001
wearable,dry_to_dry,0.8,53,20260929,0.6833333333333335
wearable,dry_to_dry,0.8,54,20260929,0.6916666666666668
wearable,dry_to_dry,0.8,55,20260929,0.3
wearable,dry_to_dry,0.8,56,20260929,0.6249999999999999
wearable,dry_to_dry,0.8,57,20260929,0.275
wearable,dry_to_dry,0.8,58,20260929,0.5833333333333333
wearable,dry_to_dry,0.8,59,20260929,0.18333333333333335
wearable,dry_to_dry,0.8,60,20260929,0.22500000000000006
wearable,dry_to_dry,0.8,61,20260929,0.48333333333333334
wearable,dry_to_dry,0.8,62,20260929,0.6416666666666667
wearable,dry_to_dry,0.8,63,20260929,0.5416666666666666
wearable,dry_to_dry,0.8,64,20260929,0.25833333333333336
wearable,dry_to_dry,0.8,65,20260929,0.35000000000000003
wearable,dry_to_dry,0.8,66,20260929,0.5583333333333333
wearable,dry_to_dry,0.8,67,20260929,0.12500000000000003
wearable,dry_to_dry,0.8,68,20260929,0.725
wearable,dry_to_dry,0.8,69,20260929,0.9666666666666667
wearable,dry_to_dry,0.8,70,20260929,0.30833333333333335
wearable,dry_to_dry,0.8,71,20260929,0.3166666666666667
wearable,dry_to_dry,0.8,72,20260929,0.6166666666666667
wearable,dry_to_dry,0.8,73,20260929,0.2666666666666666
wearable,dry_to_dry,0.8,74,20260929,0.18333333333333335
wearable,dry_to_dry,0.8,75,20260929,0.38333333333333336
wearable,dry_to_dry,0.8,76,20260929,0.10833333333333334
wearable,dry_to_dry,0.8,77,20260929,0.4166666666666667
wearable,dry_to_dry,0.8,78,20260929,0.11666666666666665
wearable,dry_to_dry,0.8,79,20260929,0.8250000000000001
wearable,dry_to_dry,0.8,80,20260929,0.4000000000000001
wearable,dry_to_dry,0.8,81,20260929,0.47500000000000003
wearable,dry_to_dry,0.8,82,20260929,0.5583333333333333
wearable,dry_to_dry,0.8,83,20260929,0.35000000000000003
wearable,dry_to_dry,0.8,84,20260929,0.7083333333333334
wearable,dry_to_dry,0.8,85,20260929,0.55
wearable,dry_to_dry,0.8,86,20260929,0.6083333333333334
wearable,dry_to_dry,0.8,87,20260929,0.6250000000000001
wearable,dry_to_dry,0.8,88,20260929,0.275
wearable,dry_to_dry,0.8,89,20260929,0.525
wearable,dry_to_dry,0.8,90,20260929,0.23333333333333336
wearable,dry_to_dry,0.8,91,20260929,0.5166666666666667
wearable,dry_to_dry,0.8,92,20260929,0.5166666666666666
wearable,dry_to_dry,0.8,93,20260929,0.46666666666666673
wearable,dry_to_dry,0.8,94,20260929,0.6749999999999999
wearable,dry_to_dry,0.8,95,20260929,0.35000000000000003
wearable,dry_to_dry,0.8,96,20260929,0.275
wearable,dry_to_dry,0.8,97,20260929,0.11666666666666665
wearable,dry_to_dry,0.8,98,20260929,0.7166666666666668
wearable,dry_to_dry,0.8,99,20260929,0.7166666666666667
wearable,dry_to_dry,0.8,100,20260929,0.6583333333333333
wearable,dry_to_dry,0.8,101,20260929,0.5583333333333333
wearable,dry_to_dry,0.8,102,20260929,0.7833333333333335
wearable,dry_to_dry,0.8,1,20260930,0.125
wearable,dry_to_dry,0.8,2,20260930,0.2333333333333333
wearable,dry_to_dry,0.8,3,20260930,0.5083333333333334
wearable,dry_to_dry,0.8,4,20260930,0.6750000000000002
wearable,dry_to_dry,0.8,5,20260930,0.5583333333333333
wearable,dry_to_dry,0.8,6,20260930,0.20833333333333337
wearable,dry_to_dry,0.8,7,20260930,0.4666666666666666
wearable,dry_to_dry,0.8,8,20260930,0.5499999999999999
wearable,dry_to_dry,0.8,9,20260930,0.20833333333333337
wearable,dry_to_dry,0.8,10,20260930,0.5499999999999999
wearable,dry_to_dry,0.8,11,20260930,0.5833333333333334
wearable,dry_to_dry,0.8,12,20260930,0.3499999999999999
wearable,dry_to_dry,0.8,13,20260930,0.49999999999999994
wearable,dry_to_dry,0.8,14,20260930,0.5499999999999999
wearable,dry_to_dry,0.8,15,20260930,0.30000000000000004
wearable,dry_to_dry,0.8,16,20260930,0.26666666666666666
wearable,dry_to_dry,0.8,17,20260930,0.39166666666666666
wearable,dry_to_dry,0.8,18,20260930,0.5583333333333333
wearable,dry_to_dry,0.8,19,20260930,0.6749999999999999
wearable,dry_to_dry,0.8,20,20260930,0.425
wearable,dry_to_dry,0.8,21,20260930,0.25833333333333336
wearable,dry_to_dry,0.8,22,20260930,0.225
wearable,dry_to_dry,0.8,23,20260930,0.9500000000000001
wearable,dry_to_dry,0.8,24,20260930,0.7916666666666665
wearable,dry_to_dry,0.8,25,20260930,0.1416666666666667
wearable,dry_to_dry,0.8,26,20260930,0.6
wearable,dry_to_dry,0.8,27,20260930,0.15833333333333335
wearable,dry_to_dry,0.8,28,20260930,0.525
wearable,dry_to_dry,0.8,29,20260930,0.7083333333333334
wearable,dry_to_dry,0.8,30,20260930,0.7583333333333334
wearable,dry_to_dry,0.8,31,20260930,0.8250000000000001
wearable,dry_to_dry,0.8,32,20260930,0.325
wearable,dry_to_dry,0.8,33,20260930,0.35833333333333334
wearable,dry_to_dry,0.8,34,20260930,0.3833333333333333
wearable,dry_to_dry,0.8,35,20260930,0.15000000000000002
wearable,dry_to_dry,0.8,36,20260930,0.40833333333333344
wearable,dry_to_dry,0.8,37,20260930,0.3666666666666667
wearable,dry_to_dry,0.8,38,20260930,0.9666666666666667
wearable,dry_to_dry,0.8,39,20260930,0.3
wearable,dry_to_dry,0.8,40,20260930,0.6166666666666666
wearable,dry_to_dry,0.8,41,20260930,0.47500000000000003
wearable,dry_to_dry,0.8,42,20260930,0.3666666666666667
wearable,dry_to_dry,0.8,43,20260930,0.41666666666666674
wearable,dry_to_dry,0.8,44,20260930,0.11666666666666668
wearable,dry_to_dry,0.8,45,20260930,0.1416666666666667
wearable,dry_to_dry,0.8,46,20260930,0.2916666666666667
wearable,dry_to_dry,0.8,47,20260930,0.10833333333333334
wearable,dry_to_dry,0.8,48,20260930,0.3
wearable,dry_to_dry,0.8,49,20260930,0.2333333333333334
wearable,dry_to_dry,0.8,50,20260930,0.4666666666666666
wearable,dry_to_dry,0.8,51,20260930,0.325
wearable,dry_to_dry,0.8,52,20260930,0.8083333333333336
wearable,dry_to_dry,0.8,53,20260930,0.6750000000000002
wearable,dry_to_dry,0.8,54,20260930,0.775
wearable,dry_to_dry,0.8,55,20260930,0.325
wearable,dry_to_dry,0.8,56,20260930,0.6166666666666667
wearable,dry_to_dry,0.8,57,20260930,0.31666666666666665
wearable,dry_to_dry,0.8,58,20260930,0.55
wearable,dry_to_dry,0.8,59,20260930,0.15833333333333335
wearable,dry_to_dry,0.8,60,20260930,0.20000000000000004
wearable,dry_to_dry,0.8,61,20260930,0.4749999999999999
wearable,dry_to_dry,0.8,62,20260930,0.5833333333333334
wearable,dry_to_dry,0.8,63,20260930,0.44999999999999996
wearable,dry_to_dry,0.8,64,20260930,0.2333333333333333
wearable,dry_to_dry,0.8,65,20260930,0.35000000000000003
wearable,dry_to_dry,0.8,66,20260930,0.49166666666666653
wearable,dry_to_dry,0.8,67,20260930,0.16666666666666666
wearable,dry_to_dry,0.8,68,20260930,0.7083333333333334
wearable,dry_to_dry,0.8,69,20260930,0.9916666666666667
wearable,dry_to_dry,0.8,70,20260930,0.35833333333333334
wearable,dry_to_dry,0.8,71,20260930,0.28333333333333327
wearable,dry_to_dry,0.8,72,20260930,0.6666666666666666
wearable,dry_to_dry,0.8,73,20260930,0.3333333333333333
wearable,dry_to_dry,0.8,74,20260930,0.19166666666666668
wearable,dry_to_dry,0.8,75,20260930,0.3833333333333333
wearable,dry_to_dry,0.8,76,20260930,0.10833333333333334
wearable,dry_to_dry,0.8,77,20260930,0.39166666666666666
wearable,dry_to_dry,0.8,78,20260930,0.075
wearable,dry_to_dry,0.8,79,20260930,0.7333333333333334
wearable,dry_to_dry,0.8,80,20260930,0.3666666666666667
wearable,dry_to_dry,0.8,81,20260930,0.5416666666666666
wearable,dry_to_dry,0.8,82,20260930,0.6166666666666668
wearable,dry_to_dry,0.8,83,20260930,0.3833333333333333
wearable,dry_to_dry,0.8,84,20260930,0.6833333333333332
wearable,dry_to_dry,0.8,85,20260930,0.5333333333333333
wearable,dry_to_dry,0.8,86,20260930,0.6666666666666666
wearable,dry_to_dry,0.8,87,20260930,0.65
wearable,dry_to_dry,0.8,88,20260930,0.325
wearable,dry_to_dry,0.8,89,20260930,0.5916666666666667
wearable,dry_to_dry,0.8,90,20260930,0.20000000000000004
wearable,dry_to_dry,0.8,91,20260930,0.5333333333333334
wearable,dry_to_dry,0.8,92,20260930,0.48333333333333334
wearable,dry_to_dry,0.8,93,20260930,0.38333333333333336
wearable,dry_to_dry,0.8,94,20260930,0.6083333333333333
wearable,dry_to_dry,0.8,95,20260930,0.35833333333333334
wearable,dry_to_dry,0.8,96,20260930,0.3166666666666666
wearable,dry_to_dry,0.8,97,20260930,0.15
wearable,dry_to_dry,0.8,98,20260930,0.6166666666666667
wearable,dry_to_dry,0.8,99,20260930,0.7166666666666668
wearable,dry_to_dry,0.8,100,20260930,0.6416666666666667
wearable,dry_to_dry,0.8,101,20260930,0.5333333333333333
wearable,dry_to_dry,0.8,102,20260930,0.7666666666666667
wearable,dry_to_dry,0.8,1,20260931,0.18333333333333335
wearable,dry_to_dry,0.8,2,20260931,0.16666666666666666
wearable,dry_to_dry,0.8,3,20260931,0.5666666666666668
wearable,dry_to_dry,0.8,4,20260931,0.725
wearable,dry_to_dry,0.8,5,20260931,0.5666666666666665
wearable,dry_to_dry,0.8,6,20260931,0.25833333333333336
wearable,dry_to_dry,0.8,7,20260931,0.45833333333333326
wearable,dry_to_dry,0.8,8,20260931,0.48333333333333334
wearable,dry_to_dry,0.8,9,20260931,0.15833333333333335
wearable,dry_to_dry,0.8,10,20260931,0.5500000000000002
wearable,dry_to_dry,0.8,11,20260931,0.5750000000000001
wearable,dry_to_dry,0.8,12,20260931,0.3666666666666667
wearable,dry_to_dry,0.8,13,20260931,0.5583333333333332
wearable,dry_to_dry,0.8,14,20260931,0.5583333333333333
wearable,dry_to_dry,0.8,15,20260931,0.275
wearable,dry_to_dry,0.8,16,20260931,0.25833333333333336
wearable,dry_to_dry,0.8,17,20260931,0.35833333333333334
wearable,dry_to_dry,0.8,18,20260931,0.525
wearable,dry_to_dry,0.8,19,20260931,0.7166666666666668
wearable,dry_to_dry,0.8,20,20260931,0.425
wearable,dry_to_dry,0.8,21,20260931,0.24166666666666667
wearable,dry_to_dry,0.8,22,20260931,0.19999999999999998
wearable,dry_to_dry,0.8,23,20260931,0.9249999999999999
wearable,dry_to_dry,0.8,24,20260931,0.7916666666666666
wearable,dry_to_dry,0.8,25,20260931,0.18333333333333335
wearable,dry_to_dry,0.8,26,20260931,0.7916666666666669
wearable,dry_to_dry,0.8,27,20260931,0.2916666666666667
wearable,dry_to_dry,0.8,28,20260931,0.5416666666666667
wearable,dry_to_dry,0.8,29,20260931,0.7250000000000001
wearable,dry_to_dry,0.8,30,20260931,0.6916666666666668
wearable,dry_to_dry,0.8,31,20260931,0.75
wearable,dry_to_dry,0.8,32,20260931,0.36666666666666664
wearable,dry_to_dry,0.8,33,20260931,0.36666666666666664
wearable,dry_to_dry,0.8,34,20260931,0.4000000000000001
wearable,dry_to_dry,0.8,35,20260931,0.15833333333333335
wearable,dry_to_dry,0.8,36,20260931,0.3166666666666667
wearable,dry_to_dry,0.8,37,20260931,0.39166666666666666
wearable,dry_to_dry,0.8,38,20260931,0.9583333333333334
wearable,dry_to_dry,0.8,39,20260931,0.32499999999999996
wearable,dry_to_dry,0.8,40,20260931,0.48333333333333334
wearable,dry_to_dry,0.8,41,20260931,0.4583333333333334
wearable,dry_to_dry,0.8,42,20260931,0.325
wearable,dry_to_dry,0.8,43,20260931,0.3833333333333333
wearable,dry_to_dry,0.8,44,20260931,0.10833333333333335
wearable,dry_to_dry,0.8,45,20260931,0.11666666666666668
wearable,dry_to_dry,0.8,46,20260931,0.31666666666666665
wearable,dry_to_dry,0.8,47,20260931,0.11666666666666668
wearable,dry_to_dry,0.8,48,20260931,0.3499999999999999
wearable,dry_to_dry,0.8,49,20260931,0.17500000000000002
wearable,dry_to_dry,0.8,50,20260931,0.4083333333333334
wearable,dry_to_dry,0.8,51,20260931,0.375
wearable,dry_to_dry,0.8,52,20260931,0.8416666666666667
wearable,dry_to_dry,0.8,53,20260931,0.6333333333333334
wearable,dry_to_dry,0.8,54,20260931,0.7666666666666666
wearable,dry_to_dry,0.8,55,20260931,0.2833333333333334
wearable,dry_to_dry,0.8,56,20260931,0.5916666666666667
wearable,dry_to_dry,0.8,57,20260931,0.23333333333333336
wearable,dry_to_dry,0.8,58,20260931,0.5583333333333332
wearable,dry_to_dry,0.8,59,20260931,0.16666666666666666
wearable,dry_to_dry,0.8,60,20260931,0.17500000000000002
wearable,dry_to_dry,0.8,61,20260931,0.4416666666666667
wearable,dry_to_dry,0.8,62,20260931,0.575
wearable,dry_to_dry,0.8,63,20260931,0.5916666666666667
wearable,dry_to_dry,0.8,64,20260931,0.36666666666666664
wearable,dry_to_dry,0.8,65,20260931,0.375
wearable,dry_to_dry,0.8,66,20260931,0.46666666666666656
wearable,dry_to_dry,0.8,67,20260931,0.12500000000000003
wearable,dry_to_dry,0.8,68,20260931,0.6583333333333333
wearable,dry_to_dry,0.8,69,20260931,0.975
wearable,dry_to_dry,0.8,70,20260931,0.3
wearable,dry_to_dry,0.8,71,20260931,0.26666666666666666
wearable,dry_to_dry,0.8,72,20260931,0.6333333333333334
wearable,dry_to_dry,0.8,73,20260931,0.31666666666666665
wearable,dry_to_dry,0.8,74,20260931,0.20833333333333337
wearable,dry_to_dry,0.8,75,20260931,0.39999999999999997
wearable,dry_to_dry,0.8,76,20260931,0.17500000000000002
wearable,dry_to_dry,0.8,77,20260931,0.4166666666666667
wearable,dry_to_dry,0.8,78,20260931,0.125
wearable,dry_to_dry,0.8,79,20260931,0.7333333333333334
wearable,dry_to_dry,0.8,80,20260931,0.36666666666666664
wearable,dry_to_dry,0.8,81,20260931,0.5583333333333332
wearable,dry_to_dry,0.8,82,20260931,0.5916666666666667
wearable,dry_to_dry,0.8,83,20260931,0.3833333333333333
wearable,dry_to_dry,0.8,84,20260931,0.6583333333333333
wearable,dry_to_dry,0.8,85,20260931,0.6666666666666666
wearable,dry_to_dry,0.8,86,20260931,0.5916666666666667
wearable,dry_to_dry,0.8,87,20260931,0.6833333333333335
wearable,dry_to_dry,0.8,88,20260931,0.2833333333333334
wearable,dry_to_dry,0.8,89,20260931,0.5333333333333333
wearable,dry_to_dry,0.8,90,20260931,0.21666666666666667
wearable,dry_to_dry,0.8,91,20260931,0.5833333333333334
wearable,dry_to_dry,0.8,92,20260931,0.4916666666666667
wearable,dry_to_dry,0.8,93,20260931,0.35000000000000003
wearable,dry_to_dry,0.8,94,20260931,0.49999999999999994
wearable,dry_to_dry,0.8,95,20260931,0.3666666666666667
wearable,dry_to_dry,0.8,96,20260931,0.275
wearable,dry_to_dry,0.8,97,20260931,0.12500000000000003
wearable,dry_to_dry,0.8,98,20260931,0.6833333333333332
wearable,dry_to_dry,0.8,99,20260931,0.6833333333333335
wearable,dry_to_dry,0.8,100,20260931,0.6166666666666666
wearable,dry_to_dry,0.8,101,20260931,0.5083333333333333
wearable,dry_to_dry,0.8,102,20260931,0.7833333333333333
wearable,dry_to_dry,1.0,1,20260929,0.2166666666666667
wearable,dry_to_dry,1.0,2,20260929,0.29166666666666663
wearable,dry_to_dry,1.0,3,20260929,0.6749999999999999
wearable,dry_to_dry,1.0,4,20260929,0.7833333333333333
wearable,dry_to_dry,1.0,5,20260929,0.5333333333333333
wearable,dry_to_dry,1.0,6,20260929,0.2833333333333333
wearable,dry_to_dry,1.0,7,20260929,0.5499999999999999
wearable,dry_to_dry,1.0,8,20260929,0.5666666666666667
wearable,dry_to_dry,1.0,9,20260929,0.20833333333333334
wearable,dry_to_dry,1.0,10,20260929,0.6166666666666666
wearable,dry_to_dry,1.0,11,20260929,0.6
wearable,dry_to_dry,1.0,12,20260929,0.39999999999999997
wearable,dry_to_dry,1.0,13,20260929,0.625
wearable,dry_to_dry,1.0,14,20260929,0.6916666666666668
wearable,dry_to_dry,1.0,15,20260929,0.3
wearable,dry_to_dry,1.0,16,20260929,0.3
wearable,dry_to_dry,1.0,17,20260929,0.4916666666666667
wearable,dry_to_dry,1.0,18,20260929,0.5916666666666667
wearable,dry_to_dry,1.0,19,20260929,0.7416666666666666
wearable,dry_to_dry,1.0,20,20260929,0.45
wearable,dry_to_dry,1.0,21,20260929,0.30000000000000004
wearable,dry_to_dry,1.0,22,20260929,0.20000000000000004
wearable,dry_to_dry,1.0,23,20260929,0.9583333333333334
wearable,dry_to_dry,1.0,24,20260929,0.7833333333333333
wearable,dry_to_dry,1.0,25,20260929,0.15000000000000002
wearable,dry_to_dry,1.0,26,20260929,0.7416666666666667
wearable,dry_to_dry,1.0,27,20260929,0.225
wearable,dry_to_dry,1.0,28,20260929,0.5666666666666668
wearable,dry_to_dry,1.0,29,20260929,0.7833333333333332
wearable,dry_to_dry,1.0,30,20260929,0.8500000000000001
wearable,dry_to_dry,1.0,31,20260929,0.7833333333333332
wearable,dry_to_dry,1.0,32,20260929,0.3416666666666666
wearable,dry_to_dry,1.0,33,20260929,0.43333333333333335
wearable,dry_to_dry,1.0,34,20260929,0.4249999999999999
wearable,dry_to_dry,1.0,35,20260929,0.20000000000000004
wearable,dry_to_dry,1.0,36,20260929,0.35000000000000003
wearable,dry_to_dry,1.0,37,20260929,0.55
wearable,dry_to_dry,1.0,38,20260929,0.9833333333333334
wearable,dry_to_dry,1.0,39,20260929,0.3333333333333333
wearable,dry_to_dry,1.0,40,20260929,0.6583333333333333
wearable,dry_to_dry,1.0,41,20260929,0.5333333333333333
wearable,dry_to_dry,1.0,42,20260929,0.4583333333333333
wearable,dry_to_dry,1.0,43,20260929,0.36666666666666664
wearable,dry_to_dry,1.0,44,20260929,0.1416666666666667
wearable,dry_to_dry,1.0,45,20260929,0.16666666666666666
wearable,dry_to_dry,1.0,46,20260929,0.29166666666666663
wearable,dry_to_dry,1.0,47,20260929,0.12500000000000003
wearable,dry_to_dry,1.0,48,20260929,0.4916666666666667
wearable,dry_to_dry,1.0,49,20260929,0.25
wearable,dry_to_dry,1.0,50,20260929,0.5166666666666667
wearable,dry_to_dry,1.0,51,20260929,0.45
wearable,dry_to_dry,1.0,52,20260929,0.8666666666666667
wearable,dry_to_dry,1.0,53,20260929,0.6999999999999998
wearable,dry_to_dry,1.0,54,20260929,0.8250000000000001
wearable,dry_to_dry,1.0,55,20260929,0.3416666666666666
wearable,dry_to_dry,1.0,56,20260929,0.8000000000000002
wearable,dry_to_dry,1.0,57,20260929,0.3333333333333333
wearable,dry_to_dry,1.0,58,20260929,0.8083333333333332
wearable,dry_to_dry,1.0,59,20260929,0.2333333333333333
wearable,dry_to_dry,1.0,60,20260929,0.3416666666666666
wearable,dry_to_dry,1.0,61,20260929,0.44999999999999996
wearable,dry_to_dry,1.0,62,20260929,0.7333333333333333
wearable,dry_to_dry,1.0,63,20260929,0.7749999999999999
wearable,dry_to_dry,1.0,64,20260929,0.2583333333333333
wearable,dry_to_dry,1.0,65,20260929,0.4083333333333334
wearable,dry_to_dry,1.0,66,20260929,0.5916666666666667
wearable,dry_to_dry,1.0,67,20260929,0.13333333333333333
wearable,dry_to_dry,1.0,68,20260929,0.8166666666666668
wearable,dry_to_dry,1.0,69,20260929,0.975
wearable,dry_to_dry,1.0,70,20260929,0.42500000000000004
wearable,dry_to_dry,1.0,71,20260929,0.3333333333333333
wearable,dry_to_dry,1.0,72,20260929,0.6749999999999999
wearable,dry_to_dry,1.0,73,20260929,0.31666666666666665
wearable,dry_to_dry,1.0,74,20260929,0.24999999999999997
wearable,dry_to_dry,1.0,75,20260929,0.4250000000000001
wearable,dry_to_dry,1.0,76,20260929,0.10833333333333334
wearable,dry_to_dry,1.0,77,20260929,0.45
wearable,dry_to_dry,1.0,78,20260929,0.13333333333333333
wearable,dry_to_dry,1.0,79,20260929,0.9
wearable,dry_to_dry,1.0,80,20260929,0.4583333333333334
wearable,dry_to_dry,1.0,81,20260929,0.5583333333333335
wearable,dry_to_dry,1.0,82,20260929,0.625
wearable,dry_to_dry,1.0,83,20260929,0.44999999999999996
wearable,dry_to_dry,1.0,84,20260929,0.7583333333333334
wearable,dry_to_dry,1.0,85,20260929,0.6416666666666667
wearable,dry_to_dry,1.0,86,20260929,0.7916666666666666
wearable,dry_to_dry,1.0,87,20260929,0.7000000000000001
wearable,dry_to_dry,1.0,88,20260929,0.4083333333333334
wearable,dry_to_dry,1.0,89,20260929,0.6083333333333333
wearable,dry_to_dry,1.0,90,20260929,0.2416666666666667
wearable,dry_to_dry,1.0,91,20260929,0.6000000000000001
wearable,dry_to_dry,1.0,92,20260929,0.5499999999999999
wearable,dry_to_dry,1.0,93,20260929,0.5583333333333333
wearable,dry_to_dry,1.0,94,20260929,0.7833333333333333
wearable,dry_to_dry,1.0,95,20260929,0.3333333333333333
wearable,dry_to_dry,1.0,96,20260929,0.3333333333333333
wearable,dry_to_dry,1.0,97,20260929,0.16666666666666666
wearable,dry_to_dry,1.0,98,20260929,0.7916666666666666
wearable,dry_to_dry,1.0,99,20260929,0.7833333333333333
wearable,dry_to_dry,1.0,100,20260929,0.7749999999999999
wearable,dry_to_dry,1.0,101,20260929,0.5499999999999999
wearable,dry_to_dry,1.0,102,20260929,0.875
wearable,dry_to_dry,1.0,1,20260930,0.20833333333333334
wearable,dry_to_dry,1.0,2,20260930,0.275
wearable,dry_to_dry,1.0,3,20260930,0.65
wearable,dry_to_dry,1.0,4,20260930,0.7999999999999999
wearable,dry_to_dry,1.0,5,20260930,0.6166666666666666
wearable,dry_to_dry,1.0,6,20260930,0.3
wearable,dry_to_dry,1.0,7,20260930,0.5750000000000001
wearable,dry_to_dry,1.0,8,20260930,0.5833333333333334
wearable,dry_to_dry,1.0,9,20260930,0.26666666666666666
wearable,dry_to_dry,1.0,10,20260930,0.575
wearable,dry_to_dry,1.0,11,20260930,0.65
wearable,dry_to_dry,1.0,12,20260930,0.39999999999999997
wearable,dry_to_dry,1.0,13,20260930,0.5666666666666667
wearable,dry_to_dry,1.0,14,20260930,0.6083333333333333
wearable,dry_to_dry,1.0,15,20260930,0.28333333333333327
wearable,dry_to_dry,1.0,16,20260930,0.3
wearable,dry_to_dry,1.0,17,20260930,0.425
wearable,dry_to_dry,1.0,18,20260930,0.6166666666666667
wearable,dry_to_dry,1.0,19,20260930,0.7416666666666667
wearable,dry_to_dry,1.0,20,20260930,0.4666666666666666
wearable,dry_to_dry,1.0,21,20260930,0.325
wearable,dry_to_dry,1.0,22,20260930,0.21666666666666667
wearable,dry_to_dry,1.0,23,20260930,0.9583333333333334
wearable,dry_to_dry,1.0,24,20260930,0.775
wearable,dry_to_dry,1.0,25,20260930,0.16666666666666666
wearable,dry_to_dry,1.0,26,20260930,0.7333333333333333
wearable,dry_to_dry,1.0,27,20260930,0.2333333333333333
wearable,dry_to_dry,1.0,28,20260930,0.6166666666666666
wearable,dry_to_dry,1.0,29,20260930,0.7749999999999999
wearable,dry_to_dry,1.0,30,20260930,0.8166666666666665
wearable,dry_to_dry,1.0,31,20260930,0.8250000000000001
wearable,dry_to_dry,1.0,32,20260930,0.44999999999999996
wearable,dry_to_dry,1.0,33,20260930,0.4333333333333333
wearable,dry_to_dry,1.0,34,20260930,0.46666666666666673
wearable,dry_to_dry,1.0,35,20260930,0.15833333333333333
wearable,dry_to_dry,1.0,36,20260930,0.42500000000000004
wearable,dry_to_dry,1.0,37,20260930,0.46666666666666656
wearable,dry_to_dry,1.0,38,20260930,0.9750000000000001
wearable,dry_to_dry,1.0,39,20260930,0.3833333333333333
wearable,dry_to_dry,1.0,40,20260930,0.7583333333333333
wearable,dry_to_dry,1.0,41,20260930,0.49999999999999994
wearable,dry_to_dry,1.0,42,20260930,0.4166666666666667
wearable,dry_to_dry,1.0,43,20260930,0.4333333333333333
wearable,dry_to_dry,1.0,44,20260930,0.21666666666666667
wearable,dry_to_dry,1.0,45,20260930,0.10833333333333334
wearable,dry_to_dry,1.0,46,20260930,0.30000000000000004
wearable,dry_to_dry,1.0,47,20260930,0.08333333333333333
wearable,dry_to_dry,1.0,48,20260930,0.34166666666666673
wearable,dry_to_dry,1.0,49,20260930,0.2166666666666667
wearable,dry_to_dry,1.0,50,20260930,0.48333333333333334
wearable,dry_to_dry,1.0,51,20260930,0.425
wearable,dry_to_dry,1.0,52,20260930,0.8416666666666668
wearable,dry_to_dry,1.0,53,20260930,0.65
wearable,dry_to_dry,1.0,54,20260930,0.8500000000000001
wearable,dry_to_dry,1.0,55,20260930,0.45833333333333326
wearable,dry_to_dry,1.0,56,20260930,0.7416666666666667
wearable,dry_to_dry,1.0,57,20260930,0.35000000000000003
wearable,dry_to_dry,1.0,58,20260930,0.6999999999999998
wearable,dry_to_dry,1.0,59,20260930,0.2916666666666667
wearable,dry_to_dry,1.0,60,20260930,0.2916666666666667
wearable,dry_to_dry,1.0,61,20260930,0.47500000000000003
wearable,dry_to_dry,1.0,62,20260930,0.6749999999999999
wearable,dry_to_dry,1.0,63,20260930,0.6
wearable,dry_to_dry,1.0,64,20260930,0.3833333333333333
wearable,dry_to_dry,1.0,65,20260930,0.425
wearable,dry_to_dry,1.0,66,20260930,0.5583333333333332
wearable,dry_to_dry,1.0,67,20260930,0.125
wearable,dry_to_dry,1.0,68,20260930,0.7250000000000001
wearable,dry_to_dry,1.0,69,20260930,0.9833333333333334
wearable,dry_to_dry,1.0,70,20260930,0.45
wearable,dry_to_dry,1.0,71,20260930,0.32499999999999996
wearable,dry_to_dry,1.0,72,20260930,0.7333333333333334
wearable,dry_to_dry,1.0,73,20260930,0.2833333333333333
wearable,dry_to_dry,1.0,74,20260930,0.20833333333333334
wearable,dry_to_dry,1.0,75,20260930,0.5666666666666667
wearable,dry_to_dry,1.0,76,20260930,0.10833333333333334
wearable,dry_to_dry,1.0,77,20260930,0.4333333333333333
wearable,dry_to_dry,1.0,78,20260930,0.13333333333333333
wearable,dry_to_dry,1.0,79,20260930,0.8250000000000001
wearable,dry_to_dry,1.0,80,20260930,0.5
wearable,dry_to_dry,1.0,81,20260930,0.6
wearable,dry_to_dry,1.0,82,20260930,0.6583333333333333
wearable,dry_to_dry,1.0,83,20260930,0.3833333333333333
wearable,dry_to_dry,1.0,84,20260930,0.725
wearable,dry_to_dry,1.0,85,20260930,0.6
wearable,dry_to_dry,1.0,86,20260930,0.8166666666666665
wearable,dry_to_dry,1.0,87,20260930,0.7416666666666667
wearable,dry_to_dry,1.0,88,20260930,0.39999999999999997
wearable,dry_to_dry,1.0,89,20260930,0.625
wearable,dry_to_dry,1.0,90,20260930,0.20000000000000004
wearable,dry_to_dry,1.0,91,20260930,0.6
wearable,dry_to_dry,1.0,92,20260930,0.5750000000000001
wearable,dry_to_dry,1.0,93,20260930,0.4749999999999999
wearable,dry_to_dry,1.0,94,20260930,0.7916666666666666
wearable,dry_to_dry,1.0,95,20260930,0.39999999999999997
wearable,dry_to_dry,1.0,96,20260930,0.3416666666666666
wearable,dry_to_dry,1.0,97,20260930,0.18333333333333335
wearable,dry_to_dry,1.0,98,20260930,0.775
wearable,dry_to_dry,1.0,99,20260930,0.7416666666666667
wearable,dry_to_dry,1.0,100,20260930,0.7833333333333332
wearable,dry_to_dry,1.0,101,20260930,0.5583333333333332
wearable,dry_to_dry,1.0,102,20260930,0.8416666666666667
wearable,dry_to_dry,1.0,1,20260931,0.19166666666666665
wearable,dry_to_dry,1.0,2,20260931,0.2166666666666667
wearable,dry_to_dry,1.0,3,20260931,0.6916666666666665
wearable,dry_to_dry,1.0,4,20260931,0.7583333333333333
wearable,dry_to_dry,1.0,5,20260931,0.5583333333333332
wearable,dry_to_dry,1.0,6,20260931,0.2833333333333333
wearable,dry_to_dry,1.0,7,20260931,0.5333333333333333
wearable,dry_to_dry,1.0,8,20260931,0.5833333333333334
wearable,dry_to_dry,1.0,9,20260931,0.2166666666666667
wearable,dry_to_dry,1.0,10,20260931,0.6916666666666668
wearable,dry_to_dry,1.0,11,20260931,0.6583333333333333
wearable,dry_to_dry,1.0,12,20260931,0.5
wearable,dry_to_dry,1.0,13,20260931,0.6666666666666666
wearable,dry_to_dry,1.0,14,20260931,0.6749999999999999
wearable,dry_to_dry,1.0,15,20260931,0.2916666666666667
wearable,dry_to_dry,1.0,16,20260931,0.26666666666666666
wearable,dry_to_dry,1.0,17,20260931,0.43333333333333335
wearable,dry_to_dry,1.0,18,20260931,0.5666666666666665
wearable,dry_to_dry,1.0,19,20260931,0.8083333333333335
wearable,dry_to_dry,1.0,20,20260931,0.5
wearable,dry_to_dry,1.0,21,20260931,0.3166666666666667
wearable,dry_to_dry,1.0,22,20260931,0.17500000000000004
wearable,dry_to_dry,1.0,23,20260931,0.9500000000000001
wearable,dry_to_dry,1.0,24,20260931,0.7833333333333332
wearable,dry_to_dry,1.0,25,20260931,0.2166666666666667
wearable,dry_to_dry,1.0,26,20260931,0.8500000000000001
wearable,dry_to_dry,1.0,27,20260931,0.2916666666666667
wearable,dry_to_dry,1.0,28,20260931,0.7333333333333333
wearable,dry_to_dry,1.0,29,20260931,0.7916666666666666
wearable,dry_to_dry,1.0,30,20260931,0.7916666666666666
wearable,dry_to_dry,1.0,31,20260931,0.8166666666666668
wearable,dry_to_dry,1.0,32,20260931,0.41666666666666674
wearable,dry_to_dry,1.0,33,20260931,0.4166666666666667
wearable,dry_to_dry,1.0,34,20260931,0.4416666666666667
wearable,dry_to_dry,1.0,35,20260931,0.19166666666666668
wearable,dry_to_dry,1.0,36,20260931,0.3333333333333333
wearable,dry_to_dry,1.0,37,20260931,0.5249999999999999
wearable,dry_to_dry,1.0,38,20260931,0.9833333333333334
wearable,dry_to_dry,1.0,39,20260931,0.5
wearable,dry_to_dry,1.0,40,20260931,0.5666666666666667
wearable,dry_to_dry,1.0,41,20260931,0.48333333333333334
wearable,dry_to_dry,1.0,42,20260931,0.425
wearable,dry_to_dry,1.0,43,20260931,0.4583333333333333
wearable,dry_to_dry,1.0,44,20260931,0.17500000000000002
wearable,dry_to_dry,1.0,45,20260931,0.125
wearable,dry_to_dry,1.0,46,20260931,0.3416666666666666
wearable,dry_to_dry,1.0,47,20260931,0.10833333333333334
wearable,dry_to_dry,1.0,48,20260931,0.39999999999999997
wearable,dry_to_dry,1.0,49,20260931,0.19999999999999998
wearable,dry_to_dry,1.0,50,20260931,0.49166666666666664
wearable,dry_to_dry,1.0,51,20260931,0.4583333333333333
wearable,dry_to_dry,1.0,52,20260931,0.9333333333333335
wearable,dry_to_dry,1.0,53,20260931,0.6083333333333334
wearable,dry_to_dry,1.0,54,20260931,0.8750000000000001
wearable,dry_to_dry,1.0,55,20260931,0.38333333333333336
wearable,dry_to_dry,1.0,56,20260931,0.8000000000000002
wearable,dry_to_dry,1.0,57,20260931,0.325
wearable,dry_to_dry,1.0,58,20260931,0.7666666666666666
wearable,dry_to_dry,1.0,59,20260931,0.2583333333333333
wearable,dry_to_dry,1.0,60,20260931,0.325
wearable,dry_to_dry,1.0,61,20260931,0.44166666666666665
wearable,dry_to_dry,1.0,62,20260931,0.7000000000000002
wearable,dry_to_dry,1.0,63,20260931,0.6583333333333333
wearable,dry_to_dry,1.0,64,20260931,0.3833333333333333
wearable,dry_to_dry,1.0,65,20260931,0.375
wearable,dry_to_dry,1.0,66,20260931,0.5416666666666666
wearable,dry_to_dry,1.0,67,20260931,0.13333333333333333
wearable,dry_to_dry,1.0,68,20260931,0.7833333333333333
wearable,dry_to_dry,1.0,69,20260931,0.975
wearable,dry_to_dry,1.0,70,20260931,0.4083333333333334
wearable,dry_to_dry,1.0,71,20260931,0.23333333333333336
wearable,dry_to_dry,1.0,72,20260931,0.7250000000000001
wearable,dry_to_dry,1.0,73,20260931,0.3416666666666666
wearable,dry_to_dry,1.0,74,20260931,0.19166666666666665
wearable,dry_to_dry,1.0,75,20260931,0.49999999999999994
wearable,dry_to_dry,1.0,76,20260931,0.15833333333333335
wearable,dry_to_dry,1.0,77,20260931,0.4499999999999999
wearable,dry_to_dry,1.0,78,20260931,0.15
wearable,dry_to_dry,1.0,79,20260931,0.8583333333333333
wearable,dry_to_dry,1.0,80,20260931,0.39166666666666666
wearable,dry_to_dry,1.0,81,20260931,0.6916666666666668
wearable,dry_to_dry,1.0,82,20260931,0.6250000000000001
wearable,dry_to_dry,1.0,83,20260931,0.48333333333333334
wearable,dry_to_dry,1.0,84,20260931,0.7500000000000001
wearable,dry_to_dry,1.0,85,20260931,0.65
wearable,dry_to_dry,1.0,86,20260931,0.7583333333333333
wearable,dry_to_dry,1.0,87,20260931,0.7500000000000001
wearable,dry_to_dry,1.0,88,20260931,0.38333333333333336
wearable,dry_to_dry,1.0,89,20260931,0.6999999999999998
wearable,dry_to_dry,1.0,90,20260931,0.20833333333333334
wearable,dry_to_dry,1.0,91,20260931,0.6666666666666666
wearable,dry_to_dry,1.0,92,20260931,0.5416666666666666
wearable,dry_to_dry,1.0,93,20260931,0.425
wearable,dry_to_dry,1.0,94,20260931,0.7833333333333333
wearable,dry_to_dry,1.0,95,20260931,0.4083333333333332
wearable,dry_to_dry,1.0,96,20260931,0.35000000000000003
wearable,dry_to_dry,1.0,97,20260931,0.19999999999999998
wearable,dry_to_dry,1.0,98,20260931,0.7749999999999999
wearable,dry_to_dry,1.0,99,20260931,0.7166666666666668
wearable,dry_to_dry,1.0,100,20260931,0.7416666666666667
wearable,dry_to_dry,1.0,101,20260931,0.5833333333333333
wearable,dry_to_dry,1.0,102,20260931,0.8666666666666667
wearable,dry_to_dry,1.2,1,20260929,0.23333333333333336
wearable,dry_to_dry,1.2,2,20260929,0.30833333333333335
wearable,dry_to_dry,1.2,3,20260929,0.7083333333333334
wearable,dry_to_dry,1.2,4,20260929,0.9000000000000002
wearable,dry_to_dry,1.2,5,20260929,0.6666666666666666
wearable,dry_to_dry,1.2,6,20260929,0.27499999999999997
wearable,dry_to_dry,1.2,7,20260929,0.5916666666666667
wearable,dry_to_dry,1.2,8,20260929,0.6666666666666666
wearable,dry_to_dry,1.2,9,20260929,0.275
wearable,dry_to_dry,1.2,10,20260929,0.6333333333333333
wearable,dry_to_dry,1.2,11,20260929,0.7000000000000001
wearable,dry_to_dry,1.2,12,20260929,0.49166666666666664
wearable,dry_to_dry,1.2,13,20260929,0.6999999999999998
wearable,dry_to_dry,1.2,14,20260929,0.75
wearable,dry_to_dry,1.2,15,20260929,0.3666666666666667
wearable,dry_to_dry,1.2,16,20260929,0.31666666666666665
wearable,dry_to_dry,1.2,17,20260929,0.5499999999999999
wearable,dry_to_dry,1.2,18,20260929,0.5916666666666667
wearable,dry_to_dry,1.2,19,20260929,0.8333333333333335
wearable,dry_to_dry,1.2,20,20260929,0.4750000000000001
wearable,dry_to_dry,1.2,21,20260929,0.325
wearable,dry_to_dry,1.2,22,20260929,0.18333333333333332
wearable,dry_to_dry,1.2,23,20260929,0.975
wearable,dry_to_dry,1.2,24,20260929,0.8083333333333335
wearable,dry_to_dry,1.2,25,20260929,0.20000000000000004
wearable,dry_to_dry,1.2,26,20260929,0.7166666666666667
wearable,dry_to_dry,1.2,27,20260929,0.2833333333333334
wearable,dry_to_dry,1.2,28,20260929,0.6250000000000001
wearable,dry_to_dry,1.2,29,20260929,0.875
wearable,dry_to_dry,1.2,30,20260929,0.85
wearable,dry_to_dry,1.2,31,20260929,0.7916666666666666
wearable,dry_to_dry,1.2,32,20260929,0.48333333333333334
wearable,dry_to_dry,1.2,33,20260929,0.4750000000000001
wearable,dry_to_dry,1.2,34,20260929,0.48333333333333334
wearable,dry_to_dry,1.2,35,20260929,0.18333333333333335
wearable,dry_to_dry,1.2,36,20260929,0.35000000000000003
wearable,dry_to_dry,1.2,37,20260929,0.5416666666666666
wearable,dry_to_dry,1.2,38,20260929,0.9833333333333334
wearable,dry_to_dry,1.2,39,20260929,0.4166666666666667
wearable,dry_to_dry,1.2,40,20260929,0.7999999999999999
wearable,dry_to_dry,1.2,41,20260929,0.6
wearable,dry_to_dry,1.2,42,20260929,0.4916666666666667
wearable,dry_to_dry,1.2,43,20260929,0.4166666666666666
wearable,dry_to_dry,1.2,44,20260929,0.12500000000000003
wearable,dry_to_dry,1.2,45,20260929,0.15833333333333335
wearable,dry_to_dry,1.2,46,20260929,0.35000000000000003
wearable,dry_to_dry,1.2,47,20260929,0.125
wearable,dry_to_dry,1.2,48,20260929,0.40833333333333327
wearable,dry_to_dry,1.2,49,20260929,0.20000000000000004
wearable,dry_to_dry,1.2,50,20260929,0.5583333333333332
wearable,dry_to_dry,1.2,51,20260929,0.525
wearable,dry_to_dry,1.2,52,20260929,0.8916666666666667
wearable,dry_to_dry,1.2,53,20260929,0.7333333333333333
wearable,dry_to_dry,1.2,54,20260929,0.9500000000000001
wearable,dry_to_dry,1.2,55,20260929,0.39166666666666666
wearable,dry_to_dry,1.2,56,20260929,0.8500000000000001
wearable,dry_to_dry,1.2,57,20260929,0.4166666666666667
wearable,dry_to_dry,1.2,58,20260929,0.7583333333333333
wearable,dry_to_dry,1.2,59,20260929,0.27499999999999997
wearable,dry_to_dry,1.2,60,20260929,0.3833333333333333
wearable,dry_to_dry,1.2,61,20260929,0.4666666666666666
wearable,dry_to_dry,1.2,62,20260929,0.7333333333333334
wearable,dry_to_dry,1.2,63,20260929,0.8500000000000001
wearable,dry_to_dry,1.2,64,20260929,0.275
wearable,dry_to_dry,1.2,65,20260929,0.46666666666666673
wearable,dry_to_dry,1.2,66,20260929,0.6333333333333333
wearable,dry_to_dry,1.2,67,20260929,0.1666666666666667
wearable,dry_to_dry,1.2,68,20260929,0.8000000000000002
wearable,dry_to_dry,1.2,69,20260929,0.9916666666666667
wearable,dry_to_dry,1.2,70,20260929,0.40833333333333327
wearable,dry_to_dry,1.2,71,20260929,0.36666666666666664
wearable,dry_to_dry,1.2,72,20260929,0.7083333333333334
wearable,dry_to_dry,1.2,73,20260929,0.3
wearable,dry_to_dry,1.2,74,20260929,0.20833333333333334
wearable,dry_to_dry,1.2,75,20260929,0.42500000000000004
wearable,dry_to_dry,1.2,76,20260929,0.13333333333333336
wearable,dry_to_dry,1.2,77,20260929,0.4749999999999999
wearable,dry_to_dry,1.2,78,20260929,0.1416666666666667
wearable,dry_to_dry,1.2,79,20260929,0.9333333333333335
wearable,dry_to_dry,1.2,80,20260929,0.49166666666666664
wearable,dry_to_dry,1.2,81,20260929,0.55
wearable,dry_to_dry,1.2,82,20260929,0.7083333333333334
wearable,dry_to_dry,1.2,83,20260929,0.39999999999999997
wearable,dry_to_dry,1.2,84,20260929,0.8250000000000001
wearable,dry_to_dry,1.2,85,20260929,0.6916666666666668
wearable,dry_to_dry,1.2,86,20260929,0.9166666666666669
wearable,dry_to_dry,1.2,87,20260929,0.7583333333333333
wearable,dry_to_dry,1.2,88,20260929,0.43333333333333335
wearable,dry_to_dry,1.2,89,20260929,0.5583333333333333
wearable,dry_to_dry,1.2,90,20260929,0.30833333333333335
wearable,dry_to_dry,1.2,91,20260929,0.6
wearable,dry_to_dry,1.2,92,20260929,0.6083333333333334
wearable,dry_to_dry,1.2,93,20260929,0.525
wearable,dry_to_dry,1.2,94,20260929,0.7000000000000001
wearable,dry_to_dry,1.2,95,20260929,0.425
wearable,dry_to_dry,1.2,96,20260929,0.4083333333333334
wearable,dry_to_dry,1.2,97,20260929,0.15
wearable,dry_to_dry,1.2,98,20260929,0.8416666666666668
wearable,dry_to_dry,1.2,99,20260929,0.7583333333333333
wearable,dry_to_dry,1.2,100,20260929,0.7749999999999999
wearable,dry_to_dry,1.2,101,20260929,0.6083333333333333
wearable,dry_to_dry,1.2,102,20260929,0.8833333333333333
wearable,dry_to_dry,1.2,1,20260930,0.22499999999999998
wearable,dry_to_dry,1.2,2,20260930,0.2583333333333333
wearable,dry_to_dry,1.2,3,20260930,0.7166666666666667
wearable,dry_to_dry,1.2,4,20260930,0.8000000000000002
wearable,dry_to_dry,1.2,5,20260930,0.6583333333333333
wearable,dry_to_dry,1.2,6,20260930,0.23333333333333336
wearable,dry_to_dry,1.2,7,20260930,0.6083333333333333
wearable,dry_to_dry,1.2,8,20260930,0.6249999999999999
wearable,dry_to_dry,1.2,9,20260930,0.26666666666666666
wearable,dry_to_dry,1.2,10,20260930,0.6916666666666668
wearable,dry_to_dry,1.2,11,20260930,0.6749999999999999
wearable,dry_to_dry,1.2,12,20260930,0.525
wearable,dry_to_dry,1.2,13,20260930,0.6416666666666666
wearable,dry_to_dry,1.2,14,20260930,0.725
wearable,dry_to_dry,1.2,15,20260930,0.3333333333333333
wearable,dry_to_dry,1.2,16,20260930,0.3416666666666666
wearable,dry_to_dry,1.2,17,20260930,0.5166666666666667
wearable,dry_to_dry,1.2,18,20260930,0.6500000000000001
wearable,dry_to_dry,1.2,19,20260930,0.7999999999999999
wearable,dry_to_dry,1.2,20,20260930,0.44166666666666665
wearable,dry_to_dry,1.2,21,20260930,0.35000000000000003
wearable,dry_to_dry,1.2,22,20260930,0.19999999999999998
wearable,dry_to_dry,1.2,23,20260930,0.975
wearable,dry_to_dry,1.2,24,20260930,0.8416666666666668
wearable,dry_to_dry,1.2,25,20260930,0.2166666666666667
wearable,dry_to_dry,1.2,26,20260930,0.8083333333333332
wearable,dry_to_dry,1.2,27,20260930,0.3333333333333333
wearable,dry_to_dry,1.2,28,20260930,0.6833333333333335
wearable,dry_to_dry,1.2,29,20260930,0.8333333333333334
wearable,dry_to_dry,1.2,30,20260930,0.8916666666666666
wearable,dry_to_dry,1.2,31,20260930,0.8416666666666668
wearable,dry_to_dry,1.2,32,20260930,0.5083333333333333
wearable,dry_to_dry,1.2,33,20260930,0.4833333333333334
wearable,dry_to_dry,1.2,34,20260930,0.5499999999999999
wearable,dry_to_dry,1.2,35,20260930,0.19999999999999998
wearable,dry_to_dry,1.2,36,20260930,0.4333333333333333
wearable,dry_to_dry,1.2,37,20260930,0.4916666666666667
wearable,dry_to_dry,1.2,38,20260930,0.9750000000000001
wearable,dry_to_dry,1.2,39,20260930,0.4916666666666667
wearable,dry_to_dry,1.2,40,20260930,0.7583333333333333
wearable,dry_to_dry,1.2,41,20260930,0.6333333333333333
wearable,dry_to_dry,1.2,42,20260930,0.5333333333333333
wearable,dry_to_dry,1.2,43,20260930,0.5416666666666666
wearable,dry_to_dry,1.2,44,20260930,0.19166666666666668
wearable,dry_to_dry,1.2,45,20260930,0.09999999999999999
wearable,dry_to_dry,1.2,46,20260930,0.3666666666666667
wearable,dry_to_dry,1.2,47,20260930,0.15000000000000002
wearable,dry_to_dry,1.2,48,20260930,0.425
wearable,dry_to_dry,1.2,49,20260930,0.225
wearable,dry_to_dry,1.2,50,20260930,0.5499999999999999
wearable,dry_to_dry,1.2,51,20260930,0.5166666666666667
wearable,dry_to_dry,1.2,52,20260930,0.9
wearable,dry_to_dry,1.2,53,20260930,0.7000000000000001
wearable,dry_to_dry,1.2,54,20260930,0.9166666666666669
wearable,dry_to_dry,1.2,55,20260930,0.5499999999999999
wearable,dry_to_dry,1.2,56,20260930,0.8250000000000001
wearable,dry_to_dry,1.2,57,20260930,0.4083333333333334
wearable,dry_to_dry,1.2,58,20260930,0.7583333333333333
wearable,dry_to_dry,1.2,59,20260930,0.35833333333333334
wearable,dry_to_dry,1.2,60,20260930,0.3
wearable,dry_to_dry,1.2,61,20260930,0.525
wearable,dry_to_dry,1.2,62,20260930,0.725
wearable,dry_to_dry,1.2,63,20260930,0.7583333333333333
wearable,dry_to_dry,1.2,64,20260930,0.3333333333333333
wearable,dry_to_dry,1.2,65,20260930,0.39999999999999997
wearable,dry_to_dry,1.2,66,20260930,0.6333333333333334
wearable,dry_to_dry,1.2,67,20260930,0.17500000000000002
wearable,dry_to_dry,1.2,68,20260930,0.8166666666666668
wearable,dry_to_dry,1.2,69,20260930,0.9916666666666667
wearable,dry_to_dry,1.2,70,20260930,0.4000000000000001
wearable,dry_to_dry,1.2,71,20260930,0.3666666666666667
wearable,dry_to_dry,1.2,72,20260930,0.8083333333333332
wearable,dry_to_dry,1.2,73,20260930,0.3333333333333333
wearable,dry_to_dry,1.2,74,20260930,0.25833333333333336
wearable,dry_to_dry,1.2,75,20260930,0.55
wearable,dry_to_dry,1.2,76,20260930,0.13333333333333336
wearable,dry_to_dry,1.2,77,20260930,0.42500000000000004
wearable,dry_to_dry,1.2,78,20260930,0.125
wearable,dry_to_dry,1.2,79,20260930,0.8833333333333334
wearable,dry_to_dry,1.2,80,20260930,0.5
wearable,dry_to_dry,1.2,81,20260930,0.7000000000000001
wearable,dry_to_dry,1.2,82,20260930,0.7166666666666668
wearable,dry_to_dry,1.2,83,20260930,0.4166666666666667
wearable,dry_to_dry,1.2,84,20260930,0.85
wearable,dry_to_dry,1.2,85,20260930,0.7166666666666667
wearable,dry_to_dry,1.2,86,20260930,0.8666666666666667
wearable,dry_to_dry,1.2,87,20260930,0.8083333333333332
wearable,dry_to_dry,1.2,88,20260930,0.4166666666666667
wearable,dry_to_dry,1.2,89,20260930,0.6833333333333335
wearable,dry_to_dry,1.2,90,20260930,0.3
wearable,dry_to_dry,1.2,91,20260930,0.6833333333333332
wearable,dry_to_dry,1.2,92,20260930,0.6833333333333332
wearable,dry_to_dry,1.2,93,20260930,0.5083333333333332
wearable,dry_to_dry,1.2,94,20260930,0.8249999999999998
wearable,dry_to_dry,1.2,95,20260930,0.44999999999999996
wearable,dry_to_dry,1.2,96,20260930,0.425
wearable,dry_to_dry,1.2,97,20260930,0.20833333333333334
wearable,dry_to_dry,1.2,98,20260930,0.7833333333333333
wearable,dry_to_dry,1.2,99,20260930,0.7666666666666666
wearable,dry_to_dry,1.2,100,20260930,0.7833333333333333
wearable,dry_to_dry,1.2,101,20260930,0.6166666666666667
wearable,dry_to_dry,1.2,102,20260930,0.8833333333333333
wearable,dry_to_dry,1.2,1,20260931,0.24166666666666667
wearable,dry_to_dry,1.2,2,20260931,0.27499999999999997
wearable,dry_to_dry,1.2,3,20260931,0.7083333333333334
wearable,dry_to_dry,1.2,4,20260931,0.8166666666666668
wearable,dry_to_dry,1.2,5,20260931,0.65
wearable,dry_to_dry,1.2,6,20260931,0.2833333333333334
wearable,dry_to_dry,1.2,7,20260931,0.65
wearable,dry_to_dry,1.2,8,20260931,0.6333333333333332
wearable,dry_to_dry,1.2,9,20260931,0.20833333333333337
wearable,dry_to_dry,1.2,10,20260931,0.7083333333333334
wearable,dry_to_dry,1.2,11,20260931,0.6583333333333332
wearable,dry_to_dry,1.2,12,20260931,0.5499999999999999
wearable,dry_to_dry,1.2,13,20260931,0.7333333333333334
wearable,dry_to_dry,1.2,14,20260931,0.7083333333333334
wearable,dry_to_dry,1.2,15,20260931,0.3333333333333333
wearable,dry_to_dry,1.2,16,20260931,0.3083333333333333
wearable,dry_to_dry,1.2,17,20260931,0.49166666666666664
wearable,dry_to_dry,1.2,18,20260931,0.5833333333333333
wearable,dry_to_dry,1.2,19,20260931,0.8250000000000002
wearable,dry_to_dry,1.2,20,20260931,0.5166666666666666
wearable,dry_to_dry,1.2,21,20260931,0.30000000000000004
wearable,dry_to_dry,1.2,22,20260931,0.15000000000000002
wearable,dry_to_dry,1.2,23,20260931,0.9666666666666667
wearable,dry_to_dry,1.2,24,20260931,0.8333333333333335
wearable,dry_to_dry,1.2,25,20260931,0.21666666666666667
wearable,dry_to_dry,1.2,26,20260931,0.8666666666666667
wearable,dry_to_dry,1.2,27,20260931,0.2916666666666667
wearable,dry_to_dry,1.2,28,20260931,0.7416666666666666
wearable,dry_to_dry,1.2,29,20260931,0.8333333333333334
wearable,dry_to_dry,1.2,30,20260931,0.8583333333333333
wearable,dry_to_dry,1.2,31,20260931,0.8083333333333336
wearable,dry_to_dry,1.2,32,20260931,0.47500000000000003
wearable,dry_to_dry,1.2,33,20260931,0.5333333333333333
wearable,dry_to_dry,1.2,34,20260931,0.5166666666666666
wearable,dry_to_dry,1.2,35,20260931,0.15833333333333335
wearable,dry_to_dry,1.2,36,20260931,0.4583333333333333
wearable,dry_to_dry,1.2,37,20260931,0.5833333333333333
wearable,dry_to_dry,1.2,38,20260931,0.9833333333333334
wearable,dry_to_dry,1.2,39,20260931,0.5333333333333333
wearable,dry_to_dry,1.2,40,20260931,0.5583333333333332
wearable,dry_to_dry,1.2,41,20260931,0.5750000000000001
wearable,dry_to_dry,1.2,42,20260931,0.4749999999999999
wearable,dry_to_dry,1.2,43,20260931,0.4749999999999999
wearable,dry_to_dry,1.2,44,20260931,0.17500000000000004
wearable,dry_to_dry,1.2,45,20260931,0.08333333333333333
wearable,dry_to_dry,1.2,46,20260931,0.35833333333333334
wearable,dry_to_dry,1.2,47,20260931,0.15
wearable,dry_to_dry,1.2,48,20260931,0.4083333333333334
wearable,dry_to_dry,1.2,49,20260931,0.2583333333333333
wearable,dry_to_dry,1.2,50,20260931,0.5083333333333332
wearable,dry_to_dry,1.2,51,20260931,0.5416666666666666
wearable,dry_to_dry,1.2,52,20260931,0.9333333333333335
wearable,dry_to_dry,1.2,53,20260931,0.7083333333333331
wearable,dry_to_dry,1.2,54,20260931,0.9416666666666668
wearable,dry_to_dry,1.2,55,20260931,0.4166666666666666
wearable,dry_to_dry,1.2,56,20260931,0.8333333333333335
wearable,dry_to_dry,1.2,57,20260931,0.36666666666666664
wearable,dry_to_dry,1.2,58,20260931,0.7999999999999999
wearable,dry_to_dry,1.2,59,20260931,0.2833333333333333
wearable,dry_to_dry,1.2,60,20260931,0.2833333333333334
wearable,dry_to_dry,1.2,61,20260931,0.47500000000000003
wearable,dry_to_dry,1.2,62,20260931,0.75
wearable,dry_to_dry,1.2,63,20260931,0.7666666666666667
wearable,dry_to_dry,1.2,64,20260931,0.375
wearable,dry_to_dry,1.2,65,20260931,0.4749999999999999
wearable,dry_to_dry,1.2,66,20260931,0.6249999999999999
wearable,dry_to_dry,1.2,67,20260931,0.15
wearable,dry_to_dry,1.2,68,20260931,0.8166666666666669
wearable,dry_to_dry,1.2,69,20260931,0.9916666666666667
wearable,dry_to_dry,1.2,70,20260931,0.3583333333333332
wearable,dry_to_dry,1.2,71,20260931,0.3333333333333333
wearable,dry_to_dry,1.2,72,20260931,0.775
wearable,dry_to_dry,1.2,73,20260931,0.3416666666666666
wearable,dry_to_dry,1.2,74,20260931,0.2416666666666667
wearable,dry_to_dry,1.2,75,20260931,0.5583333333333332
wearable,dry_to_dry,1.2,76,20260931,0.15
wearable,dry_to_dry,1.2,77,20260931,0.44166666666666665
wearable,dry_to_dry,1.2,78,20260931,0.19166666666666665
wearable,dry_to_dry,1.2,79,20260931,0.8916666666666667
wearable,dry_to_dry,1.2,80,20260931,0.49166666666666664
wearable,dry_to_dry,1.2,81,20260931,0.7083333333333334
wearable,dry_to_dry,1.2,82,20260931,0.6833333333333335
wearable,dry_to_dry,1.2,83,20260931,0.45
wearable,dry_to_dry,1.2,84,20260931,0.8166666666666668
wearable,dry_to_dry,1.2,85,20260931,0.7416666666666667
wearable,dry_to_dry,1.2,86,20260931,0.8083333333333332
wearable,dry_to_dry,1.2,87,20260931,0.8083333333333335
wearable,dry_to_dry,1.2,88,20260931,0.4166666666666667
wearable,dry_to_dry,1.2,89,20260931,0.7333333333333334
wearable,dry_to_dry,1.2,90,20260931,0.22500000000000006
wearable,dry_to_dry,1.2,91,20260931,0.7166666666666667
wearable,dry_to_dry,1.2,92,20260931,0.625
wearable,dry_to_dry,1.2,93,20260931,0.48333333333333334
wearable,dry_to_dry,1.2,94,20260931,0.8250000000000001
wearable,dry_to_dry,1.2,95,20260931,0.44166666666666665
wearable,dry_to_dry,1.2,96,20260931,0.3416666666666666
wearable,dry_to_dry,1.2,97,20260931,0.18333333333333335
wearable,dry_to_dry,1.2,98,20260931,0.8166666666666668
wearable,dry_to_dry,1.2,99,20260931,0.75
wearable,dry_to_dry,1.2,100,20260931,0.7916666666666666
wearable,dry_to_dry,1.2,101,20260931,0.6749999999999999
wearable,dry_to_dry,1.2,102,20260931,0.9083333333333333
wearable,dry_to_dry,1.5,1,20260929,0.25000000000000006
wearable,dry_to_dry,1.5,2,20260929,0.2833333333333334
wearable,dry_to_dry,1.5,3,20260929,0.775
wearable,dry_to_dry,1.5,4,20260929,0.9083333333333333
wearable,dry_to_dry,1.5,5,20260929,0.725
wearable,dry_to_dry,1.5,6,20260929,0.25000000000000006
wearable,dry_to_dry,1.5,7,20260929,0.6416666666666666
wearable,dry_to_dry,1.5,8,20260929,0.7333333333333335
wearable,dry_to_dry,1.5,9,20260929,0.2833333333333334
wearable,dry_to_dry,1.5,10,20260929,0.6999999999999998
wearable,dry_to_dry,1.5,11,20260929,0.7583333333333334
wearable,dry_to_dry,1.5,12,20260929,0.4916666666666667
wearable,dry_to_dry,1.5,13,20260929,0.7083333333333334
wearable,dry_to_dry,1.5,14,20260929,0.7833333333333333
wearable,dry_to_dry,1.5,15,20260929,0.3583333333333334
wearable,dry_to_dry,1.5,16,20260929,0.35000000000000003
wearable,dry_to_dry,1.5,17,20260929,0.5916666666666666
wearable,dry_to_dry,1.5,18,20260929,0.65
wearable,dry_to_dry,1.5,19,20260929,0.8333333333333334
wearable,dry_to_dry,1.5,20,20260929,0.5583333333333332
wearable,dry_to_dry,1.5,21,20260929,0.39166666666666666
wearable,dry_to_dry,1.5,22,20260929,0.19999999999999998
wearable,dry_to_dry,1.5,23,20260929,0.975
wearable,dry_to_dry,1.5,24,20260929,0.8666666666666667
wearable,dry_to_dry,1.5,25,20260929,0.24166666666666667
wearable,dry_to_dry,1.5,26,20260929,0.7333333333333334
wearable,dry_to_dry,1.5,27,20260929,0.26666666666666666
wearable,dry_to_dry,1.5,28,20260929,0.6583333333333332
wearable,dry_to_dry,1.5,29,20260929,0.9166666666666666
wearable,dry_to_dry,1.5,30,20260929,0.875
wearable,dry_to_dry,1.5,31,20260929,0.7916666666666665
wearable,dry_to_dry,1.5,32,20260929,0.49999999999999994
wearable,dry_to_dry,1.5,33,20260929,0.4916666666666667
wearable,dry_to_dry,1.5,34,20260929,0.46666666666666673
wearable,dry_to_dry,1.5,35,20260929,0.19999999999999998
wearable,dry_to_dry,1.5,36,20260929,0.325
wearable,dry_to_dry,1.5,37,20260929,0.5666666666666667
wearable,dry_to_dry,1.5,38,20260929,0.9916666666666667
wearable,dry_to_dry,1.5,39,20260929,0.4583333333333334
wearable,dry_to_dry,1.5,40,20260929,0.8416666666666667
wearable,dry_to_dry,1.5,41,20260929,0.7000000000000001
wearable,dry_to_dry,1.5,42,20260929,0.5583333333333332
wearable,dry_to_dry,1.5,43,20260929,0.425
wearable,dry_to_dry,1.5,44,20260929,0.08333333333333333
wearable,dry_to_dry,1.5,45,20260929,0.18333333333333335
wearable,dry_to_dry,1.5,46,20260929,0.36666666666666664
wearable,dry_to_dry,1.5,47,20260929,0.17500000000000002
wearable,dry_to_dry,1.5,48,20260929,0.45833333333333326
wearable,dry_to_dry,1.5,49,20260929,0.275
wearable,dry_to_dry,1.5,50,20260929,0.6083333333333334
wearable,dry_to_dry,1.5,51,20260929,0.5416666666666666
wearable,dry_to_dry,1.5,52,20260929,0.9166666666666666
wearable,dry_to_dry,1.5,53,20260929,0.7416666666666667
wearable,dry_to_dry,1.5,54,20260929,0.9416666666666668
wearable,dry_to_dry,1.5,55,20260929,0.4166666666666667
wearable,dry_to_dry,1.5,56,20260929,0.8583333333333334
wearable,dry_to_dry,1.5,57,20260929,0.4166666666666667
wearable,dry_to_dry,1.5,58,20260929,0.7999999999999999
wearable,dry_to_dry,1.5,59,20260929,0.3
wearable,dry_to_dry,1.5,60,20260929,0.375
wearable,dry_to_dry,1.5,61,20260929,0.5083333333333333
wearable,dry_to_dry,1.5,62,20260929,0.7583333333333333
wearable,dry_to_dry,1.5,63,20260929,0.8083333333333332
wearable,dry_to_dry,1.5,64,20260929,0.2916666666666667
wearable,dry_to_dry,1.5,65,20260929,0.4583333333333333
wearable,dry_to_dry,1.5,66,20260929,0.6583333333333333
wearable,dry_to_dry,1.5,67,20260929,0.16666666666666666
wearable,dry_to_dry,1.5,68,20260929,0.8416666666666668
wearable,dry_to_dry,1.5,69,20260929,0.9916666666666667
wearable,dry_to_dry,1.5,70,20260929,0.4166666666666667
wearable,dry_to_dry,1.5,71,20260929,0.35000000000000003
wearable,dry_to_dry,1.5,72,20260929,0.725
wearable,dry_to_dry,1.5,73,20260929,0.39999999999999997
wearable,dry_to_dry,1.5,74,20260929,0.25000000000000006
wearable,dry_to_dry,1.5,75,20260929,0.3499999999999999
wearable,dry_to_dry,1.5,76,20260929,0.16666666666666666
wearable,dry_to_dry,1.5,77,20260929,0.43333333333333335
wearable,dry_to_dry,1.5,78,20260929,0.16666666666666666
wearable,dry_to_dry,1.5,79,20260929,0.9250000000000002
wearable,dry_to_dry,1.5,80,20260929,0.5499999999999999
wearable,dry_to_dry,1.5,81,20260929,0.6333333333333333
wearable,dry_to_dry,1.5,82,20260929,0.7416666666666667
wearable,dry_to_dry,1.5,83,20260929,0.44999999999999996
wearable,dry_to_dry,1.5,84,20260929,0.8750000000000001
wearable,dry_to_dry,1.5,85,20260929,0.7333333333333334
wearable,dry_to_dry,1.5,86,20260929,0.9333333333333335
wearable,dry_to_dry,1.5,87,20260929,0.7999999999999999
wearable,dry_to_dry,1.5,88,20260929,0.4333333333333333
wearable,dry_to_dry,1.5,89,20260929,0.6166666666666666
wearable,dry_to_dry,1.5,90,20260929,0.3833333333333333
wearable,dry_to_dry,1.5,91,20260929,0.6583333333333333
wearable,dry_to_dry,1.5,92,20260929,0.6416666666666667
wearable,dry_to_dry,1.5,93,20260929,0.6083333333333333
wearable,dry_to_dry,1.5,94,20260929,0.6999999999999998
wearable,dry_to_dry,1.5,95,20260929,0.4833333333333334
wearable,dry_to_dry,1.5,96,20260929,0.39166666666666666
wearable,dry_to_dry,1.5,97,20260929,0.14166666666666666
wearable,dry_to_dry,1.5,98,20260929,0.8583333333333334
wearable,dry_to_dry,1.5,99,20260929,0.8083333333333335
wearable,dry_to_dry,1.5,100,20260929,0.8249999999999998
wearable,dry_to_dry,1.5,101,20260929,0.6416666666666667
wearable,dry_to_dry,1.5,102,20260929,0.9250000000000002
wearable,dry_to_dry,1.5,1,20260930,0.225
wearable,dry_to_dry,1.5,2,20260930,0.23333333333333336
wearable,dry_to_dry,1.5,3,20260930,0.7500000000000001
wearable,dry_to_dry,1.5,4,20260930,0.8416666666666668
wearable,dry_to_dry,1.5,5,20260930,0.6916666666666668
wearable,dry_to_dry,1.5,6,20260930,0.2833333333333334
wearable,dry_to_dry,1.5,7,20260930,0.6250000000000001
wearable,dry_to_dry,1.5,8,20260930,0.725
wearable,dry_to_dry,1.5,9,20260930,0.325
wearable,dry_to_dry,1.5,10,20260930,0.7500000000000001
wearable,dry_to_dry,1.5,11,20260930,0.7333333333333335
wearable,dry_to_dry,1.5,12,20260930,0.5583333333333332
wearable,dry_to_dry,1.5,13,20260930,0.7416666666666666
wearable,dry_to_dry,1.5,14,20260930,0.7666666666666666
wearable,dry_to_dry,1.5,15,20260930,0.3083333333333333
wearable,dry_to_dry,1.5,16,20260930,0.3166666666666667
wearable,dry_to_dry,1.5,17,20260930,0.525
wearable,dry_to_dry,1.5,18,20260930,0.7250000000000001
wearable,dry_to_dry,1.5,19,20260930,0.8416666666666668
wearable,dry_to_dry,1.5,20,20260930,0.5
wearable,dry_to_dry,1.5,21,20260930,0.35833333333333334
wearable,dry_to_dry,1.5,22,20260930,0.19166666666666668
wearable,dry_to_dry,1.5,23,20260930,0.9833333333333334
wearable,dry_to_dry,1.5,24,20260930,0.8916666666666667
wearable,dry_to_dry,1.5,25,20260930,0.20000000000000004
wearable,dry_to_dry,1.5,26,20260930,0.8250000000000002
wearable,dry_to_dry,1.5,27,20260930,0.3416666666666666
wearable,dry_to_dry,1.5,28,20260930,0.7166666666666667
wearable,dry_to_dry,1.5,29,20260930,0.9083333333333335
wearable,dry_to_dry,1.5,30,20260930,0.9416666666666668
wearable,dry_to_dry,1.5,31,20260930,0.8583333333333334
wearable,dry_to_dry,1.5,32,20260930,0.5499999999999999
wearable,dry_to_dry,1.5,33,20260930,0.4583333333333333
wearable,dry_to_dry,1.5,34,20260930,0.525
wearable,dry_to_dry,1.5,35,20260930,0.20000000000000004
wearable,dry_to_dry,1.5,36,20260930,0.4749999999999999
wearable,dry_to_dry,1.5,37,20260930,0.5750000000000001
wearable,dry_to_dry,1.5,38,20260930,0.9833333333333334
wearable,dry_to_dry,1.5,39,20260930,0.46666666666666673
wearable,dry_to_dry,1.5,40,20260930,0.7999999999999999
wearable,dry_to_dry,1.5,41,20260930,0.6750000000000002
wearable,dry_to_dry,1.5,42,20260930,0.5166666666666666
wearable,dry_to_dry,1.5,43,20260930,0.5333333333333333
wearable,dry_to_dry,1.5,44,20260930,0.17500000000000002
wearable,dry_to_dry,1.5,45,20260930,0.1416666666666667
wearable,dry_to_dry,1.5,46,20260930,0.3333333333333333
wearable,dry_to_dry,1.5,47,20260930,0.15833333333333335
wearable,dry_to_dry,1.5,48,20260930,0.46666666666666656
wearable,dry_to_dry,1.5,49,20260930,0.26666666666666666
wearable,dry_to_dry,1.5,50,20260930,0.6166666666666667
wearable,dry_to_dry,1.5,51,20260930,0.5083333333333333
wearable,dry_to_dry,1.5,52,20260930,0.8833333333333333
wearable,dry_to_dry,1.5,53,20260930,0.725
wearable,dry_to_dry,1.5,54,20260930,0.975
wearable,dry_to_dry,1.5,55,20260930,0.6
wearable,dry_to_dry,1.5,56,20260930,0.8666666666666667
wearable,dry_to_dry,1.5,57,20260930,0.47500000000000003
wearable,dry_to_dry,1.5,58,20260930,0.8083333333333332
wearable,dry_to_dry,1.5,59,20260930,0.3416666666666666
wearable,dry_to_dry,1.5,60,20260930,0.3333333333333333
wearable,dry_to_dry,1.5,61,20260930,0.4583333333333333
wearable,dry_to_dry,1.5,62,20260930,0.7666666666666667
wearable,dry_to_dry,1.5,63,20260930,0.7833333333333333
wearable,dry_to_dry,1.5,64,20260930,0.3083333333333333
wearable,dry_to_dry,1.5,65,20260930,0.48333333333333334
wearable,dry_to_dry,1.5,66,20260930,0.6333333333333333
wearable,dry_to_dry,1.5,67,20260930,0.15833333333333335
wearable,dry_to_dry,1.5,68,20260930,0.8166666666666668
wearable,dry_to_dry,1.5,69,20260930,0.9916666666666667
wearable,dry_to_dry,1.5,70,20260930,0.43333333333333335
wearable,dry_to_dry,1.5,71,20260930,0.3666666666666667
wearable,dry_to_dry,1.5,72,20260930,0.8500000000000001
wearable,dry_to_dry,1.5,73,20260930,0.35000000000000003
wearable,dry_to_dry,1.5,74,20260930,0.26666666666666666
wearable,dry_to_dry,1.5,75,20260930,0.4583333333333333
wearable,dry_to_dry,1.5,76,20260930,0.17500000000000002
wearable,dry_to_dry,1.5,77,20260930,0.5
wearable,dry_to_dry,1.5,78,20260930,0.17500000000000002
wearable,dry_to_dry,1.5,79,20260930,0.9083333333333335
wearable,dry_to_dry,1.5,80,20260930,0.5666666666666667
wearable,dry_to_dry,1.5,81,20260930,0.7583333333333334
wearable,dry_to_dry,1.5,82,20260930,0.7833333333333333
wearable,dry_to_dry,1.5,83,20260930,0.49999999999999994
wearable,dry_to_dry,1.5,84,20260930,0.8833333333333333
wearable,dry_to_dry,1.5,85,20260930,0.7583333333333334
wearable,dry_to_dry,1.5,86,20260930,0.9416666666666668
wearable,dry_to_dry,1.5,87,20260930,0.8250000000000001
wearable,dry_to_dry,1.5,88,20260930,0.43333333333333335
wearable,dry_to_dry,1.5,89,20260930,0.6583333333333333
wearable,dry_to_dry,1.5,90,20260930,0.34166666666666673
wearable,dry_to_dry,1.5,91,20260930,0.7749999999999999
wearable,dry_to_dry,1.5,92,20260930,0.7166666666666668
wearable,dry_to_dry,1.5,93,20260930,0.5416666666666666
wearable,dry_to_dry,1.5,94,20260930,0.7666666666666667
wearable,dry_to_dry,1.5,95,20260930,0.4916666666666667
wearable,dry_to_dry,1.5,96,20260930,0.425
wearable,dry_to_dry,1.5,97,20260930,0.24166666666666667
wearable,dry_to_dry,1.5,98,20260930,0.8500000000000001
wearable,dry_to_dry,1.5,99,20260930,0.7833333333333333
wearable,dry_to_dry,1.5,100,20260930,0.7749999999999999
wearable,dry_to_dry,1.5,101,20260930,0.6583333333333333
wearable,dry_to_dry,1.5,102,20260930,0.9083333333333333
wearable,dry_to_dry,1.5,1,20260931,0.3166666666666667
wearable,dry_to_dry,1.5,2,20260931,0.27499999999999997
wearable,dry_to_dry,1.5,3,20260931,0.775
wearable,dry_to_dry,1.5,4,20260931,0.8333333333333335
wearable,dry_to_dry,1.5,5,20260931,0.6166666666666667
wearable,dry_to_dry,1.5,6,20260931,0.2916666666666667
wearable,dry_to_dry,1.5,7,20260931,0.6749999999999999
wearable,dry_to_dry,1.5,8,20260931,0.6916666666666665
wearable,dry_to_dry,1.5,9,20260931,0.20000000000000004
wearable,dry_to_dry,1.5,10,20260931,0.75
wearable,dry_to_dry,1.5,11,20260931,0.6416666666666667
wearable,dry_to_dry,1.5,12,20260931,0.5666666666666665
wearable,dry_to_dry,1.5,13,20260931,0.7833333333333335
wearable,dry_to_dry,1.5,14,20260931,0.7749999999999999
wearable,dry_to_dry,1.5,15,20260931,0.375
wearable,dry_to_dry,1.5,16,20260931,0.3
wearable,dry_to_dry,1.5,17,20260931,0.49166666666666675
wearable,dry_to_dry,1.5,18,20260931,0.625
wearable,dry_to_dry,1.5,19,20260931,0.875
wearable,dry_to_dry,1.5,20,20260931,0.5333333333333333
wearable,dry_to_dry,1.5,21,20260931,0.30000000000000004
wearable,dry_to_dry,1.5,22,20260931,0.18333333333333335
wearable,dry_to_dry,1.5,23,20260931,0.9666666666666667
wearable,dry_to_dry,1.5,24,20260931,0.875
wearable,dry_to_dry,1.5,25,20260931,0.22500000000000006
wearable,dry_to_dry,1.5,26,20260931,0.8583333333333334
wearable,dry_to_dry,1.5,27,20260931,0.35833333333333334
wearable,dry_to_dry,1.5,28,20260931,0.7666666666666666
wearable,dry_to_dry,1.5,29,20260931,0.9250000000000002
wearable,dry_to_dry,1.5,30,20260931,0.8999999999999999
wearable,dry_to_dry,1.5,31,20260931,0.8583333333333334
wearable,dry_to_dry,1.5,32,20260931,0.525
wearable,dry_to_dry,1.5,33,20260931,0.55
wearable,dry_to_dry,1.5,34,20260931,0.5666666666666668
wearable,dry_to_dry,1.5,35,20260931,0.19999999999999998
wearable,dry_to_dry,1.5,36,20260931,0.375
wearable,dry_to_dry,1.5,37,20260931,0.55
wearable,dry_to_dry,1.5,38,20260931,0.9833333333333334
wearable,dry_to_dry,1.5,39,20260931,0.5833333333333334
wearable,dry_to_dry,1.5,40,20260931,0.65
wearable,dry_to_dry,1.5,41,20260931,0.6916666666666668
wearable,dry_to_dry,1.5,42,20260931,0.47500000000000003
wearable,dry_to_dry,1.5,43,20260931,0.525
wearable,dry_to_dry,1.5,44,20260931,0.15833333333333333
wearable,dry_to_dry,1.5,45,20260931,0.18333333333333335
wearable,dry_to_dry,1.5,46,20260931,0.375
wearable,dry_to_dry,1.5,47,20260931,0.13333333333333333
wearable,dry_to_dry,1.5,48,20260931,0.4083333333333334
wearable,dry_to_dry,1.5,49,20260931,0.2333333333333333
wearable,dry_to_dry,1.5,50,20260931,0.5916666666666667
wearable,dry_to_dry,1.5,51,20260931,0.5583333333333333
wearable,dry_to_dry,1.5,52,20260931,0.9750000000000001
wearable,dry_to_dry,1.5,53,20260931,0.7250000000000001
wearable,dry_to_dry,1.5,54,20260931,0.9416666666666668
wearable,dry_to_dry,1.5,55,20260931,0.5083333333333333
wearable,dry_to_dry,1.5,56,20260931,0.8250000000000002
wearable,dry_to_dry,1.5,57,20260931,0.35000000000000003
wearable,dry_to_dry,1.5,58,20260931,0.8166666666666665
wearable,dry_to_dry,1.5,59,20260931,0.2833333333333334
wearable,dry_to_dry,1.5,60,20260931,0.2916666666666667
wearable,dry_to_dry,1.5,61,20260931,0.48333333333333334
wearable,dry_to_dry,1.5,62,20260931,0.8250000000000001
wearable,dry_to_dry,1.5,63,20260931,0.7666666666666666
wearable,dry_to_dry,1.5,64,20260931,0.3666666666666667
wearable,dry_to_dry,1.5,65,20260931,0.4583333333333334
wearable,dry_to_dry,1.5,66,20260931,0.6583333333333333
wearable,dry_to_dry,1.5,67,20260931,0.17500000000000002
wearable,dry_to_dry,1.5,68,20260931,0.8083333333333336
wearable,dry_to_dry,1.5,69,20260931,0.9916666666666667
wearable,dry_to_dry,1.5,70,20260931,0.31666666666666665
wearable,dry_to_dry,1.5,71,20260931,0.2916666666666667
wearable,dry_to_dry,1.5,72,20260931,0.7749999999999999
wearable,dry_to_dry,1.5,73,20260931,0.375
wearable,dry_to_dry,1.5,74,20260931,0.225
wearable,dry_to_dry,1.5,75,20260931,0.525
wearable,dry_to_dry,1.5,76,20260931,0.17499999999999996
wearable,dry_to_dry,1.5,77,20260931,0.4166666666666667
wearable,dry_to_dry,1.5,78,20260931,0.20833333333333337
wearable,dry_to_dry,1.5,79,20260931,0.9250000000000002
wearable,dry_to_dry,1.5,80,20260931,0.55
wearable,dry_to_dry,1.5,81,20260931,0.7500000000000001
wearable,dry_to_dry,1.5,82,20260931,0.6916666666666668
wearable,dry_to_dry,1.5,83,20260931,0.575
wearable,dry_to_dry,1.5,84,20260931,0.8500000000000001
wearable,dry_to_dry,1.5,85,20260931,0.75
wearable,dry_to_dry,1.5,86,20260931,0.9083333333333335
wearable,dry_to_dry,1.5,87,20260931,0.8250000000000001
wearable,dry_to_dry,1.5,88,20260931,0.35833333333333334
wearable,dry_to_dry,1.5,89,20260931,0.7250000000000001
wearable,dry_to_dry,1.5,90,20260931,0.28333333333333327
wearable,dry_to_dry,1.5,91,20260931,0.7333333333333333
wearable,dry_to_dry,1.5,92,20260931,0.6749999999999999
wearable,dry_to_dry,1.5,93,20260931,0.4916666666666667
wearable,dry_to_dry,1.5,94,20260931,0.725
wearable,dry_to_dry,1.5,95,20260931,0.45
wearable,dry_to_dry,1.5,96,20260931,0.3833333333333333
wearable,dry_to_dry,1.5,97,20260931,0.22499999999999998
wearable,dry_to_dry,1.5,98,20260931,0.8666666666666667
wearable,dry_to_dry,1.5,99,20260931,0.7666666666666667
wearable,dry_to_dry,1.5,100,20260931,0.7833333333333333
wearable,dry_to_dry,1.5,101,20260931,0.65
wearable,dry_to_dry,1.5,102,20260931,0.9333333333333335
wearable,dry_to_dry,2.0,1,20260929,0.3833333333333333
wearable,dry_to_dry,2.0,2,20260929,0.3333333333333333
wearable,dry_to_dry,2.0,3,20260929,0.8166666666666668
wearable,dry_to_dry,2.0,4,20260929,0.9166666666666669
wearable,dry_to_dry,2.0,5,20260929,0.7083333333333334
wearable,dry_to_dry,2.0,6,20260929,0.34166666666666673
wearable,dry_to_dry,2.0,7,20260929,0.6416666666666667
wearable,dry_to_dry,2.0,8,20260929,0.75
wearable,dry_to_dry,2.0,9,20260929,0.39166666666666666
wearable,dry_to_dry,2.0,10,20260929,0.75
wearable,dry_to_dry,2.0,11,20260929,0.8249999999999998
wearable,dry_to_dry,2.0,12,20260929,0.6
wearable,dry_to_dry,2.0,13,20260929,0.725
wearable,dry_to_dry,2.0,14,20260929,0.7666666666666666
wearable,dry_to_dry,2.0,15,20260929,0.375
wearable,dry_to_dry,2.0,16,20260929,0.3499999999999999
wearable,dry_to_dry,2.0,17,20260929,0.6
wearable,dry_to_dry,2.0,18,20260929,0.6749999999999999
wearable,dry_to_dry,2.0,19,20260929,0.8583333333333333
wearable,dry_to_dry,2.0,20,20260929,0.6166666666666667
wearable,dry_to_dry,2.0,21,20260929,0.36666666666666664
wearable,dry_to_dry,2.0,22,20260929,0.16666666666666666
wearable,dry_to_dry,2.0,23,20260929,1.0
wearable,dry_to_dry,2.0,24,20260929,0.9249999999999999
wearable,dry_to_dry,2.0,25,20260929,0.21666666666666667
wearable,dry_to_dry,2.0,26,20260929,0.8500000000000001
wearable,dry_to_dry,2.0,27,20260929,0.31666666666666665
wearable,dry_to_dry,2.0,28,20260929,0.7166666666666668
wearable,dry_to_dry,2.0,29,20260929,0.9333333333333335
wearable,dry_to_dry,2.0,30,20260929,0.8666666666666666
wearable,dry_to_dry,2.0,31,20260929,0.8166666666666665
wearable,dry_to_dry,2.0,32,20260929,0.45
wearable,dry_to_dry,2.0,33,20260929,0.48333333333333334
wearable,dry_to_dry,2.0,34,20260929,0.5000000000000001
wearable,dry_to_dry,2.0,35,20260929,0.18333333333333335
wearable,dry_to_dry,2.0,36,20260929,0.25833333333333336
wearable,dry_to_dry,2.0,37,20260929,0.6249999999999999
wearable,dry_to_dry,2.0,38,20260929,0.9833333333333334
wearable,dry_to_dry,2.0,39,20260929,0.5083333333333334
wearable,dry_to_dry,2.0,40,20260929,0.8250000000000001
wearable,dry_to_dry,2.0,41,20260929,0.7166666666666667
wearable,dry_to_dry,2.0,42,20260929,0.5666666666666668
wearable,dry_to_dry,2.0,43,20260929,0.4333333333333333
wearable,dry_to_dry,2.0,44,20260929,0.10833333333333335
wearable,dry_to_dry,2.0,45,20260929,0.17500000000000002
wearable,dry_to_dry,2.0,46,20260929,0.40833333333333327
wearable,dry_to_dry,2.0,47,20260929,0.18333333333333335
wearable,dry_to_dry,2.0,48,20260929,0.4666666666666666
wearable,dry_to_dry,2.0,49,20260929,0.30000000000000004
wearable,dry_to_dry,2.0,50,20260929,0.6333333333333334
wearable,dry_to_dry,2.0,51,20260929,0.5583333333333332
wearable,dry_to_dry,2.0,52,20260929,0.9083333333333333
wearable,dry_to_dry,2.0,53,20260929,0.7916666666666669
wearable,dry_to_dry,2.0,54,20260929,0.9500000000000001
wearable,dry_to_dry,2.0,55,20260929,0.47500000000000003
wearable,dry_to_dry,2.0,56,20260929,0.8833333333333333
wearable,dry_to_dry,2.0,57,20260929,0.4166666666666667
wearable,dry_to_dry,2.0,58,20260929,0.7833333333333333
wearable,dry_to_dry,2.0,59,20260929,0.38333333333333336
wearable,dry_to_dry,2.0,60,20260929,0.375
wearable,dry_to_dry,2.0,61,20260929,0.43333333333333335
wearable,dry_to_dry,2.0,62,20260929,0.875
wearable,dry_to_dry,2.0,63,20260929,0.7916666666666666
wearable,dry_to_dry,2.0,64,20260929,0.25833333333333336
wearable,dry_to_dry,2.0,65,20260929,0.47500000000000003
wearable,dry_to_dry,2.0,66,20260929,0.7000000000000001
wearable,dry_to_dry,2.0,67,20260929,0.21666666666666667
wearable,dry_to_dry,2.0,68,20260929,0.8416666666666668
wearable,dry_to_dry,2.0,69,20260929,0.9916666666666667
wearable,dry_to_dry,2.0,70,20260929,0.4166666666666666
wearable,dry_to_dry,2.0,71,20260929,0.37500000000000006
wearable,dry_to_dry,2.0,72,20260929,0.7166666666666667
wearable,dry_to_dry,2.0,73,20260929,0.4166666666666667
wearable,dry_to_dry,2.0,74,20260929,0.3333333333333333
wearable,dry_to_dry,2.0,75,20260929,0.4083333333333334
wearable,dry_to_dry,2.0,76,20260929,0.25833333333333336
wearable,dry_to_dry,2.0,77,20260929,0.525
wearable,dry_to_dry,2.0,78,20260929,0.15833333333333335
wearable,dry_to_dry,2.0,79,20260929,0.9583333333333334
wearable,dry_to_dry,2.0,80,20260929,0.5333333333333333
wearable,dry_to_dry,2.0,81,20260929,0.6749999999999999
wearable,dry_to_dry,2.0,82,20260929,0.8583333333333334
wearable,dry_to_dry,2.0,83,20260929,0.4750000000000001
wearable,dry_to_dry,2.0,84,20260929,0.9083333333333335
wearable,dry_to_dry,2.0,85,20260929,0.7583333333333333
wearable,dry_to_dry,2.0,86,20260929,0.9333333333333335
wearable,dry_to_dry,2.0,87,20260929,0.8166666666666668
wearable,dry_to_dry,2.0,88,20260929,0.47500000000000003
wearable,dry_to_dry,2.0,89,20260929,0.6583333333333334
wearable,dry_to_dry,2.0,90,20260929,0.43333333333333335
wearable,dry_to_dry,2.0,91,20260929,0.5583333333333333
wearable,dry_to_dry,2.0,92,20260929,0.6916666666666668
wearable,dry_to_dry,2.0,93,20260929,0.6499999999999999
wearable,dry_to_dry,2.0,94,20260929,0.6166666666666667
wearable,dry_to_dry,2.0,95,20260929,0.48333333333333334
wearable,dry_to_dry,2.0,96,20260929,0.4083333333333334
wearable,dry_to_dry,2.0,97,20260929,0.16666666666666666
wearable,dry_to_dry,2.0,98,20260929,0.9083333333333333
wearable,dry_to_dry,2.0,99,20260929,0.8083333333333332
wearable,dry_to_dry,2.0,100,20260929,0.8083333333333335
wearable,dry_to_dry,2.0,101,20260929,0.6833333333333335
wearable,dry_to_dry,2.0,102,20260929,0.9166666666666666
wearable,dry_to_dry,2.0,1,20260930,0.3583333333333334
wearable,dry_to_dry,2.0,2,20260930,0.26666666666666666
wearable,dry_to_dry,2.0,3,20260930,0.7999999999999999
wearable,dry_to_dry,2.0,4,20260930,0.8500000000000001
wearable,dry_to_dry,2.0,5,20260930,0.7499999999999999
wearable,dry_to_dry,2.0,6,20260930,0.2916666666666667
wearable,dry_to_dry,2.0,7,20260930,0.7166666666666667
wearable,dry_to_dry,2.0,8,20260930,0.75
wearable,dry_to_dry,2.0,9,20260930,0.4166666666666667
wearable,dry_to_dry,2.0,10,20260930,0.7916666666666669
wearable,dry_to_dry,2.0,11,20260930,0.8416666666666668
wearable,dry_to_dry,2.0,12,20260930,0.6166666666666666
wearable,dry_to_dry,2.0,13,20260930,0.7333333333333334
wearable,dry_to_dry,2.0,14,20260930,0.7916666666666669
wearable,dry_to_dry,2.0,15,20260930,0.3583333333333332
wearable,dry_to_dry,2.0,16,20260930,0.3666666666666667
wearable,dry_to_dry,2.0,17,20260930,0.5499999999999999
wearable,dry_to_dry,2.0,18,20260930,0.7083333333333334
wearable,dry_to_dry,2.0,19,20260930,0.8666666666666667
wearable,dry_to_dry,2.0,20,20260930,0.6333333333333333
wearable,dry_to_dry,2.0,21,20260930,0.3333333333333334
wearable,dry_to_dry,2.0,22,20260930,0.19999999999999996
wearable,dry_to_dry,2.0,23,20260930,0.9916666666666667
wearable,dry_to_dry,2.0,24,20260930,0.9500000000000001
wearable,dry_to_dry,2.0,25,20260930,0.25833333333333336
wearable,dry_to_dry,2.0,26,20260930,0.8583333333333333
wearable,dry_to_dry,2.0,27,20260930,0.38333333333333336
wearable,dry_to_dry,2.0,28,20260930,0.7916666666666666
wearable,dry_to_dry,2.0,29,20260930,0.8916666666666666
wearable,dry_to_dry,2.0,30,20260930,0.9333333333333332
wearable,dry_to_dry,2.0,31,20260930,0.8583333333333334
wearable,dry_to_dry,2.0,32,20260930,0.575
wearable,dry_to_dry,2.0,33,20260930,0.5083333333333333
wearable,dry_to_dry,2.0,34,20260930,0.5750000000000001
wearable,dry_to_dry,2.0,35,20260930,0.21666666666666667
wearable,dry_to_dry,2.0,36,20260930,0.43333333333333335
wearable,dry_to_dry,2.0,37,20260930,0.5916666666666667
wearable,dry_to_dry,2.0,38,20260930,0.9916666666666667
wearable,dry_to_dry,2.0,39,20260930,0.5666666666666667
wearable,dry_to_dry,2.0,40,20260930,0.7999999999999999
wearable,dry_to_dry,2.0,41,20260930,0.7250000000000001
wearable,dry_to_dry,2.0,42,20260930,0.5750000000000001
wearable,dry_to_dry,2.0,43,20260930,0.5583333333333333
wearable,dry_to_dry,2.0,44,20260930,0.13333333333333333
wearable,dry_to_dry,2.0,45,20260930,0.13333333333333333
wearable,dry_to_dry,2.0,46,20260930,0.3916666666666666
wearable,dry_to_dry,2.0,47,20260930,0.18333333333333335
wearable,dry_to_dry,2.0,48,20260930,0.4916666666666667
wearable,dry_to_dry,2.0,49,20260930,0.2666666666666667
wearable,dry_to_dry,2.0,50,20260930,0.65
wearable,dry_to_dry,2.0,51,20260930,0.6
wearable,dry_to_dry,2.0,52,20260930,0.8750000000000001
wearable,dry_to_dry,2.0,53,20260930,0.7583333333333333
wearable,dry_to_dry,2.0,54,20260930,0.9833333333333334
wearable,dry_to_dry,2.0,55,20260930,0.6666666666666666
wearable,dry_to_dry,2.0,56,20260930,0.875
wearable,dry_to_dry,2.0,57,20260930,0.525
wearable,dry_to_dry,2.0,58,20260930,0.7916666666666666
wearable,dry_to_dry,2.0,59,20260930,0.4083333333333334
wearable,dry_to_dry,2.0,60,20260930,0.275
wearable,dry_to_dry,2.0,61,20260930,0.4583333333333333
wearable,dry_to_dry,2.0,62,20260930,0.8416666666666668
wearable,dry_to_dry,2.0,63,20260930,0.7583333333333333
wearable,dry_to_dry,2.0,64,20260930,0.3416666666666666
wearable,dry_to_dry,2.0,65,20260930,0.4749999999999999
wearable,dry_to_dry,2.0,66,20260930,0.7250000000000001
wearable,dry_to_dry,2.0,67,20260930,0.16666666666666666
wearable,dry_to_dry,2.0,68,20260930,0.8416666666666668
wearable,dry_to_dry,2.0,69,20260930,0.9916666666666667
wearable,dry_to_dry,2.0,70,20260930,0.4666666666666666
wearable,dry_to_dry,2.0,71,20260930,0.4083333333333334
wearable,dry_to_dry,2.0,72,20260930,0.8166666666666669
wearable,dry_to_dry,2.0,73,20260930,0.39999999999999997
wearable,dry_to_dry,2.0,74,20260930,0.27499999999999997
wearable,dry_to_dry,2.0,75,20260930,0.49166666666666664
wearable,dry_to_dry,2.0,76,20260930,0.20833333333333334
wearable,dry_to_dry,2.0,77,20260930,0.4583333333333332
wearable,dry_to_dry,2.0,78,20260930,0.17500000000000002
wearable,dry_to_dry,2.0,79,20260930,0.9500000000000001
wearable,dry_to_dry,2.0,80,20260930,0.6
wearable,dry_to_dry,2.0,81,20260930,0.8333333333333334
wearable,dry_to_dry,2.0,82,20260930,0.8166666666666668
wearable,dry_to_dry,2.0,83,20260930,0.525
wearable,dry_to_dry,2.0,84,20260930,0.9
wearable,dry_to_dry,2.0,85,20260930,0.85
wearable,dry_to_dry,2.0,86,20260930,0.9083333333333333
wearable,dry_to_dry,2.0,87,20260930,0.85
wearable,dry_to_dry,2.0,88,20260930,0.5583333333333332
wearable,dry_to_dry,2.0,89,20260930,0.7250000000000001
wearable,dry_to_dry,2.0,90,20260930,0.375
wearable,dry_to_dry,2.0,91,20260930,0.75
wearable,dry_to_dry,2.0,92,20260930,0.7083333333333334
wearable,dry_to_dry,2.0,93,20260930,0.5833333333333334
wearable,dry_to_dry,2.0,94,20260930,0.7583333333333334
wearable,dry_to_dry,2.0,95,20260930,0.5
wearable,dry_to_dry,2.0,96,20260930,0.4166666666666667
wearable,dry_to_dry,2.0,97,20260930,0.25
wearable,dry_to_dry,2.0,98,20260930,0.8583333333333334
wearable,dry_to_dry,2.0,99,20260930,0.8000000000000002
wearable,dry_to_dry,2.0,100,20260930,0.8333333333333334
wearable,dry_to_dry,2.0,101,20260930,0.6749999999999999
wearable,dry_to_dry,2.0,102,20260930,0.9249999999999999
wearable,dry_to_dry,2.0,1,20260931,0.3333333333333333
wearable,dry_to_dry,2.0,2,20260931,0.2833333333333333
wearable,dry_to_dry,2.0,3,20260931,0.8000000000000002
wearable,dry_to_dry,2.0,4,20260931,0.8416666666666668
wearable,dry_to_dry,2.0,5,20260931,0.6666666666666666
wearable,dry_to_dry,2.0,6,20260931,0.3083333333333333
wearable,dry_to_dry,2.0,7,20260931,0.6916666666666668
wearable,dry_to_dry,2.0,8,20260931,0.75
wearable,dry_to_dry,2.0,9,20260931,0.325
wearable,dry_to_dry,2.0,10,20260931,0.8083333333333335
wearable,dry_to_dry,2.0,11,20260931,0.725
wearable,dry_to_dry,2.0,12,20260931,0.6416666666666667
wearable,dry_to_dry,2.0,13,20260931,0.8083333333333332
wearable,dry_to_dry,2.0,14,20260931,0.7916666666666665
wearable,dry_to_dry,2.0,15,20260931,0.32499999999999996
wearable,dry_to_dry,2.0,16,20260931,0.34166666666666673
wearable,dry_to_dry,2.0,17,20260931,0.5499999999999999
wearable,dry_to_dry,2.0,18,20260931,0.6749999999999999
wearable,dry_to_dry,2.0,19,20260931,0.9000000000000002
wearable,dry_to_dry,2.0,20,20260931,0.65
wearable,dry_to_dry,2.0,21,20260931,0.30000000000000004
wearable,dry_to_dry,2.0,22,20260931,0.16666666666666666
wearable,dry_to_dry,2.0,23,20260931,0.9916666666666667
wearable,dry_to_dry,2.0,24,20260931,0.9250000000000002
wearable,dry_to_dry,2.0,25,20260931,0.25
wearable,dry_to_dry,2.0,26,20260931,0.8833333333333334
wearable,dry_to_dry,2.0,27,20260931,0.3333333333333333
wearable,dry_to_dry,2.0,28,20260931,0.8250000000000001
wearable,dry_to_dry,2.0,29,20260931,0.9083333333333333
wearable,dry_to_dry,2.0,30,20260931,0.9583333333333335
wearable,dry_to_dry,2.0,31,20260931,0.8166666666666668
wearable,dry_to_dry,2.0,32,20260931,0.5416666666666667
wearable,dry_to_dry,2.0,33,20260931,0.5249999999999999
wearable,dry_to_dry,2.0,34,20260931,0.6166666666666667
wearable,dry_to_dry,2.0,35,20260931,0.26666666666666666
wearable,dry_to_dry,2.0,36,20260931,0.39999999999999997
wearable,dry_to_dry,2.0,37,20260931,0.5750000000000001
wearable,dry_to_dry,2.0,38,20260931,0.9916666666666667
wearable,dry_to_dry,2.0,39,20260931,0.6833333333333332
wearable,dry_to_dry,2.0,40,20260931,0.6166666666666667
wearable,dry_to_dry,2.0,41,20260931,0.6749999999999999
wearable,dry_to_dry,2.0,42,20260931,0.5083333333333334
wearable,dry_to_dry,2.0,43,20260931,0.55
wearable,dry_to_dry,2.0,44,20260931,0.17500000000000002
wearable,dry_to_dry,2.0,45,20260931,0.17500000000000002
wearable,dry_to_dry,2.0,46,20260931,0.4666666666666666
wearable,dry_to_dry,2.0,47,20260931,0.17500000000000002
wearable,dry_to_dry,2.0,48,20260931,0.4166666666666667
wearable,dry_to_dry,2.0,49,20260931,0.3
wearable,dry_to_dry,2.0,50,20260931,0.65
wearable,dry_to_dry,2.0,51,20260931,0.5583333333333333
wearable,dry_to_dry,2.0,52,20260931,0.9416666666666668
wearable,dry_to_dry,2.0,53,20260931,0.7083333333333334
wearable,dry_to_dry,2.0,54,20260931,0.9333333333333332
wearable,dry_to_dry,2.0,55,20260931,0.5916666666666667
wearable,dry_to_dry,2.0,56,20260931,0.8750000000000001
wearable,dry_to_dry,2.0,57,20260931,0.4583333333333334
wearable,dry_to_dry,2.0,58,20260931,0.7999999999999999
wearable,dry_to_dry,2.0,59,20260931,0.3
wearable,dry_to_dry,2.0,60,20260931,0.27499999999999997
wearable,dry_to_dry,2.0,61,20260931,0.425
wearable,dry_to_dry,2.0,62,20260931,0.8416666666666667
wearable,dry_to_dry,2.0,63,20260931,0.8083333333333335
wearable,dry_to_dry,2.0,64,20260931,0.3
wearable,dry_to_dry,2.0,65,20260931,0.4916666666666667
wearable,dry_to_dry,2.0,66,20260931,0.7583333333333333
wearable,dry_to_dry,2.0,67,20260931,0.15833333333333333
wearable,dry_to_dry,2.0,68,20260931,0.8333333333333335
wearable,dry_to_dry,2.0,69,20260931,0.9916666666666667
wearable,dry_to_dry,2.0,70,20260931,0.4083333333333334
wearable,dry_to_dry,2.0,71,20260931,0.3
wearable,dry_to_dry,2.0,72,20260931,0.7999999999999999
wearable,dry_to_dry,2.0,73,20260931,0.43333333333333335
wearable,dry_to_dry,2.0,74,20260931,0.26666666666666666
wearable,dry_to_dry,2.0,75,20260931,0.5416666666666667
wearable,dry_to_dry,2.0,76,20260931,0.17500000000000002
wearable,dry_to_dry,2.0,77,20260931,0.44166666666666665
wearable,dry_to_dry,2.0,78,20260931,0.125
wearable,dry_to_dry,2.0,79,20260931,0.9833333333333334
wearable,dry_to_dry,2.0,80,20260931,0.575
wearable,dry_to_dry,2.0,81,20260931,0.8000000000000002
wearable,dry_to_dry,2.0,82,20260931,0.8166666666666668
wearable,dry_to_dry,2.0,83,20260931,0.6083333333333333
wearable,dry_to_dry,2.0,84,20260931,0.9166666666666669
wearable,dry_to_dry,2.0,85,20260931,0.7916666666666666
wearable,dry_to_dry,2.0,86,20260931,0.9250000000000002
wearable,dry_to_dry,2.0,87,20260931,0.8500000000000001
wearable,dry_to_dry,2.0,88,20260931,0.39999999999999997
wearable,dry_to_dry,2.0,89,20260931,0.7666666666666667
wearable,dry_to_dry,2.0,90,20260931,0.3333333333333333
wearable,dry_to_dry,2.0,91,20260931,0.6916666666666668
wearable,dry_to_dry,2.0,92,20260931,0.7250000000000001
wearable,dry_to_dry,2.0,93,20260931,0.5916666666666667
wearable,dry_to_dry,2.0,94,20260931,0.7416666666666668
wearable,dry_to_dry,2.0,95,20260931,0.47500000000000003
wearable,dry_to_dry,2.0,96,20260931,0.35000000000000003
wearable,dry_to_dry,2.0,97,20260931,0.17500000000000002
wearable,dry_to_dry,2.0,98,20260931,0.9166666666666666
wearable,dry_to_dry,2.0,99,20260931,0.8333333333333334
wearable,dry_to_dry,2.0,100,20260931,0.775
wearable,dry_to_dry,2.0,101,20260931,0.7000000000000001
wearable,dry_to_dry,2.0,102,20260931,0.9249999999999999
wearable,dry_to_wet,0.4,1,20260929,0.4083333333333334
wearable,dry_to_wet,0.4,2,20260929,0.25
wearable,dry_to_wet,0.4,3,20260929,0.35000000000000003
wearable,dry_to_wet,0.4,4,20260929,0.3583333333333334
wearable,dry_to_wet,0.4,5,20260929,0.15000000000000002
wearable,dry_to_wet,0.4,6,20260929,0.16666666666666666
wearable,dry_to_wet,0.4,7,20260929,0.30000000000000004
wearable,dry_to_wet,0.4,8,20260929,0.36666666666666664
wearable,dry_to_wet,0.4,9,20260929,0.20833333333333334
wearable,dry_to_wet,0.4,10,20260929,0.35000000000000003
wearable,dry_to_wet,0.4,11,20260929,0.34166666666666673
wearable,dry_to_wet,0.4,12,20260929,0.6666666666666669
wearable,dry_to_wet,0.4,13,20260929,0.275
wearable,dry_to_wet,0.4,14,20260929,0.39166666666666666
wearable,dry_to_wet,0.4,15,20260929,0.18333333333333335
wearable,dry_to_wet,0.4,16,20260929,0.15
wearable,dry_to_wet,0.4,17,20260929,0.3166666666666667
wearable,dry_to_wet,0.4,18,20260929,0.2833333333333333
wearable,dry_to_wet,0.4,19,20260929,0.4333333333333332
wearable,dry_to_wet,0.4,20,20260929,0.375
wearable,dry_to_wet,0.4,21,20260929,0.25000000000000006
wearable,dry_to_wet,0.4,22,20260929,0.15000000000000002
wearable,dry_to_wet,0.4,23,20260929,0.6166666666666667
wearable,dry_to_wet,0.4,24,20260929,0.3416666666666666
wearable,dry_to_wet,0.4,25,20260929,0.15000000000000002
wearable,dry_to_wet,0.4,26,20260929,0.725
wearable,dry_to_wet,0.4,27,20260929,0.2333333333333333
wearable,dry_to_wet,0.4,28,20260929,0.47500000000000003
wearable,dry_to_wet,0.4,29,20260929,0.5833333333333333
wearable,dry_to_wet,0.4,30,20260929,0.5500000000000002
wearable,dry_to_wet,0.4,31,20260929,0.3333333333333333
wearable,dry_to_wet,0.4,32,20260929,0.5499999999999999
wearable,dry_to_wet,0.4,33,20260929,0.3666666666666667
wearable,dry_to_wet,0.4,34,20260929,0.3
wearable,dry_to_wet,0.4,35,20260929,0.21666666666666667
wearable,dry_to_wet,0.4,36,20260929,0.27499999999999997
wearable,dry_to_wet,0.4,37,20260929,0.2833333333333333
wearable,dry_to_wet,0.4,38,20260929,0.6416666666666667
wearable,dry_to_wet,0.4,39,20260929,0.30833333333333335
wearable,dry_to_wet,0.4,40,20260929,0.5499999999999999
wearable,dry_to_wet,0.4,41,20260929,0.27499999999999997
wearable,dry_to_wet,0.4,42,20260929,0.28333333333333327
wearable,dry_to_wet,0.4,43,20260929,0.27499999999999997
wearable,dry_to_wet,0.4,44,20260929,0.17500000000000002
wearable,dry_to_wet,0.4,45,20260929,0.1666666666666667
wearable,dry_to_wet,0.4,46,20260929,0.22500000000000006
wearable,dry_to_wet,0.4,47,20260929,0.15000000000000002
wearable,dry_to_wet,0.4,48,20260929,0.3583333333333334
wearable,dry_to_wet,0.4,49,20260929,0.11666666666666668
wearable,dry_to_wet,0.4,50,20260929,0.3
wearable,dry_to_wet,0.4,51,20260929,0.39999999999999997
wearable,dry_to_wet,0.4,52,20260929,0.525
wearable,dry_to_wet,0.4,53,20260929,0.55
wearable,dry_to_wet,0.4,54,20260929,0.4916666666666667
wearable,dry_to_wet,0.4,55,20260929,0.22499999999999998
wearable,dry_to_wet,0.4,56,20260929,0.65
wearable,dry_to_wet,0.4,57,20260929,0.2416666666666667
wearable,dry_to_wet,0.4,58,20260929,0.5166666666666667
wearable,dry_to_wet,0.4,59,20260929,0.10833333333333335
wearable,dry_to_wet,0.4,60,20260929,0.275
wearable,dry_to_wet,0.4,61,20260929,0.4166666666666667
wearable,dry_to_wet,0.4,62,20260929,0.425
wearable,dry_to_wet,0.4,63,20260929,0.5833333333333334
wearable,dry_to_wet,0.4,64,20260929,0.3416666666666666
wearable,dry_to_wet,0.4,65,20260929,0.15833333333333333
wearable,dry_to_wet,0.4,66,20260929,0.6583333333333333
wearable,dry_to_wet,0.4,67,20260929,0.4166666666666667
wearable,dry_to_wet,0.4,68,20260929,0.5583333333333333
wearable,dry_to_wet,0.4,69,20260929,0.9666666666666667
wearable,dry_to_wet,0.4,70,20260929,0.2333333333333333
wearable,dry_to_wet,0.4,71,20260929,0.15000000000000002
wearable,dry_to_wet,0.4,72,20260929,0.35833333333333334
wearable,dry_to_wet,0.4,73,20260929,0.1666666666666667
wearable,dry_to_wet,0.4,74,20260929,0.39166666666666666
wearable,dry_to_wet,0.4,75,20260929,0.1166666666666667
wearable,dry_to_wet,0.4,76,20260929,0.10833333333333334
wearable,dry_to_wet,0.4,77,20260929,0.2833333333333333
wearable,dry_to_wet,0.4,78,20260929,0.09166666666666667
wearable,dry_to_wet,0.4,79,20260929,0.24999999999999997
wearable,dry_to_wet,0.4,80,20260929,0.6999999999999998
wearable,dry_to_wet,0.4,81,20260929,0.525
wearable,dry_to_wet,0.4,82,20260929,0.3416666666666666
wearable,dry_to_wet,0.4,83,20260929,0.2333333333333333
wearable,dry_to_wet,0.4,84,20260929,0.6666666666666666
wearable,dry_to_wet,0.4,85,20260929,0.4666666666666666
wearable,dry_to_wet,0.4,86,20260929,0.525
wearable,dry_to_wet,0.4,87,20260929,0.6666666666666666
wearable,dry_to_wet,0.4,88,20260929,0.2916666666666667
wearable,dry_to_wet,0.4,89,20260929,0.5333333333333333
wearable,dry_to_wet,0.4,90,20260929,0.15833333333333333
wearable,dry_to_wet,0.4,91,20260929,0.3
wearable,dry_to_wet,0.4,92,20260929,0.5416666666666666
wearable,dry_to_wet,0.4,93,20260929,0.425
wearable,dry_to_wet,0.4,94,20260929,0.25833333333333336
wearable,dry_to_wet,0.4,95,20260929,0.15000000000000005
wearable,dry_to_wet,0.4,96,20260929,0.18333333333333335
wearable,dry_to_wet,0.4,97,20260929,0.09166666666666667
wearable,dry_to_wet,0.4,98,20260929,0.6083333333333333
wearable,dry_to_wet,0.4,99,20260929,0.5000000000000001
wearable,dry_to_wet,0.4,100,20260929,0.45
wearable,dry_to_wet,0.4,101,20260929,0.35000000000000003
wearable,dry_to_wet,0.4,102,20260929,0.5416666666666666
wearable,dry_to_wet,0.4,1,20260930,0.4416666666666667
wearable,dry_to_wet,0.4,2,20260930,0.225
wearable,dry_to_wet,0.4,3,20260930,0.35000000000000003
wearable,dry_to_wet,0.4,4,20260930,0.3833333333333333
wearable,dry_to_wet,0.4,5,20260930,0.19999999999999998
wearable,dry_to_wet,0.4,6,20260930,0.1416666666666667
wearable,dry_to_wet,0.4,7,20260930,0.35833333333333334
wearable,dry_to_wet,0.4,8,20260930,0.3
wearable,dry_to_wet,0.4,9,20260930,0.19999999999999998
wearable,dry_to_wet,0.4,10,20260930,0.375
wearable,dry_to_wet,0.4,11,20260930,0.3833333333333333
wearable,dry_to_wet,0.4,12,20260930,0.65
wearable,dry_to_wet,0.4,13,20260930,0.27499999999999997
wearable,dry_to_wet,0.4,14,20260930,0.375
wearable,dry_to_wet,0.4,15,20260930,0.225
wearable,dry_to_wet,0.4,16,20260930,0.1416666666666667
wearable,dry_to_wet,0.4,17,20260930,0.3
wearable,dry_to_wet,0.4,18,20260930,0.3083333333333333
wearable,dry_to_wet,0.4,19,20260930,0.48333333333333334
wearable,dry_to_wet,0.4,20,20260930,0.3333333333333333
wearable,dry_to_wet,0.4,21,20260930,0.3
wearable,dry_to_wet,0.4,22,20260930,0.15
wearable,dry_to_wet,0.4,23,20260930,0.575
wearable,dry_to_wet,0.4,24,20260930,0.3416666666666666
wearable,dry_to_wet,0.4,25,20260930,0.15000000000000002
wearable,dry_to_wet,0.4,26,20260930,0.7166666666666667
wearable,dry_to_wet,0.4,27,20260930,0.25833333333333336
wearable,dry_to_wet,0.4,28,20260930,0.5083333333333334
wearable,dry_to_wet,0.4,29,20260930,0.5750000000000001
wearable,dry_to_wet,0.4,30,20260930,0.4749999999999999
wearable,dry_to_wet,0.4,31,20260930,0.31666666666666665
wearable,dry_to_wet,0.4,32,20260930,0.5833333333333333
wearable,dry_to_wet,0.4,33,20260930,0.2916666666666667
wearable,dry_to_wet,0.4,34,20260930,0.3
wearable,dry_to_wet,0.4,35,20260930,0.27499999999999997
wearable,dry_to_wet,0.4,36,20260930,0.25833333333333336
wearable,dry_to_wet,0.4,37,20260930,0.2833333333333333
wearable,dry_to_wet,0.4,38,20260930,0.65
wearable,dry_to_wet,0.4,39,20260930,0.36666666666666664
wearable,dry_to_wet,0.4,40,20260930,0.5333333333333333
wearable,dry_to_wet,0.4,41,20260930,0.25833333333333336
wearable,dry_to_wet,0.4,42,20260930,0.2916666666666667
wearable,dry_to_wet,0.4,43,20260930,0.3416666666666666
wearable,dry_to_wet,0.4,44,20260930,0.11666666666666668
wearable,dry_to_wet,0.4,45,20260930,0.13333333333333333
wearable,dry_to_wet,0.4,46,20260930,0.19166666666666665
wearable,dry_to_wet,0.4,47,20260930,0.11666666666666668
wearable,dry_to_wet,0.4,48,20260930,0.35833333333333334
wearable,dry_to_wet,0.4,49,20260930,0.09166666666666667
wearable,dry_to_wet,0.4,50,20260930,0.3666666666666667
wearable,dry_to_wet,0.4,51,20260930,0.4166666666666667
wearable,dry_to_wet,0.4,52,20260930,0.48333333333333334
wearable,dry_to_wet,0.4,53,20260930,0.5666666666666667
wearable,dry_to_wet,0.4,54,20260930,0.5166666666666666
wearable,dry_to_wet,0.4,55,20260930,0.27499999999999997
wearable,dry_to_wet,0.4,56,20260930,0.5916666666666667
wearable,dry_to_wet,0.4,57,20260930,0.3
wearable,dry_to_wet,0.4,58,20260930,0.4916666666666667
wearable,dry_to_wet,0.4,59,20260930,0.10000000000000002
wearable,dry_to_wet,0.4,60,20260930,0.2916666666666667
wearable,dry_to_wet,0.4,61,20260930,0.4083333333333334
wearable,dry_to_wet,0.4,62,20260930,0.38333333333333336
wearable,dry_to_wet,0.4,63,20260930,0.575
wearable,dry_to_wet,0.4,64,20260930,0.27499999999999997
wearable,dry_to_wet,0.4,65,20260930,0.1416666666666667
wearable,dry_to_wet,0.4,66,20260930,0.6749999999999999
wearable,dry_to_wet,0.4,67,20260930,0.35833333333333334
wearable,dry_to_wet,0.4,68,20260930,0.5583333333333332
wearable,dry_to_wet,0.4,69,20260930,0.9750000000000001
wearable,dry_to_wet,0.4,70,20260930,0.20000000000000004
wearable,dry_to_wet,0.4,71,20260930,0.1416666666666667
wearable,dry_to_wet,0.4,72,20260930,0.26666666666666666
wearable,dry_to_wet,0.4,73,20260930,0.20833333333333337
wearable,dry_to_wet,0.4,74,20260930,0.3416666666666666
wearable,dry_to_wet,0.4,75,20260930,0.075
wearable,dry_to_wet,0.4,76,20260930,0.09166666666666667
wearable,dry_to_wet,0.4,77,20260930,0.2416666666666667
wearable,dry_to_wet,0.4,78,20260930,0.10833333333333334
wearable,dry_to_wet,0.4,79,20260930,0.21666666666666665
wearable,dry_to_wet,0.4,80,20260930,0.65
wearable,dry_to_wet,0.4,81,20260930,0.5499999999999999
wearable,dry_to_wet,0.4,82,20260930,0.3499999999999999
wearable,dry_to_wet,0.4,83,20260930,0.25
wearable,dry_to_wet,0.4,84,20260930,0.7083333333333334
wearable,dry_to_wet,0.4,85,20260930,0.4583333333333333
wearable,dry_to_wet,0.4,86,20260930,0.5583333333333332
wearable,dry_to_wet,0.4,87,20260930,0.6666666666666666
wearable,dry_to_wet,0.4,88,20260930,0.2916666666666667
wearable,dry_to_wet,0.4,89,20260930,0.5333333333333333
wearable,dry_to_wet,0.4,90,20260930,0.20000000000000004
wearable,dry_to_wet,0.4,91,20260930,0.27499999999999997
wearable,dry_to_wet,0.4,92,20260930,0.5583333333333333
wearable,dry_to_wet,0.4,93,20260930,0.35833333333333334
wearable,dry_to_wet,0.4,94,20260930,0.28333333333333327
wearable,dry_to_wet,0.4,95,20260930,0.18333333333333335
wearable,dry_to_wet,0.4,96,20260930,0.18333333333333335
wearable,dry_to_wet,0.4,97,20260930,0.14166666666666666
wearable,dry_to_wet,0.4,98,20260930,0.5833333333333334
wearable,dry_to_wet,0.4,99,20260930,0.4916666666666667
wearable,dry_to_wet,0.4,100,20260930,0.3499999999999999
wearable,dry_to_wet,0.4,101,20260930,0.3666666666666667
wearable,dry_to_wet,0.4,102,20260930,0.5583333333333332
wearable,dry_to_wet,0.4,1,20260931,0.42500000000000004
wearable,dry_to_wet,0.4,2,20260931,0.2833333333333333
wearable,dry_to_wet,0.4,3,20260931,0.35833333333333334
wearable,dry_to_wet,0.4,4,20260931,0.4166666666666667
wearable,dry_to_wet,0.4,5,20260931,0.16666666666666666
wearable,dry_to_wet,0.4,6,20260931,0.18333333333333335
wearable,dry_to_wet,0.4,7,20260931,0.35000000000000003
wearable,dry_to_wet,0.4,8,20260931,0.35000000000000003
wearable,dry_to_wet,0.4,9,20260931,0.22499999999999998
wearable,dry_to_wet,0.4,10,20260931,0.3333333333333333
wearable,dry_to_wet,0.4,11,20260931,0.3416666666666666
wearable,dry_to_wet,0.4,12,20260931,0.6749999999999999
wearable,dry_to_wet,0.4,13,20260931,0.27499999999999997
wearable,dry_to_wet,0.4,14,20260931,0.3333333333333333
wearable,dry_to_wet,0.4,15,20260931,0.13333333333333333
wearable,dry_to_wet,0.4,16,20260931,0.11666666666666668
wearable,dry_to_wet,0.4,17,20260931,0.3
wearable,dry_to_wet,0.4,18,20260931,0.25833333333333336
wearable,dry_to_wet,0.4,19,20260931,0.525
wearable,dry_to_wet,0.4,20,20260931,0.325
wearable,dry_to_wet,0.4,21,20260931,0.24166666666666667
wearable,dry_to_wet,0.4,22,20260931,0.1666666666666667
wearable,dry_to_wet,0.4,23,20260931,0.5333333333333333
wearable,dry_to_wet,0.4,24,20260931,0.32499999999999996
wearable,dry_to_wet,0.4,25,20260931,0.11666666666666665
wearable,dry_to_wet,0.4,26,20260931,0.6916666666666668
wearable,dry_to_wet,0.4,27,20260931,0.23333333333333336
wearable,dry_to_wet,0.4,28,20260931,0.42500000000000004
wearable,dry_to_wet,0.4,29,20260931,0.5499999999999999
wearable,dry_to_wet,0.4,30,20260931,0.5166666666666667
wearable,dry_to_wet,0.4,31,20260931,0.31666666666666665
wearable,dry_to_wet,0.4,32,20260931,0.5416666666666666
wearable,dry_to_wet,0.4,33,20260931,0.27499999999999997
wearable,dry_to_wet,0.4,34,20260931,0.2833333333333334
wearable,dry_to_wet,0.4,35,20260931,0.24999999999999997
wearable,dry_to_wet,0.4,36,20260931,0.2416666666666667
wearable,dry_to_wet,0.4,37,20260931,0.2833333333333333
wearable,dry_to_wet,0.4,38,20260931,0.7166666666666667
wearable,dry_to_wet,0.4,39,20260931,0.3583333333333334
wearable,dry_to_wet,0.4,40,20260931,0.5249999999999999
wearable,dry_to_wet,0.4,41,20260931,0.25833333333333336
wearable,dry_to_wet,0.4,42,20260931,0.25833333333333336
wearable,dry_to_wet,0.4,43,20260931,0.3333333333333333
wearable,dry_to_wet,0.4,44,20260931,0.15
wearable,dry_to_wet,0.4,45,20260931,0.13333333333333333
wearable,dry_to_wet,0.4,46,20260931,0.18333333333333335
wearable,dry_to_wet,0.4,47,20260931,0.16666666666666666
wearable,dry_to_wet,0.4,48,20260931,0.425
wearable,dry_to_wet,0.4,49,20260931,0.11666666666666665
wearable,dry_to_wet,0.4,50,20260931,0.3583333333333332
wearable,dry_to_wet,0.4,51,20260931,0.4083333333333334
wearable,dry_to_wet,0.4,52,20260931,0.44999999999999996
wearable,dry_to_wet,0.4,53,20260931,0.4833333333333334
wearable,dry_to_wet,0.4,54,20260931,0.47500000000000003
wearable,dry_to_wet,0.4,55,20260931,0.18333333333333335
wearable,dry_to_wet,0.4,56,20260931,0.6333333333333333
wearable,dry_to_wet,0.4,57,20260931,0.20000000000000004
wearable,dry_to_wet,0.4,58,20260931,0.4666666666666666
wearable,dry_to_wet,0.4,59,20260931,0.09166666666666667
wearable,dry_to_wet,0.4,60,20260931,0.3083333333333334
wearable,dry_to_wet,0.4,61,20260931,0.4166666666666667
wearable,dry_to_wet,0.4,62,20260931,0.3666666666666667
wearable,dry_to_wet,0.4,63,20260931,0.5916666666666667
wearable,dry_to_wet,0.4,64,20260931,0.39166666666666666
wearable,dry_to_wet,0.4,65,20260931,0.18333333333333332
wearable,dry_to_wet,0.4,66,20260931,0.5333333333333333
wearable,dry_to_wet,0.4,67,20260931,0.3583333333333334
wearable,dry_to_wet,0.4,68,20260931,0.5333333333333333
wearable,dry_to_wet,0.4,69,20260931,0.9499999999999998
wearable,dry_to_wet,0.4,70,20260931,0.23333333333333336
wearable,dry_to_wet,0.4,71,20260931,0.12500000000000003
wearable,dry_to_wet,0.4,72,20260931,0.35833333333333334
wearable,dry_to_wet,0.4,73,20260931,0.20833333333333334
wearable,dry_to_wet,0.4,74,20260931,0.3666666666666667
wearable,dry_to_wet,0.4,75,20260931,0.13333333333333336
wearable,dry_to_wet,0.4,76,20260931,0.09166666666666667
wearable,dry_to_wet,0.4,77,20260931,0.35000000000000003
wearable,dry_to_wet,0.4,78,20260931,0.11666666666666668
wearable,dry_to_wet,0.4,79,20260931,0.19999999999999998
wearable,dry_to_wet,0.4,80,20260931,0.6833333333333335
wearable,dry_to_wet,0.4,81,20260931,0.525
wearable,dry_to_wet,0.4,82,20260931,0.2750000000000001
wearable,dry_to_wet,0.4,83,20260931,0.25833333333333336
wearable,dry_to_wet,0.4,84,20260931,0.7416666666666667
wearable,dry_to_wet,0.4,85,20260931,0.375
wearable,dry_to_wet,0.4,86,20260931,0.5416666666666666
wearable,dry_to_wet,0.4,87,20260931,0.6416666666666667
wearable,dry_to_wet,0.4,88,20260931,0.2916666666666667
wearable,dry_to_wet,0.4,89,20260931,0.4583333333333333
wearable,dry_to_wet,0.4,90,20260931,0.19166666666666665
wearable,dry_to_wet,0.4,91,20260931,0.275
wearable,dry_to_wet,0.4,92,20260931,0.5416666666666666
wearable,dry_to_wet,0.4,93,20260931,0.4083333333333334
wearable,dry_to_wet,0.4,94,20260931,0.24166666666666667
wearable,dry_to_wet,0.4,95,20260931,0.19166666666666665
wearable,dry_to_wet,0.4,96,20260931,0.24166666666666667
wearable,dry_to_wet,0.4,97,20260931,0.1166666666666667
wearable,dry_to_wet,0.4,98,20260931,0.6
wearable,dry_to_wet,0.4,99,20260931,0.48333333333333334
wearable,dry_to_wet,0.4,100,20260931,0.4333333333333333
wearable,dry_to_wet,0.4,101,20260931,0.35833333333333334
wearable,dry_to_wet,0.4,102,20260931,0.47500000000000003
wearable,dry_to_wet,0.6,1,20260929,0.4000000000000001
wearable,dry_to_wet,0.6,2,20260929,0.27499999999999997
wearable,dry_to_wet,0.6,3,20260929,0.5
wearable,dry_to_wet,0.6,4,20260929,0.6416666666666666
wearable,dry_to_wet,0.6,5,20260929,0.25833333333333336
wearable,dry_to_wet,0.6,6,20260929,0.21666666666666667
wearable,dry_to_wet,0.6,7,20260929,0.5
wearable,dry_to_wet,0.6,8,20260929,0.44166666666666665
wearable,dry_to_wet,0.6,9,20260929,0.2833333333333333
wearable,dry_to_wet,0.6,10,20260929,0.45833333333333326
wearable,dry_to_wet,0.6,11,20260929,0.45
wearable,dry_to_wet,0.6,12,20260929,0.7833333333333332
wearable,dry_to_wet,0.6,13,20260929,0.425
wearable,dry_to_wet,0.6,14,20260929,0.5416666666666666
wearable,dry_to_wet,0.6,15,20260929,0.2666666666666667
wearable,dry_to_wet,0.6,16,20260929,0.21666666666666667
wearable,dry_to_wet,0.6,17,20260929,0.3499999999999999
wearable,dry_to_wet,0.6,18,20260929,0.45
wearable,dry_to_wet,0.6,19,20260929,0.6999999999999998
wearable,dry_to_wet,0.6,20,20260929,0.39166666666666666
wearable,dry_to_wet,0.6,21,20260929,0.36666666666666664
wearable,dry_to_wet,0.6,22,20260929,0.18333333333333335
wearable,dry_to_wet,0.6,23,20260929,0.7166666666666667
wearable,dry_to_wet,0.6,24,20260929,0.4583333333333333
wearable,dry_to_wet,0.6,25,20260929,0.12500000000000003
wearable,dry_to_wet,0.6,26,20260929,0.8250000000000002
wearable,dry_to_wet,0.6,27,20260929,0.26666666666666666
wearable,dry_to_wet,0.6,28,20260929,0.6916666666666668
wearable,dry_to_wet,0.6,29,20260929,0.7666666666666667
wearable,dry_to_wet,0.6,30,20260929,0.7416666666666667
wearable,dry_to_wet,0.6,31,20260929,0.4666666666666666
wearable,dry_to_wet,0.6,32,20260929,0.7000000000000001
wearable,dry_to_wet,0.6,33,20260929,0.3833333333333333
wearable,dry_to_wet,0.6,34,20260929,0.35000000000000003
wearable,dry_to_wet,0.6,35,20260929,0.27499999999999997
wearable,dry_to_wet,0.6,36,20260929,0.32500000000000007
wearable,dry_to_wet,0.6,37,20260929,0.26666666666666666
wearable,dry_to_wet,0.6,38,20260929,0.8250000000000001
wearable,dry_to_wet,0.6,39,20260929,0.425
wearable,dry_to_wet,0.6,40,20260929,0.7583333333333334
wearable,dry_to_wet,0.6,41,20260929,0.2916666666666667
wearable,dry_to_wet,0.6,42,20260929,0.375
wearable,dry_to_wet,0.6,43,20260929,0.5333333333333333
wearable,dry_to_wet,0.6,44,20260929,0.2666666666666667
wearable,dry_to_wet,0.6,45,20260929,0.3166666666666667
wearable,dry_to_wet,0.6,46,20260929,0.3
wearable,dry_to_wet,0.6,47,20260929,0.1416666666666667
wearable,dry_to_wet,0.6,48,20260929,0.6083333333333333
wearable,dry_to_wet,0.6,49,20260929,0.12500000000000003
wearable,dry_to_wet,0.6,50,20260929,0.425
wearable,dry_to_wet,0.6,51,20260929,0.5166666666666667
wearable,dry_to_wet,0.6,52,20260929,0.65
wearable,dry_to_wet,0.6,53,20260929,0.7083333333333334
wearable,dry_to_wet,0.6,54,20260929,0.6666666666666666
wearable,dry_to_wet,0.6,55,20260929,0.30833333333333335
wearable,dry_to_wet,0.6,56,20260929,0.7999999999999999
wearable,dry_to_wet,0.6,57,20260929,0.32499999999999996
wearable,dry_to_wet,0.6,58,20260929,0.6583333333333333
wearable,dry_to_wet,0.6,59,20260929,0.13333333333333333
wearable,dry_to_wet,0.6,60,20260929,0.3666666666666667
wearable,dry_to_wet,0.6,61,20260929,0.5083333333333334
wearable,dry_to_wet,0.6,62,20260929,0.5333333333333333
wearable,dry_to_wet,0.6,63,20260929,0.7333333333333334
wearable,dry_to_wet,0.6,64,20260929,0.4083333333333334
wearable,dry_to_wet,0.6,65,20260929,0.2333333333333333
wearable,dry_to_wet,0.6,66,20260929,0.8083333333333335
wearable,dry_to_wet,0.6,67,20260929,0.4833333333333334
wearable,dry_to_wet,0.6,68,20260929,0.7499999999999999
wearable,dry_to_wet,0.6,69,20260929,1.0
wearable,dry_to_wet,0.6,70,20260929,0.28333333333333327
wearable,dry_to_wet,0.6,71,20260929,0.20833333333333337
wearable,dry_to_wet,0.6,72,20260929,0.5166666666666667
wearable,dry_to_wet,0.6,73,20260929,0.27499999999999997
wearable,dry_to_wet,0.6,74,20260929,0.44999999999999996
wearable,dry_to_wet,0.6,75,20260929,0.1666666666666667
wearable,dry_to_wet,0.6,76,20260929,0.12500000000000003
wearable,dry_to_wet,0.6,77,20260929,0.2833333333333333
wearable,dry_to_wet,0.6,78,20260929,0.075
wearable,dry_to_wet,0.6,79,20260929,0.3083333333333333
wearable,dry_to_wet,0.6,80,20260929,0.8416666666666668
wearable,dry_to_wet,0.6,81,20260929,0.7000000000000001
wearable,dry_to_wet,0.6,82,20260929,0.4583333333333333
wearable,dry_to_wet,0.6,83,20260929,0.3
wearable,dry_to_wet,0.6,84,20260929,0.7999999999999999
wearable,dry_to_wet,0.6,85,20260929,0.6083333333333333
wearable,dry_to_wet,0.6,86,20260929,0.7250000000000001
wearable,dry_to_wet,0.6,87,20260929,0.8333333333333334
wearable,dry_to_wet,0.6,88,20260929,0.40833333333333327
wearable,dry_to_wet,0.6,89,20260929,0.6166666666666667
wearable,dry_to_wet,0.6,90,20260929,0.20833333333333334
wearable,dry_to_wet,0.6,91,20260929,0.44166666666666665
wearable,dry_to_wet,0.6,92,20260929,0.7166666666666667
wearable,dry_to_wet,0.6,93,20260929,0.5083333333333333
wearable,dry_to_wet,0.6,94,20260929,0.3499999999999999
wearable,dry_to_wet,0.6,95,20260929,0.13333333333333333
wearable,dry_to_wet,0.6,96,20260929,0.2833333333333333
wearable,dry_to_wet,0.6,97,20260929,0.18333333333333335
wearable,dry_to_wet,0.6,98,20260929,0.7000000000000001
wearable,dry_to_wet,0.6,99,20260929,0.5833333333333334
wearable,dry_to_wet,0.6,100,20260929,0.5666666666666667
wearable,dry_to_wet,0.6,101,20260929,0.48333333333333334
wearable,dry_to_wet,0.6,102,20260929,0.6916666666666665
wearable,dry_to_wet,0.6,1,20260930,0.45
wearable,dry_to_wet,0.6,2,20260930,0.275
wearable,dry_to_wet,0.6,3,20260930,0.49166666666666664
wearable,dry_to_wet,0.6,4,20260930,0.6333333333333334
wearable,dry_to_wet,0.6,5,20260930,0.3166666666666667
wearable,dry_to_wet,0.6,6,20260930,0.25833333333333336
wearable,dry_to_wet,0.6,7,20260930,0.43333333333333335
wearable,dry_to_wet,0.6,8,20260930,0.43333333333333335
wearable,dry_to_wet,0.6,9,20260930,0.2916666666666667
wearable,dry_to_wet,0.6,10,20260930,0.43333333333333335
wearable,dry_to_wet,0.6,11,20260930,0.4666666666666666
wearable,dry_to_wet,0.6,12,20260930,0.8166666666666668
wearable,dry_to_wet,0.6,13,20260930,0.39999999999999997
wearable,dry_to_wet,0.6,14,20260930,0.4666666666666666
wearable,dry_to_wet,0.6,15,20260930,0.25000000000000006
wearable,dry_to_wet,0.6,16,20260930,0.19166666666666665
wearable,dry_to_wet,0.6,17,20260930,0.3416666666666666
wearable,dry_to_wet,0.6,18,20260930,0.4583333333333334
wearable,dry_to_wet,0.6,19,20260930,0.7166666666666667
wearable,dry_to_wet,0.6,20,20260930,0.4166666666666667
wearable,dry_to_wet,0.6,21,20260930,0.325
wearable,dry_to_wet,0.6,22,20260930,0.21666666666666667
wearable,dry_to_wet,0.6,23,20260930,0.7166666666666667
wearable,dry_to_wet,0.6,24,20260930,0.47500000000000003
wearable,dry_to_wet,0.6,25,20260930,0.15833333333333333
wearable,dry_to_wet,0.6,26,20260930,0.7916666666666666
wearable,dry_to_wet,0.6,27,20260930,0.30000000000000004
wearable,dry_to_wet,0.6,28,20260930,0.7583333333333334
wearable,dry_to_wet,0.6,29,20260930,0.75
wearable,dry_to_wet,0.6,30,20260930,0.7166666666666667
wearable,dry_to_wet,0.6,31,20260930,0.525
wearable,dry_to_wet,0.6,32,20260930,0.7000000000000001
wearable,dry_to_wet,0.6,33,20260930,0.3333333333333333
wearable,dry_to_wet,0.6,34,20260930,0.35000000000000003
wearable,dry_to_wet,0.6,35,20260930,0.28333333333333327
wearable,dry_to_wet,0.6,36,20260930,0.39166666666666655
wearable,dry_to_wet,0.6,37,20260930,0.3083333333333333
wearable,dry_to_wet,0.6,38,20260930,0.8833333333333333
wearable,dry_to_wet,0.6,39,20260930,0.48333333333333334
wearable,dry_to_wet,0.6,40,20260930,0.7166666666666667
wearable,dry_to_wet,0.6,41,20260930,0.32499999999999996
wearable,dry_to_wet,0.6,42,20260930,0.39999999999999997
wearable,dry_to_wet,0.6,43,20260930,0.6416666666666667
wearable,dry_to_wet,0.6,44,20260930,0.20000000000000004
wearable,dry_to_wet,0.6,45,20260930,0.25
wearable,dry_to_wet,0.6,46,20260930,0.27499999999999997
wearable,dry_to_wet,0.6,47,20260930,0.13333333333333336
wearable,dry_to_wet,0.6,48,20260930,0.55
wearable,dry_to_wet,0.6,49,20260930,0.15833333333333335
wearable,dry_to_wet,0.6,50,20260930,0.39999999999999997
wearable,dry_to_wet,0.6,51,20260930,0.525
wearable,dry_to_wet,0.6,52,20260930,0.625
wearable,dry_to_wet,0.6,53,20260930,0.7000000000000001
wearable,dry_to_wet,0.6,54,20260930,0.7083333333333334
wearable,dry_to_wet,0.6,55,20260930,0.3333333333333333
wearable,dry_to_wet,0.6,56,20260930,0.7833333333333333
wearable,dry_to_wet,0.6,57,20260930,0.3333333333333333
wearable,dry_to_wet,0.6,58,20260930,0.6583333333333333
wearable,dry_to_wet,0.6,59,20260930,0.13333333333333336
wearable,dry_to_wet,0.6,60,20260930,0.3166666666666667
wearable,dry_to_wet,0.6,61,20260930,0.5083333333333333
wearable,dry_to_wet,0.6,62,20260930,0.575
wearable,dry_to_wet,0.6,63,20260930,0.75
wearable,dry_to_wet,0.6,64,20260930,0.39999999999999997
wearable,dry_to_wet,0.6,65,20260930,0.26666666666666666
wearable,dry_to_wet,0.6,66,20260930,0.8000000000000002
wearable,dry_to_wet,0.6,67,20260930,0.5333333333333333
wearable,dry_to_wet,0.6,68,20260930,0.775
wearable,dry_to_wet,0.6,69,20260930,1.0
wearable,dry_to_wet,0.6,70,20260930,0.2833333333333333
wearable,dry_to_wet,0.6,71,20260930,0.18333333333333335
wearable,dry_to_wet,0.6,72,20260930,0.47500000000000003
wearable,dry_to_wet,0.6,73,20260930,0.3333333333333333
wearable,dry_to_wet,0.6,74,20260930,0.45
wearable,dry_to_wet,0.6,75,20260930,0.10833333333333335
wearable,dry_to_wet,0.6,76,20260930,0.10833333333333335
wearable,dry_to_wet,0.6,77,20260930,0.22499999999999998
wearable,dry_to_wet,0.6,78,20260930,0.10833333333333334
wearable,dry_to_wet,0.6,79,20260930,0.325
wearable,dry_to_wet,0.6,80,20260930,0.8083333333333332
wearable,dry_to_wet,0.6,81,20260930,0.7166666666666667
wearable,dry_to_wet,0.6,82,20260930,0.43333333333333335
wearable,dry_to_wet,0.6,83,20260930,0.3083333333333333
wearable,dry_to_wet,0.6,84,20260930,0.7916666666666665
wearable,dry_to_wet,0.6,85,20260930,0.6416666666666666
wearable,dry_to_wet,0.6,86,20260930,0.7666666666666667
wearable,dry_to_wet,0.6,87,20260930,0.875
wearable,dry_to_wet,0.6,88,20260930,0.39166666666666666
wearable,dry_to_wet,0.6,89,20260930,0.65
wearable,dry_to_wet,0.6,90,20260930,0.23333333333333336
wearable,dry_to_wet,0.6,91,20260930,0.32499999999999996
wearable,dry_to_wet,0.6,92,20260930,0.725
wearable,dry_to_wet,0.6,93,20260930,0.4750000000000001
wearable,dry_to_wet,0.6,94,20260930,0.34166666666666673
wearable,dry_to_wet,0.6,95,20260930,0.15000000000000002
wearable,dry_to_wet,0.6,96,20260930,0.3333333333333333
wearable,dry_to_wet,0.6,97,20260930,0.15000000000000002
wearable,dry_to_wet,0.6,98,20260930,0.7166666666666667
wearable,dry_to_wet,0.6,99,20260930,0.65
wearable,dry_to_wet,0.6,100,20260930,0.5833333333333334
wearable,dry_to_wet,0.6,101,20260930,0.39999999999999997
wearable,dry_to_wet,0.6,102,20260930,0.7666666666666666
wearable,dry_to_wet,0.6,1,20260931,0.4916666666666667
wearable,dry_to_wet,0.6,2,20260931,0.36666666666666664
wearable,dry_to_wet,0.6,3,20260931,0.5000000000000001
wearable,dry_to_wet,0.6,4,20260931,0.6916666666666668
wearable,dry_to_wet,0.6,5,20260931,0.25
wearable,dry_to_wet,0.6,6,20260931,0.23333333333333336
wearable,dry_to_wet,0.6,7,20260931,0.4916666666666667
wearable,dry_to_wet,0.6,8,20260931,0.4416666666666667
wearable,dry_to_wet,0.6,9,20260931,0.3083333333333333
wearable,dry_to_wet,0.6,10,20260931,0.4166666666666667
wearable,dry_to_wet,0.6,11,20260931,0.48333333333333334
wearable,dry_to_wet,0.6,12,20260931,0.8166666666666668
wearable,dry_to_wet,0.6,13,20260931,0.4166666666666667
wearable,dry_to_wet,0.6,14,20260931,0.5
wearable,dry_to_wet,0.6,15,20260931,0.26666666666666666
wearable,dry_to_wet,0.6,16,20260931,0.20000000000000004
wearable,dry_to_wet,0.6,17,20260931,0.2833333333333334
wearable,dry_to_wet,0.6,18,20260931,0.40833333333333327
wearable,dry_to_wet,0.6,19,20260931,0.7416666666666667
wearable,dry_to_wet,0.6,20,20260931,0.4083333333333334
wearable,dry_to_wet,0.6,21,20260931,0.32499999999999996
wearable,dry_to_wet,0.6,22,20260931,0.21666666666666667
wearable,dry_to_wet,0.6,23,20260931,0.6750000000000002
wearable,dry_to_wet,0.6,24,20260931,0.4583333333333333
wearable,dry_to_wet,0.6,25,20260931,0.09166666666666667
wearable,dry_to_wet,0.6,26,20260931,0.8000000000000002
wearable,dry_to_wet,0.6,27,20260931,0.30000000000000004
wearable,dry_to_wet,0.6,28,20260931,0.7166666666666668
wearable,dry_to_wet,0.6,29,20260931,0.7000000000000002
wearable,dry_to_wet,0.6,30,20260931,0.7333333333333334
wearable,dry_to_wet,0.6,31,20260931,0.5666666666666667
wearable,dry_to_wet,0.6,32,20260931,0.7000000000000001
wearable,dry_to_wet,0.6,33,20260931,0.32499999999999996
wearable,dry_to_wet,0.6,34,20260931,0.31666666666666665
wearable,dry_to_wet,0.6,35,20260931,0.24999999999999997
wearable,dry_to_wet,0.6,36,20260931,0.37499999999999994
wearable,dry_to_wet,0.6,37,20260931,0.28333333333333327
wearable,dry_to_wet,0.6,38,20260931,0.8750000000000001
wearable,dry_to_wet,0.6,39,20260931,0.5
wearable,dry_to_wet,0.6,40,20260931,0.7083333333333334
wearable,dry_to_wet,0.6,41,20260931,0.3416666666666666
wearable,dry_to_wet,0.6,42,20260931,0.36666666666666664
wearable,dry_to_wet,0.6,43,20260931,0.5249999999999999
wearable,dry_to_wet,0.6,44,20260931,0.225
wearable,dry_to_wet,0.6,45,20260931,0.275
wearable,dry_to_wet,0.6,46,20260931,0.29166666666666674
wearable,dry_to_wet,0.6,47,20260931,0.15000000000000002
wearable,dry_to_wet,0.6,48,20260931,0.6
wearable,dry_to_wet,0.6,49,20260931,0.125
wearable,dry_to_wet,0.6,50,20260931,0.39166666666666666
wearable,dry_to_wet,0.6,51,20260931,0.4916666666666667
wearable,dry_to_wet,0.6,52,20260931,0.625
wearable,dry_to_wet,0.6,53,20260931,0.6416666666666667
wearable,dry_to_wet,0.6,54,20260931,0.6583333333333333
wearable,dry_to_wet,0.6,55,20260931,0.3333333333333333
wearable,dry_to_wet,0.6,56,20260931,0.85
wearable,dry_to_wet,0.6,57,20260931,0.30833333333333335
wearable,dry_to_wet,0.6,58,20260931,0.65
wearable,dry_to_wet,0.6,59,20260931,0.10833333333333334
wearable,dry_to_wet,0.6,60,20260931,0.42500000000000004
wearable,dry_to_wet,0.6,61,20260931,0.4416666666666667
wearable,dry_to_wet,0.6,62,20260931,0.5166666666666666
wearable,dry_to_wet,0.6,63,20260931,0.7416666666666667
wearable,dry_to_wet,0.6,64,20260931,0.5083333333333334
wearable,dry_to_wet,0.6,65,20260931,0.275
wearable,dry_to_wet,0.6,66,20260931,0.7166666666666667
wearable,dry_to_wet,0.6,67,20260931,0.5583333333333333
wearable,dry_to_wet,0.6,68,20260931,0.7333333333333334
wearable,dry_to_wet,0.6,69,20260931,1.0
wearable,dry_to_wet,0.6,70,20260931,0.2916666666666667
wearable,dry_to_wet,0.6,71,20260931,0.15000000000000005
wearable,dry_to_wet,0.6,72,20260931,0.4916666666666667
wearable,dry_to_wet,0.6,73,20260931,0.2916666666666667
wearable,dry_to_wet,0.6,74,20260931,0.4916666666666667
wearable,dry_to_wet,0.6,75,20260931,0.13333333333333333
wearable,dry_to_wet,0.6,76,20260931,0.09166666666666667
wearable,dry_to_wet,0.6,77,20260931,0.27499999999999997
wearable,dry_to_wet,0.6,78,20260931,0.15
wearable,dry_to_wet,0.6,79,20260931,0.21666666666666667
wearable,dry_to_wet,0.6,80,20260931,0.7916666666666666
wearable,dry_to_wet,0.6,81,20260931,0.75
wearable,dry_to_wet,0.6,82,20260931,0.4333333333333333
wearable,dry_to_wet,0.6,83,20260931,0.3333333333333333
wearable,dry_to_wet,0.6,84,20260931,0.7916666666666666
wearable,dry_to_wet,0.6,85,20260931,0.5916666666666667
wearable,dry_to_wet,0.6,86,20260931,0.6833333333333335
wearable,dry_to_wet,0.6,87,20260931,0.8416666666666668
wearable,dry_to_wet,0.6,88,20260931,0.39999999999999997
wearable,dry_to_wet,0.6,89,20260931,0.6
wearable,dry_to_wet,0.6,90,20260931,0.19166666666666665
wearable,dry_to_wet,0.6,91,20260931,0.39999999999999997
wearable,dry_to_wet,0.6,92,20260931,0.7083333333333334
wearable,dry_to_wet,0.6,93,20260931,0.4000000000000001
wearable,dry_to_wet,0.6,94,20260931,0.3083333333333333
wearable,dry_to_wet,0.6,95,20260931,0.11666666666666665
wearable,dry_to_wet,0.6,96,20260931,0.34166666666666673
wearable,dry_to_wet,0.6,97,20260931,0.15833333333333335
wearable,dry_to_wet,0.6,98,20260931,0.7166666666666667
wearable,dry_to_wet,0.6,99,20260931,0.6666666666666666
wearable,dry_to_wet,0.6,100,20260931,0.5083333333333333
wearable,dry_to_wet,0.6,101,20260931,0.43333333333333335
wearable,dry_to_wet,0.6,102,20260931,0.6749999999999999
wearable,dry_to_wet,0.8,1,20260929,0.5
wearable,dry_to_wet,0.8,2,20260929,0.325
wearable,dry_to_wet,0.8,3,20260929,0.5333333333333333
wearable,dry_to_wet,0.8,4,20260929,0.7083333333333334
wearable,dry_to_wet,0.8,5,20260929,0.3583333333333334
wearable,dry_to_wet,0.8,6,20260929,0.275
wearable,dry_to_wet,0.8,7,20260929,0.6583333333333333
wearable,dry_to_wet,0.8,8,20260929,0.6333333333333333
wearable,dry_to_wet,0.8,9,20260929,0.3
wearable,dry_to_wet,0.8,10,20260929,0.5333333333333333
wearable,dry_to_wet,0.8,11,20260929,0.5666666666666667
wearable,dry_to_wet,0.8,12,20260929,0.9333333333333335
wearable,dry_to_wet,0.8,13,20260929,0.47500000000000003
wearable,dry_to_wet,0.8,14,20260929,0.65
wearable,dry_to_wet,0.8,15,20260929,0.27499999999999997
wearable,dry_to_wet,0.8,16,20260929,0.19166666666666668
wearable,dry_to_wet,0.8,17,20260929,0.4666666666666666
wearable,dry_to_wet,0.8,18,20260929,0.5416666666666667
wearable,dry_to_wet,0.8,19,20260929,0.8000000000000002
wearable,dry_to_wet,0.8,20,20260929,0.4583333333333333
wearable,dry_to_wet,0.8,21,20260929,0.4333333333333333
wearable,dry_to_wet,0.8,22,20260929,0.23333333333333336
wearable,dry_to_wet,0.8,23,20260929,0.7916666666666666
wearable,dry_to_wet,0.8,24,20260929,0.5333333333333333
wearable,dry_to_wet,0.8,25,20260929,0.13333333333333336
wearable,dry_to_wet,0.8,26,20260929,0.8583333333333335
wearable,dry_to_wet,0.8,27,20260929,0.3166666666666667
wearable,dry_to_wet,0.8,28,20260929,0.8916666666666667
wearable,dry_to_wet,0.8,29,20260929,0.8333333333333335
wearable,dry_to_wet,0.8,30,20260929,0.8416666666666667
wearable,dry_to_wet,0.8,31,20260929,0.6749999999999999
wearable,dry_to_wet,0.8,32,20260929,0.7666666666666667
wearable,dry_to_wet,0.8,33,20260929,0.4666666666666666
wearable,dry_to_wet,0.8,34,20260929,0.43333333333333335
wearable,dry_to_wet,0.8,35,20260929,0.3166666666666666
wearable,dry_to_wet,0.8,36,20260929,0.37499999999999994
wearable,dry_to_wet,0.8,37,20260929,0.3499999999999999
wearable,dry_to_wet,0.8,38,20260929,0.9166666666666666
wearable,dry_to_wet,0.8,39,20260929,0.5583333333333335
wearable,dry_to_wet,0.8,40,20260929,0.7999999999999999
wearable,dry_to_wet,0.8,41,20260929,0.36666666666666664
wearable,dry_to_wet,0.8,42,20260929,0.4583333333333333
wearable,dry_to_wet,0.8,43,20260929,0.6666666666666666
wearable,dry_to_wet,0.8,44,20260929,0.2416666666666667
wearable,dry_to_wet,0.8,45,20260929,0.4416666666666667
wearable,dry_to_wet,0.8,46,20260929,0.3333333333333333
wearable,dry_to_wet,0.8,47,20260929,0.2083333333333333
wearable,dry_to_wet,0.8,48,20260929,0.6999999999999998
wearable,dry_to_wet,0.8,49,20260929,0.20833333333333334
wearable,dry_to_wet,0.8,50,20260929,0.5750000000000001
wearable,dry_to_wet,0.8,51,20260929,0.5833333333333334
wearable,dry_to_wet,0.8,52,20260929,0.7500000000000001
wearable,dry_to_wet,0.8,53,20260929,0.725
wearable,dry_to_wet,0.8,54,20260929,0.8250000000000001
wearable,dry_to_wet,0.8,55,20260929,0.3416666666666666
wearable,dry_to_wet,0.8,56,20260929,0.9249999999999999
wearable,dry_to_wet,0.8,57,20260929,0.35833333333333334
wearable,dry_to_wet,0.8,58,20260929,0.7416666666666667
wearable,dry_to_wet,0.8,59,20260929,0.19166666666666668
wearable,dry_to_wet,0.8,60,20260929,0.4833333333333334
wearable,dry_to_wet,0.8,61,20260929,0.5583333333333333
wearable,dry_to_wet,0.8,62,20260929,0.6916666666666665
wearable,dry_to_wet,0.8,63,20260929,0.8333333333333334
wearable,dry_to_wet,0.8,64,20260929,0.4666666666666666
wearable,dry_to_wet,0.8,65,20260929,0.26666666666666666
wearable,dry_to_wet,0.8,66,20260929,0.8666666666666667
wearable,dry_to_wet,0.8,67,20260929,0.6
wearable,dry_to_wet,0.8,68,20260929,0.8750000000000001
wearable,dry_to_wet,0.8,69,20260929,1.0
wearable,dry_to_wet,0.8,70,20260929,0.39999999999999997
wearable,dry_to_wet,0.8,71,20260929,0.2416666666666667
wearable,dry_to_wet,0.8,72,20260929,0.6749999999999999
wearable,dry_to_wet,0.8,73,20260929,0.3583333333333332
wearable,dry_to_wet,0.8,74,20260929,0.47500000000000003
wearable,dry_to_wet,0.8,75,20260929,0.19166666666666668
wearable,dry_to_wet,0.8,76,20260929,0.13333333333333333
wearable,dry_to_wet,0.8,77,20260929,0.4166666666666667
wearable,dry_to_wet,0.8,78,20260929,0.10833333333333334
wearable,dry_to_wet,0.8,79,20260929,0.4000000000000001
wearable,dry_to_wet,0.8,80,20260929,0.8916666666666666
wearable,dry_to_wet,0.8,81,20260929,0.8083333333333332
wearable,dry_to_wet,0.8,82,20260929,0.6
wearable,dry_to_wet,0.8,83,20260929,0.3666666666666667
wearable,dry_to_wet,0.8,84,20260929,0.8500000000000001
wearable,dry_to_wet,0.8,85,20260929,0.75
wearable,dry_to_wet,0.8,86,20260929,0.8500000000000001
wearable,dry_to_wet,0.8,87,20260929,0.9416666666666668
wearable,dry_to_wet,0.8,88,20260929,0.4833333333333334
wearable,dry_to_wet,0.8,89,20260929,0.7083333333333334
wearable,dry_to_wet,0.8,90,20260929,0.2416666666666666
wearable,dry_to_wet,0.8,91,20260929,0.5416666666666666
wearable,dry_to_wet,0.8,92,20260929,0.8083333333333332
wearable,dry_to_wet,0.8,93,20260929,0.6416666666666666
wearable,dry_to_wet,0.8,94,20260929,0.39999999999999997
wearable,dry_to_wet,0.8,95,20260929,0.24166666666666667
wearable,dry_to_wet,0.8,96,20260929,0.35000000000000003
wearable,dry_to_wet,0.8,97,20260929,0.21666666666666667
wearable,dry_to_wet,0.8,98,20260929,0.7999999999999999
wearable,dry_to_wet,0.8,99,20260929,0.6749999999999999
wearable,dry_to_wet,0.8,100,20260929,0.5833333333333334
wearable,dry_to_wet,0.8,101,20260929,0.6
wearable,dry_to_wet,0.8,102,20260929,0.7916666666666666
wearable,dry_to_wet,0.8,1,20260930,0.5166666666666667
wearable,dry_to_wet,0.8,2,20260930,0.2916666666666666
wearable,dry_to_wet,0.8,3,20260930,0.6
wearable,dry_to_wet,0.8,4,20260930,0.7333333333333334
wearable,dry_to_wet,0.8,5,20260930,0.39999999999999997
wearable,dry_to_wet,0.8,6,20260930,0.25
wearable,dry_to_wet,0.8,7,20260930,0.6083333333333333
wearable,dry_to_wet,0.8,8,20260930,0.5666666666666665
wearable,dry_to_wet,0.8,9,20260930,0.37499999999999994
wearable,dry_to_wet,0.8,10,20260930,0.5500000000000002
wearable,dry_to_wet,0.8,11,20260930,0.5583333333333333
wearable,dry_to_wet,0.8,12,20260930,0.9500000000000001
wearable,dry_to_wet,0.8,13,20260930,0.4749999999999999
wearable,dry_to_wet,0.8,14,20260930,0.6916666666666668
wearable,dry_to_wet,0.8,15,20260930,0.3666666666666667
wearable,dry_to_wet,0.8,16,20260930,0.18333333333333335
wearable,dry_to_wet,0.8,17,20260930,0.3583333333333334
wearable,dry_to_wet,0.8,18,20260930,0.5416666666666666
wearable,dry_to_wet,0.8,19,20260930,0.7416666666666667
wearable,dry_to_wet,0.8,20,20260930,0.48333333333333334
wearable,dry_to_wet,0.8,21,20260930,0.4583333333333333
wearable,dry_to_wet,0.8,22,20260930,0.27499999999999997
wearable,dry_to_wet,0.8,23,20260930,0.8083333333333332
wearable,dry_to_wet,0.8,24,20260930,0.49166666666666664
wearable,dry_to_wet,0.8,25,20260930,0.15833333333333335
wearable,dry_to_wet,0.8,26,20260930,0.8750000000000001
wearable,dry_to_wet,0.8,27,20260930,0.2916666666666667
wearable,dry_to_wet,0.8,28,20260930,0.8833333333333333
wearable,dry_to_wet,0.8,29,20260930,0.875
wearable,dry_to_wet,0.8,30,20260930,0.875
wearable,dry_to_wet,0.8,31,20260930,0.7416666666666668
wearable,dry_to_wet,0.8,32,20260930,0.7833333333333335
wearable,dry_to_wet,0.8,33,20260930,0.42500000000000004
wearable,dry_to_wet,0.8,34,20260930,0.425
wearable,dry_to_wet,0.8,35,20260930,0.3499999999999999
wearable,dry_to_wet,0.8,36,20260930,0.45
wearable,dry_to_wet,0.8,37,20260930,0.40833333333333327
wearable,dry_to_wet,0.8,38,20260930,0.9333333333333332
wearable,dry_to_wet,0.8,39,20260930,0.6166666666666667
wearable,dry_to_wet,0.8,40,20260930,0.8166666666666665
wearable,dry_to_wet,0.8,41,20260930,0.38333333333333336
wearable,dry_to_wet,0.8,42,20260930,0.4583333333333333
wearable,dry_to_wet,0.8,43,20260930,0.7833333333333332
wearable,dry_to_wet,0.8,44,20260930,0.20833333333333334
wearable,dry_to_wet,0.8,45,20260930,0.26666666666666666
wearable,dry_to_wet,0.8,46,20260930,0.3583333333333334
wearable,dry_to_wet,0.8,47,20260930,0.17500000000000002
wearable,dry_to_wet,0.8,48,20260930,0.6916666666666668
wearable,dry_to_wet,0.8,49,20260930,0.20833333333333334
wearable,dry_to_wet,0.8,50,20260930,0.5333333333333333
wearable,dry_to_wet,0.8,51,20260930,0.5916666666666667
wearable,dry_to_wet,0.8,52,20260930,0.7000000000000001
wearable,dry_to_wet,0.8,53,20260930,0.7333333333333334
wearable,dry_to_wet,0.8,54,20260930,0.8333333333333335
wearable,dry_to_wet,0.8,55,20260930,0.35833333333333334
wearable,dry_to_wet,0.8,56,20260930,0.9249999999999999
wearable,dry_to_wet,0.8,57,20260930,0.4000000000000001
wearable,dry_to_wet,0.8,58,20260930,0.75
wearable,dry_to_wet,0.8,59,20260930,0.24166666666666667
wearable,dry_to_wet,0.8,60,20260930,0.46666666666666656
wearable,dry_to_wet,0.8,61,20260930,0.5499999999999999
wearable,dry_to_wet,0.8,62,20260930,0.5916666666666667
wearable,dry_to_wet,0.8,63,20260930,0.8666666666666667
wearable,dry_to_wet,0.8,64,20260930,0.44999999999999996
wearable,dry_to_wet,0.8,65,20260930,0.35000000000000003
wearable,dry_to_wet,0.8,66,20260930,0.9083333333333333
wearable,dry_to_wet,0.8,67,20260930,0.6416666666666667
wearable,dry_to_wet,0.8,68,20260930,0.8583333333333334
wearable,dry_to_wet,0.8,69,20260930,1.0
wearable,dry_to_wet,0.8,70,20260930,0.3833333333333333
wearable,dry_to_wet,0.8,71,20260930,0.25833333333333336
wearable,dry_to_wet,0.8,72,20260930,0.6083333333333333
wearable,dry_to_wet,0.8,73,20260930,0.375
wearable,dry_to_wet,0.8,74,20260930,0.49166666666666664
wearable,dry_to_wet,0.8,75,20260930,0.12500000000000003
wearable,dry_to_wet,0.8,76,20260930,0.14166666666666666
wearable,dry_to_wet,0.8,77,20260930,0.2833333333333333
wearable,dry_to_wet,0.8,78,20260930,0.15833333333333333
wearable,dry_to_wet,0.8,79,20260930,0.4416666666666667
wearable,dry_to_wet,0.8,80,20260930,0.8583333333333334
wearable,dry_to_wet,0.8,81,20260930,0.8583333333333334
wearable,dry_to_wet,0.8,82,20260930,0.65
wearable,dry_to_wet,0.8,83,20260930,0.3416666666666666
wearable,dry_to_wet,0.8,84,20260930,0.8666666666666667
wearable,dry_to_wet,0.8,85,20260930,0.725
wearable,dry_to_wet,0.8,86,20260930,0.8416666666666668
wearable,dry_to_wet,0.8,87,20260930,0.9083333333333333
wearable,dry_to_wet,0.8,88,20260930,0.4166666666666667
wearable,dry_to_wet,0.8,89,20260930,0.7166666666666667
wearable,dry_to_wet,0.8,90,20260930,0.26666666666666666
wearable,dry_to_wet,0.8,91,20260930,0.5416666666666666
wearable,dry_to_wet,0.8,92,20260930,0.8250000000000001
wearable,dry_to_wet,0.8,93,20260930,0.6416666666666667
wearable,dry_to_wet,0.8,94,20260930,0.4083333333333334
wearable,dry_to_wet,0.8,95,20260930,0.26666666666666666
wearable,dry_to_wet,0.8,96,20260930,0.36666666666666675
wearable,dry_to_wet,0.8,97,20260930,0.225
wearable,dry_to_wet,0.8,98,20260930,0.8500000000000001
wearable,dry_to_wet,0.8,99,20260930,0.6833333333333332
wearable,dry_to_wet,0.8,100,20260930,0.6750000000000002
wearable,dry_to_wet,0.8,101,20260930,0.5083333333333333
wearable,dry_to_wet,0.8,102,20260930,0.875
wearable,dry_to_wet,0.8,1,20260931,0.525
wearable,dry_to_wet,0.8,2,20260931,0.4583333333333333
wearable,dry_to_wet,0.8,3,20260931,0.5333333333333333
wearable,dry_to_wet,0.8,4,20260931,0.7833333333333333
wearable,dry_to_wet,0.8,5,20260931,0.31666666666666665
wearable,dry_to_wet,0.8,6,20260931,0.25
wearable,dry_to_wet,0.8,7,20260931,0.6416666666666667
wearable,dry_to_wet,0.8,8,20260931,0.55
wearable,dry_to_wet,0.8,9,20260931,0.34166666666666673
wearable,dry_to_wet,0.8,10,20260931,0.4750000000000001
wearable,dry_to_wet,0.8,11,20260931,0.5416666666666666
wearable,dry_to_wet,0.8,12,20260931,0.9333333333333335
wearable,dry_to_wet,0.8,13,20260931,0.48333333333333334
wearable,dry_to_wet,0.8,14,20260931,0.6833333333333332
wearable,dry_to_wet,0.8,15,20260931,0.34166666666666673
wearable,dry_to_wet,0.8,16,20260931,0.21666666666666667
wearable,dry_to_wet,0.8,17,20260931,0.375
wearable,dry_to_wet,0.8,18,20260931,0.5083333333333334
wearable,dry_to_wet,0.8,19,20260931,0.8166666666666668
wearable,dry_to_wet,0.8,20,20260931,0.45833333333333326
wearable,dry_to_wet,0.8,21,20260931,0.39166666666666666
wearable,dry_to_wet,0.8,22,20260931,0.26666666666666666
wearable,dry_to_wet,0.8,23,20260931,0.7333333333333334
wearable,dry_to_wet,0.8,24,20260931,0.525
wearable,dry_to_wet,0.8,25,20260931,0.17500000000000004
wearable,dry_to_wet,0.8,26,20260931,0.8583333333333334
wearable,dry_to_wet,0.8,27,20260931,0.3166666666666666
wearable,dry_to_wet,0.8,28,20260931,0.8833333333333333
wearable,dry_to_wet,0.8,29,20260931,0.8250000000000001
wearable,dry_to_wet,0.8,30,20260931,0.85
wearable,dry_to_wet,0.8,31,20260931,0.7000000000000001
wearable,dry_to_wet,0.8,32,20260931,0.7083333333333334
wearable,dry_to_wet,0.8,33,20260931,0.38333333333333336
wearable,dry_to_wet,0.8,34,20260931,0.48333333333333334
wearable,dry_to_wet,0.8,35,20260931,0.375
wearable,dry_to_wet,0.8,36,20260931,0.4083333333333334
wearable,dry_to_wet,0.8,37,20260931,0.325
wearable,dry_to_wet,0.8,38,20260931,0.9500000000000001
wearable,dry_to_wet,0.8,39,20260931,0.6333333333333334
wearable,dry_to_wet,0.8,40,20260931,0.7500000000000001
wearable,dry_to_wet,0.8,41,20260931,0.4666666666666666
wearable,dry_to_wet,0.8,42,20260931,0.48333333333333334
wearable,dry_to_wet,0.8,43,20260931,0.7250000000000001
wearable,dry_to_wet,0.8,44,20260931,0.225
wearable,dry_to_wet,0.8,45,20260931,0.35000000000000003
wearable,dry_to_wet,0.8,46,20260931,0.3
wearable,dry_to_wet,0.8,47,20260931,0.23333333333333336
wearable,dry_to_wet,0.8,48,20260931,0.7083333333333334
wearable,dry_to_wet,0.8,49,20260931,0.24166666666666667
wearable,dry_to_wet,0.8,50,20260931,0.55
wearable,dry_to_wet,0.8,51,20260931,0.5083333333333332
wearable,dry_to_wet,0.8,52,20260931,0.7416666666666667
wearable,dry_to_wet,0.8,53,20260931,0.6750000000000002
wearable,dry_to_wet,0.8,54,20260931,0.7999999999999999
wearable,dry_to_wet,0.8,55,20260931,0.325
wearable,dry_to_wet,0.8,56,20260931,0.9250000000000002
wearable,dry_to_wet,0.8,57,20260931,0.39166666666666666
wearable,dry_to_wet,0.8,58,20260931,0.725
wearable,dry_to_wet,0.8,59,20260931,0.20833333333333334
wearable,dry_to_wet,0.8,60,20260931,0.45833333333333326
wearable,dry_to_wet,0.8,61,20260931,0.55
wearable,dry_to_wet,0.8,62,20260931,0.6083333333333333
wearable,dry_to_wet,0.8,63,20260931,0.8166666666666668
wearable,dry_to_wet,0.8,64,20260931,0.48333333333333334
wearable,dry_to_wet,0.8,65,20260931,0.3
wearable,dry_to_wet,0.8,66,20260931,0.8083333333333335
wearable,dry_to_wet,0.8,67,20260931,0.6416666666666668
wearable,dry_to_wet,0.8,68,20260931,0.8416666666666667
wearable,dry_to_wet,0.8,69,20260931,1.0
wearable,dry_to_wet,0.8,70,20260931,0.38333333333333336
wearable,dry_to_wet,0.8,71,20260931,0.25833333333333336
wearable,dry_to_wet,0.8,72,20260931,0.6749999999999999
wearable,dry_to_wet,0.8,73,20260931,0.39166666666666666
wearable,dry_to_wet,0.8,74,20260931,0.4749999999999999
wearable,dry_to_wet,0.8,75,20260931,0.2333333333333333
wearable,dry_to_wet,0.8,76,20260931,0.11666666666666668
wearable,dry_to_wet,0.8,77,20260931,0.325
wearable,dry_to_wet,0.8,78,20260931,0.15000000000000002
wearable,dry_to_wet,0.8,79,20260931,0.34166666666666673
wearable,dry_to_wet,0.8,80,20260931,0.8833333333333334
wearable,dry_to_wet,0.8,81,20260931,0.9
wearable,dry_to_wet,0.8,82,20260931,0.5666666666666667
wearable,dry_to_wet,0.8,83,20260931,0.43333333333333335
wearable,dry_to_wet,0.8,84,20260931,0.8416666666666668
wearable,dry_to_wet,0.8,85,20260931,0.75
wearable,dry_to_wet,0.8,86,20260931,0.8416666666666668
wearable,dry_to_wet,0.8,87,20260931,0.9
wearable,dry_to_wet,0.8,88,20260931,0.40833333333333327
wearable,dry_to_wet,0.8,89,20260931,0.7666666666666666
wearable,dry_to_wet,0.8,90,20260931,0.2416666666666667
wearable,dry_to_wet,0.8,91,20260931,0.6416666666666667
wearable,dry_to_wet,0.8,92,20260931,0.8500000000000001
wearable,dry_to_wet,0.8,93,20260931,0.625
wearable,dry_to_wet,0.8,94,20260931,0.37500000000000006
wearable,dry_to_wet,0.8,95,20260931,0.23333333333333336
wearable,dry_to_wet,0.8,96,20260931,0.3583333333333334
wearable,dry_to_wet,0.8,97,20260931,0.20833333333333337
wearable,dry_to_wet,0.8,98,20260931,0.8250000000000001
wearable,dry_to_wet,0.8,99,20260931,0.7166666666666667
wearable,dry_to_wet,0.8,100,20260931,0.5916666666666667
wearable,dry_to_wet,0.8,101,20260931,0.525
wearable,dry_to_wet,0.8,102,20260931,0.7416666666666667
wearable,dry_to_wet,1.0,1,20260929,0.5499999999999999
wearable,dry_to_wet,1.0,2,20260929,0.3916666666666666
wearable,dry_to_wet,1.0,3,20260929,0.625
wearable,dry_to_wet,1.0,4,20260929,0.7666666666666666
wearable,dry_to_wet,1.0,5,20260929,0.425
wearable,dry_to_wet,1.0,6,20260929,0.275
wearable,dry_to_wet,1.0,7,20260929,0.7166666666666668
wearable,dry_to_wet,1.0,8,20260929,0.6666666666666666
wearable,dry_to_wet,1.0,9,20260929,0.3499999999999999
wearable,dry_to_wet,1.0,10,20260929,0.5499999999999999
wearable,dry_to_wet,1.0,11,20260929,0.6583333333333333
wearable,dry_to_wet,1.0,12,20260929,0.9333333333333335
wearable,dry_to_wet,1.0,13,20260929,0.5666666666666667
wearable,dry_to_wet,1.0,14,20260929,0.7416666666666668
wearable,dry_to_wet,1.0,15,20260929,0.3833333333333333
wearable,dry_to_wet,1.0,16,20260929,0.25833333333333336
wearable,dry_to_wet,1.0,17,20260929,0.45
wearable,dry_to_wet,1.0,18,20260929,0.5666666666666665
wearable,dry_to_wet,1.0,19,20260929,0.8666666666666667
wearable,dry_to_wet,1.0,20,20260929,0.525
wearable,dry_to_wet,1.0,21,20260929,0.525
wearable,dry_to_wet,1.0,22,20260929,0.23333333333333336
wearable,dry_to_wet,1.0,23,20260929,0.8416666666666667
wearable,dry_to_wet,1.0,24,20260929,0.6250000000000001
wearable,dry_to_wet,1.0,25,20260929,0.18333333333333335
wearable,dry_to_wet,1.0,26,20260929,0.9083333333333335
wearable,dry_to_wet,1.0,27,20260929,0.275
wearable,dry_to_wet,1.0,28,20260929,0.9416666666666668
wearable,dry_to_wet,1.0,29,20260929,0.9
wearable,dry_to_wet,1.0,30,20260929,0.8999999999999999
wearable,dry_to_wet,1.0,31,20260929,0.7166666666666667
wearable,dry_to_wet,1.0,32,20260929,0.8416666666666668
wearable,dry_to_wet,1.0,33,20260929,0.525
wearable,dry_to_wet,1.0,34,20260929,0.4666666666666666
wearable,dry_to_wet,1.0,35,20260929,0.375
wearable,dry_to_wet,1.0,36,20260929,0.39999999999999997
wearable,dry_to_wet,1.0,37,20260929,0.4083333333333334
wearable,dry_to_wet,1.0,38,20260929,0.9500000000000001
wearable,dry_to_wet,1.0,39,20260929,0.625
wearable,dry_to_wet,1.0,40,20260929,0.8833333333333334
wearable,dry_to_wet,1.0,41,20260929,0.45833333333333326
wearable,dry_to_wet,1.0,42,20260929,0.5083333333333332
wearable,dry_to_wet,1.0,43,20260929,0.7416666666666667
wearable,dry_to_wet,1.0,44,20260929,0.27499999999999997
wearable,dry_to_wet,1.0,45,20260929,0.4583333333333334
wearable,dry_to_wet,1.0,46,20260929,0.4000000000000001
wearable,dry_to_wet,1.0,47,20260929,0.17500000000000002
wearable,dry_to_wet,1.0,48,20260929,0.8083333333333332
wearable,dry_to_wet,1.0,49,20260929,0.19166666666666668
wearable,dry_to_wet,1.0,50,20260929,0.6749999999999999
wearable,dry_to_wet,1.0,51,20260929,0.6166666666666666
wearable,dry_to_wet,1.0,52,20260929,0.8166666666666668
wearable,dry_to_wet,1.0,53,20260929,0.7749999999999999
wearable,dry_to_wet,1.0,54,20260929,0.9
wearable,dry_to_wet,1.0,55,20260929,0.4166666666666667
wearable,dry_to_wet,1.0,56,20260929,0.9583333333333334
wearable,dry_to_wet,1.0,57,20260929,0.43333333333333335
wearable,dry_to_wet,1.0,58,20260929,0.8000000000000002
wearable,dry_to_wet,1.0,59,20260929,0.275
wearable,dry_to_wet,1.0,60,20260929,0.5333333333333333
wearable,dry_to_wet,1.0,61,20260929,0.5416666666666666
wearable,dry_to_wet,1.0,62,20260929,0.75
wearable,dry_to_wet,1.0,63,20260929,0.8916666666666666
wearable,dry_to_wet,1.0,64,20260929,0.45
wearable,dry_to_wet,1.0,65,20260929,0.2833333333333334
wearable,dry_to_wet,1.0,66,20260929,0.9083333333333333
wearable,dry_to_wet,1.0,67,20260929,0.7500000000000001
wearable,dry_to_wet,1.0,68,20260929,0.8833333333333334
wearable,dry_to_wet,1.0,69,20260929,1.0
wearable,dry_to_wet,1.0,70,20260929,0.45
wearable,dry_to_wet,1.0,71,20260929,0.17500000000000002
wearable,dry_to_wet,1.0,72,20260929,0.7166666666666667
wearable,dry_to_wet,1.0,73,20260929,0.4333333333333333
wearable,dry_to_wet,1.0,74,20260929,0.47500000000000003
wearable,dry_to_wet,1.0,75,20260929,0.19166666666666665
wearable,dry_to_wet,1.0,76,20260929,0.16666666666666666
wearable,dry_to_wet,1.0,77,20260929,0.39166666666666666
wearable,dry_to_wet,1.0,78,20260929,0.09166666666666667
wearable,dry_to_wet,1.0,79,20260929,0.4833333333333334
wearable,dry_to_wet,1.0,80,20260929,0.9250000000000002
wearable,dry_to_wet,1.0,81,20260929,0.8916666666666666
wearable,dry_to_wet,1.0,82,20260929,0.7083333333333334
wearable,dry_to_wet,1.0,83,20260929,0.4083333333333334
wearable,dry_to_wet,1.0,84,20260929,0.9416666666666668
wearable,dry_to_wet,1.0,85,20260929,0.8250000000000001
wearable,dry_to_wet,1.0,86,20260929,0.9166666666666669
wearable,dry_to_wet,1.0,87,20260929,0.975
wearable,dry_to_wet,1.0,88,20260929,0.6083333333333333
wearable,dry_to_wet,1.0,89,20260929,0.8666666666666668
wearable,dry_to_wet,1.0,90,20260929,0.2833333333333333
wearable,dry_to_wet,1.0,91,20260929,0.6749999999999999
wearable,dry_to_wet,1.0,92,20260929,0.8249999999999998
wearable,dry_to_wet,1.0,93,20260929,0.6666666666666666
wearable,dry_to_wet,1.0,94,20260929,0.4833333333333334
wearable,dry_to_wet,1.0,95,20260929,0.26666666666666666
wearable,dry_to_wet,1.0,96,20260929,0.43333333333333335
wearable,dry_to_wet,1.0,97,20260929,0.24166666666666667
wearable,dry_to_wet,1.0,98,20260929,0.8500000000000001
wearable,dry_to_wet,1.0,99,20260929,0.6583333333333333
wearable,dry_to_wet,1.0,100,20260929,0.6666666666666666
wearable,dry_to_wet,1.0,101,20260929,0.5750000000000001
wearable,dry_to_wet,1.0,102,20260929,0.8500000000000001
wearable,dry_to_wet,1.0,1,20260930,0.5416666666666666
wearable,dry_to_wet,1.0,2,20260930,0.4083333333333334
wearable,dry_to_wet,1.0,3,20260930,0.6416666666666667
wearable,dry_to_wet,1.0,4,20260930,0.8416666666666667
wearable,dry_to_wet,1.0,5,20260930,0.47500000000000003
wearable,dry_to_wet,1.0,6,20260930,0.21666666666666667
wearable,dry_to_wet,1.0,7,20260930,0.6916666666666668
wearable,dry_to_wet,1.0,8,20260930,0.5750000000000001
wearable,dry_to_wet,1.0,9,20260930,0.35833333333333334
wearable,dry_to_wet,1.0,10,20260930,0.55
wearable,dry_to_wet,1.0,11,20260930,0.7416666666666666
wearable,dry_to_wet,1.0,12,20260930,0.9750000000000001
wearable,dry_to_wet,1.0,13,20260930,0.5666666666666665
wearable,dry_to_wet,1.0,14,20260930,0.7083333333333334
wearable,dry_to_wet,1.0,15,20260930,0.3666666666666667
wearable,dry_to_wet,1.0,16,20260930,0.2416666666666667
wearable,dry_to_wet,1.0,17,20260930,0.4166666666666666
wearable,dry_to_wet,1.0,18,20260930,0.5916666666666667
wearable,dry_to_wet,1.0,19,20260930,0.8333333333333335
wearable,dry_to_wet,1.0,20,20260930,0.5499999999999999
wearable,dry_to_wet,1.0,21,20260930,0.5249999999999999
wearable,dry_to_wet,1.0,22,20260930,0.26666666666666666
wearable,dry_to_wet,1.0,23,20260930,0.8583333333333333
wearable,dry_to_wet,1.0,24,20260930,0.6333333333333333
wearable,dry_to_wet,1.0,25,20260930,0.19999999999999998
wearable,dry_to_wet,1.0,26,20260930,0.9166666666666669
wearable,dry_to_wet,1.0,27,20260930,0.35000000000000003
wearable,dry_to_wet,1.0,28,20260930,0.9666666666666667
wearable,dry_to_wet,1.0,29,20260930,0.9166666666666669
wearable,dry_to_wet,1.0,30,20260930,0.8916666666666666
wearable,dry_to_wet,1.0,31,20260930,0.7666666666666667
wearable,dry_to_wet,1.0,32,20260930,0.8250000000000002
wearable,dry_to_wet,1.0,33,20260930,0.43333333333333335
wearable,dry_to_wet,1.0,34,20260930,0.6083333333333333
wearable,dry_to_wet,1.0,35,20260930,0.39166666666666666
wearable,dry_to_wet,1.0,36,20260930,0.5
wearable,dry_to_wet,1.0,37,20260930,0.40833333333333327
wearable,dry_to_wet,1.0,38,20260930,0.9666666666666667
wearable,dry_to_wet,1.0,39,20260930,0.6833333333333332
wearable,dry_to_wet,1.0,40,20260930,0.8500000000000001
wearable,dry_to_wet,1.0,41,20260930,0.5166666666666667
wearable,dry_to_wet,1.0,42,20260930,0.45
wearable,dry_to_wet,1.0,43,20260930,0.8500000000000001
wearable,dry_to_wet,1.0,44,20260930,0.2333333333333333
wearable,dry_to_wet,1.0,45,20260930,0.35833333333333334
wearable,dry_to_wet,1.0,46,20260930,0.38333333333333336
wearable,dry_to_wet,1.0,47,20260930,0.21666666666666667
wearable,dry_to_wet,1.0,48,20260930,0.7666666666666666
wearable,dry_to_wet,1.0,49,20260930,0.18333333333333335
wearable,dry_to_wet,1.0,50,20260930,0.6583333333333333
wearable,dry_to_wet,1.0,51,20260930,0.6750000000000002
wearable,dry_to_wet,1.0,52,20260930,0.7833333333333333
wearable,dry_to_wet,1.0,53,20260930,0.7916666666666666
wearable,dry_to_wet,1.0,54,20260930,0.9
wearable,dry_to_wet,1.0,55,20260930,0.47500000000000003
wearable,dry_to_wet,1.0,56,20260930,0.975
wearable,dry_to_wet,1.0,57,20260930,0.3499999999999999
wearable,dry_to_wet,1.0,58,20260930,0.7749999999999999
wearable,dry_to_wet,1.0,59,20260930,0.2833333333333334
wearable,dry_to_wet,1.0,60,20260930,0.5416666666666666
wearable,dry_to_wet,1.0,61,20260930,0.5666666666666667
wearable,dry_to_wet,1.0,62,20260930,0.725
wearable,dry_to_wet,1.0,63,20260930,0.9
wearable,dry_to_wet,1.0,64,20260930,0.4333333333333334
wearable,dry_to_wet,1.0,65,20260930,0.29166666666666663
wearable,dry_to_wet,1.0,66,20260930,0.9250000000000002
wearable,dry_to_wet,1.0,67,20260930,0.7583333333333334
wearable,dry_to_wet,1.0,68,20260930,0.9083333333333333
wearable,dry_to_wet,1.0,69,20260930,1.0
wearable,dry_to_wet,1.0,70,20260930,0.45
wearable,dry_to_wet,1.0,71,20260930,0.14166666666666666
wearable,dry_to_wet,1.0,72,20260930,0.7833333333333333
wearable,dry_to_wet,1.0,73,20260930,0.4583333333333333
wearable,dry_to_wet,1.0,74,20260930,0.5583333333333333
wearable,dry_to_wet,1.0,75,20260930,0.20833333333333337
wearable,dry_to_wet,1.0,76,20260930,0.12500000000000003
wearable,dry_to_wet,1.0,77,20260930,0.3333333333333333
wearable,dry_to_wet,1.0,78,20260930,0.12500000000000003
wearable,dry_to_wet,1.0,79,20260930,0.49166666666666664
wearable,dry_to_wet,1.0,80,20260930,0.8999999999999999
wearable,dry_to_wet,1.0,81,20260930,0.8916666666666666
wearable,dry_to_wet,1.0,82,20260930,0.7333333333333334
wearable,dry_to_wet,1.0,83,20260930,0.45
wearable,dry_to_wet,1.0,84,20260930,0.9166666666666666
wearable,dry_to_wet,1.0,85,20260930,0.85
wearable,dry_to_wet,1.0,86,20260930,0.9083333333333335
wearable,dry_to_wet,1.0,87,20260930,0.9583333333333334
wearable,dry_to_wet,1.0,88,20260930,0.5583333333333333
wearable,dry_to_wet,1.0,89,20260930,0.85
wearable,dry_to_wet,1.0,90,20260930,0.3166666666666667
wearable,dry_to_wet,1.0,91,20260930,0.6
wearable,dry_to_wet,1.0,92,20260930,0.8666666666666667
wearable,dry_to_wet,1.0,93,20260930,0.6416666666666666
wearable,dry_to_wet,1.0,94,20260930,0.4833333333333332
wearable,dry_to_wet,1.0,95,20260930,0.26666666666666666
wearable,dry_to_wet,1.0,96,20260930,0.44166666666666665
wearable,dry_to_wet,1.0,97,20260930,0.275
wearable,dry_to_wet,1.0,98,20260930,0.8583333333333334
wearable,dry_to_wet,1.0,99,20260930,0.7083333333333334
wearable,dry_to_wet,1.0,100,20260930,0.75
wearable,dry_to_wet,1.0,101,20260930,0.55
wearable,dry_to_wet,1.0,102,20260930,0.9166666666666669
wearable,dry_to_wet,1.0,1,20260931,0.5499999999999999
wearable,dry_to_wet,1.0,2,20260931,0.39166666666666666
wearable,dry_to_wet,1.0,3,20260931,0.6749999999999999
wearable,dry_to_wet,1.0,4,20260931,0.8333333333333334
wearable,dry_to_wet,1.0,5,20260931,0.3666666666666667
wearable,dry_to_wet,1.0,6,20260931,0.24166666666666667
wearable,dry_to_wet,1.0,7,20260931,0.7000000000000001
wearable,dry_to_wet,1.0,8,20260931,0.6416666666666667
wearable,dry_to_wet,1.0,9,20260931,0.35833333333333334
wearable,dry_to_wet,1.0,10,20260931,0.4916666666666667
wearable,dry_to_wet,1.0,11,20260931,0.6749999999999999
wearable,dry_to_wet,1.0,12,20260931,0.9333333333333335
wearable,dry_to_wet,1.0,13,20260931,0.5833333333333334
wearable,dry_to_wet,1.0,14,20260931,0.7583333333333334
wearable,dry_to_wet,1.0,15,20260931,0.3833333333333333
wearable,dry_to_wet,1.0,16,20260931,0.20833333333333334
wearable,dry_to_wet,1.0,17,20260931,0.44166666666666665
wearable,dry_to_wet,1.0,18,20260931,0.5666666666666667
wearable,dry_to_wet,1.0,19,20260931,0.8666666666666668
wearable,dry_to_wet,1.0,20,20260931,0.5083333333333334
wearable,dry_to_wet,1.0,21,20260931,0.48333333333333334
wearable,dry_to_wet,1.0,22,20260931,0.3
wearable,dry_to_wet,1.0,23,20260931,0.8000000000000002
wearable,dry_to_wet,1.0,24,20260931,0.5416666666666666
wearable,dry_to_wet,1.0,25,20260931,0.19166666666666665
wearable,dry_to_wet,1.0,26,20260931,0.9083333333333335
wearable,dry_to_wet,1.0,27,20260931,0.34166666666666673
wearable,dry_to_wet,1.0,28,20260931,0.975
wearable,dry_to_wet,1.0,29,20260931,0.9
wearable,dry_to_wet,1.0,30,20260931,0.9
wearable,dry_to_wet,1.0,31,20260931,0.7583333333333333
wearable,dry_to_wet,1.0,32,20260931,0.8500000000000001
wearable,dry_to_wet,1.0,33,20260931,0.5083333333333333
wearable,dry_to_wet,1.0,34,20260931,0.55
wearable,dry_to_wet,1.0,35,20260931,0.4166666666666667
wearable,dry_to_wet,1.0,36,20260931,0.45833333333333326
wearable,dry_to_wet,1.0,37,20260931,0.4166666666666667
wearable,dry_to_wet,1.0,38,20260931,0.9833333333333334
wearable,dry_to_wet,1.0,39,20260931,0.7000000000000001
wearable,dry_to_wet,1.0,40,20260931,0.875
wearable,dry_to_wet,1.0,41,20260931,0.49999999999999994
wearable,dry_to_wet,1.0,42,20260931,0.4749999999999999
wearable,dry_to_wet,1.0,43,20260931,0.8083333333333335
wearable,dry_to_wet,1.0,44,20260931,0.2833333333333334
wearable,dry_to_wet,1.0,45,20260931,0.3833333333333333
wearable,dry_to_wet,1.0,46,20260931,0.3666666666666667
wearable,dry_to_wet,1.0,47,20260931,0.20833333333333334
wearable,dry_to_wet,1.0,48,20260931,0.7666666666666667
wearable,dry_to_wet,1.0,49,20260931,0.225
wearable,dry_to_wet,1.0,50,20260931,0.7000000000000001
wearable,dry_to_wet,1.0,51,20260931,0.6333333333333332
wearable,dry_to_wet,1.0,52,20260931,0.8250000000000002
wearable,dry_to_wet,1.0,53,20260931,0.7083333333333334
wearable,dry_to_wet,1.0,54,20260931,0.875
wearable,dry_to_wet,1.0,55,20260931,0.47500000000000003
wearable,dry_to_wet,1.0,56,20260931,0.9750000000000001
wearable,dry_to_wet,1.0,57,20260931,0.3833333333333333
wearable,dry_to_wet,1.0,58,20260931,0.8333333333333334
wearable,dry_to_wet,1.0,59,20260931,0.2333333333333333
wearable,dry_to_wet,1.0,60,20260931,0.5499999999999999
wearable,dry_to_wet,1.0,61,20260931,0.5499999999999999
wearable,dry_to_wet,1.0,62,20260931,0.7000000000000001
wearable,dry_to_wet,1.0,63,20260931,0.8666666666666667
wearable,dry_to_wet,1.0,64,20260931,0.5499999999999999
wearable,dry_to_wet,1.0,65,20260931,0.3583333333333332
wearable,dry_to_wet,1.0,66,20260931,0.9
wearable,dry_to_wet,1.0,67,20260931,0.7083333333333334
wearable,dry_to_wet,1.0,68,20260931,0.8833333333333334
wearable,dry_to_wet,1.0,69,20260931,1.0
wearable,dry_to_wet,1.0,70,20260931,0.43333333333333335
wearable,dry_to_wet,1.0,71,20260931,0.10833333333333335
wearable,dry_to_wet,1.0,72,20260931,0.7666666666666666
wearable,dry_to_wet,1.0,73,20260931,0.4499999999999999
wearable,dry_to_wet,1.0,74,20260931,0.5333333333333333
wearable,dry_to_wet,1.0,75,20260931,0.3
wearable,dry_to_wet,1.0,76,20260931,0.15833333333333335
wearable,dry_to_wet,1.0,77,20260931,0.375
wearable,dry_to_wet,1.0,78,20260931,0.16666666666666666
wearable,dry_to_wet,1.0,79,20260931,0.4749999999999999
wearable,dry_to_wet,1.0,80,20260931,0.9500000000000001
wearable,dry_to_wet,1.0,81,20260931,0.9083333333333333
wearable,dry_to_wet,1.0,82,20260931,0.7000000000000001
wearable,dry_to_wet,1.0,83,20260931,0.5583333333333332
wearable,dry_to_wet,1.0,84,20260931,0.9083333333333335
wearable,dry_to_wet,1.0,85,20260931,0.8500000000000001
wearable,dry_to_wet,1.0,86,20260931,0.9083333333333335
wearable,dry_to_wet,1.0,87,20260931,0.9333333333333332
wearable,dry_to_wet,1.0,88,20260931,0.5583333333333333
wearable,dry_to_wet,1.0,89,20260931,0.8500000000000001
wearable,dry_to_wet,1.0,90,20260931,0.275
wearable,dry_to_wet,1.0,91,20260931,0.7083333333333331
wearable,dry_to_wet,1.0,92,20260931,0.8416666666666668
wearable,dry_to_wet,1.0,93,20260931,0.65
wearable,dry_to_wet,1.0,94,20260931,0.4583333333333333
wearable,dry_to_wet,1.0,95,20260931,0.275
wearable,dry_to_wet,1.0,96,20260931,0.39166666666666666
wearable,dry_to_wet,1.0,97,20260931,0.25000000000000006
wearable,dry_to_wet,1.0,98,20260931,0.8666666666666667
wearable,dry_to_wet,1.0,99,20260931,0.7833333333333333
wearable,dry_to_wet,1.0,100,20260931,0.6666666666666666
wearable,dry_to_wet,1.0,101,20260931,0.6
wearable,dry_to_wet,1.0,102,20260931,0.8416666666666668
wearable,dry_to_wet,1.2,1,20260929,0.5833333333333334
wearable,dry_to_wet,1.2,2,20260929,0.47500000000000003
wearable,dry_to_wet,1.2,3,20260929,0.6750000000000002
wearable,dry_to_wet,1.2,4,20260929,0.8666666666666666
wearable,dry_to_wet,1.2,5,20260929,0.4500000000000001
wearable,dry_to_wet,1.2,6,20260929,0.3
wearable,dry_to_wet,1.2,7,20260929,0.7500000000000001
wearable,dry_to_wet,1.2,8,20260929,0.7416666666666666
wearable,dry_to_wet,1.2,9,20260929,0.39999999999999997
wearable,dry_to_wet,1.2,10,20260929,0.5583333333333332
wearable,dry_to_wet,1.2,11,20260929,0.7166666666666668
wearable,dry_to_wet,1.2,12,20260929,0.9500000000000001
wearable,dry_to_wet,1.2,13,20260929,0.6583333333333333
wearable,dry_to_wet,1.2,14,20260929,0.7666666666666666
wearable,dry_to_wet,1.2,15,20260929,0.45
wearable,dry_to_wet,1.2,16,20260929,0.27499999999999997
wearable,dry_to_wet,1.2,17,20260929,0.5583333333333333
wearable,dry_to_wet,1.2,18,20260929,0.65
wearable,dry_to_wet,1.2,19,20260929,0.8833333333333334
wearable,dry_to_wet,1.2,20,20260929,0.6583333333333333
wearable,dry_to_wet,1.2,21,20260929,0.6166666666666666
wearable,dry_to_wet,1.2,22,20260929,0.3499999999999999
wearable,dry_to_wet,1.2,23,20260929,0.8583333333333333
wearable,dry_to_wet,1.2,24,20260929,0.6333333333333334
wearable,dry_to_wet,1.2,25,20260929,0.225
wearable,dry_to_wet,1.2,26,20260929,0.9250000000000002
wearable,dry_to_wet,1.2,27,20260929,0.29166666666666663
wearable,dry_to_wet,1.2,28,20260929,0.9916666666666667
wearable,dry_to_wet,1.2,29,20260929,0.9416666666666668
wearable,dry_to_wet,1.2,30,20260929,0.9333333333333335
wearable,dry_to_wet,1.2,31,20260929,0.7083333333333331
wearable,dry_to_wet,1.2,32,20260929,0.8750000000000001
wearable,dry_to_wet,1.2,33,20260929,0.6
wearable,dry_to_wet,1.2,34,20260929,0.5416666666666666
wearable,dry_to_wet,1.2,35,20260929,0.44166666666666665
wearable,dry_to_wet,1.2,36,20260929,0.4000000000000001
wearable,dry_to_wet,1.2,37,20260929,0.4916666666666667
wearable,dry_to_wet,1.2,38,20260929,0.9833333333333334
wearable,dry_to_wet,1.2,39,20260929,0.7166666666666667
wearable,dry_to_wet,1.2,40,20260929,0.9083333333333333
wearable,dry_to_wet,1.2,41,20260929,0.525
wearable,dry_to_wet,1.2,42,20260929,0.5333333333333332
wearable,dry_to_wet,1.2,43,20260929,0.7999999999999999
wearable,dry_to_wet,1.2,44,20260929,0.30000000000000004
wearable,dry_to_wet,1.2,45,20260929,0.47500000000000003
wearable,dry_to_wet,1.2,46,20260929,0.325
wearable,dry_to_wet,1.2,47,20260929,0.2333333333333333
wearable,dry_to_wet,1.2,48,20260929,0.7999999999999999
wearable,dry_to_wet,1.2,49,20260929,0.25833333333333336
wearable,dry_to_wet,1.2,50,20260929,0.6916666666666668
wearable,dry_to_wet,1.2,51,20260929,0.7083333333333334
wearable,dry_to_wet,1.2,52,20260929,0.8833333333333334
wearable,dry_to_wet,1.2,53,20260929,0.8166666666666665
wearable,dry_to_wet,1.2,54,20260929,0.9583333333333334
wearable,dry_to_wet,1.2,55,20260929,0.525
wearable,dry_to_wet,1.2,56,20260929,0.9916666666666667
wearable,dry_to_wet,1.2,57,20260929,0.55
wearable,dry_to_wet,1.2,58,20260929,0.875
wearable,dry_to_wet,1.2,59,20260929,0.2833333333333333
wearable,dry_to_wet,1.2,60,20260929,0.6416666666666667
wearable,dry_to_wet,1.2,61,20260929,0.6
wearable,dry_to_wet,1.2,62,20260929,0.6916666666666668
wearable,dry_to_wet,1.2,63,20260929,0.9500000000000001
wearable,dry_to_wet,1.2,64,20260929,0.48333333333333334
wearable,dry_to_wet,1.2,65,20260929,0.3416666666666666
wearable,dry_to_wet,1.2,66,20260929,0.9416666666666668
wearable,dry_to_wet,1.2,67,20260929,0.8500000000000001
wearable,dry_to_wet,1.2,68,20260929,0.9333333333333335
wearable,dry_to_wet,1.2,69,20260929,1.0
wearable,dry_to_wet,1.2,70,20260929,0.49166666666666664
wearable,dry_to_wet,1.2,71,20260929,0.23333333333333336
wearable,dry_to_wet,1.2,72,20260929,0.7916666666666666
wearable,dry_to_wet,1.2,73,20260929,0.5750000000000001
wearable,dry_to_wet,1.2,74,20260929,0.48333333333333334
wearable,dry_to_wet,1.2,75,20260929,0.26666666666666666
wearable,dry_to_wet,1.2,76,20260929,0.1416666666666667
wearable,dry_to_wet,1.2,77,20260929,0.43333333333333335
wearable,dry_to_wet,1.2,78,20260929,0.15833333333333335
wearable,dry_to_wet,1.2,79,20260929,0.5583333333333333
wearable,dry_to_wet,1.2,80,20260929,0.9666666666666668
wearable,dry_to_wet,1.2,81,20260929,0.8750000000000001
wearable,dry_to_wet,1.2,82,20260929,0.7833333333333333
wearable,dry_to_wet,1.2,83,20260929,0.44999999999999996
wearable,dry_to_wet,1.2,84,20260929,0.9500000000000001
wearable,dry_to_wet,1.2,85,20260929,0.8583333333333334
wearable,dry_to_wet,1.2,86,20260929,0.9666666666666667
wearable,dry_to_wet,1.2,87,20260929,0.975
wearable,dry_to_wet,1.2,88,20260929,0.6666666666666666
wearable,dry_to_wet,1.2,89,20260929,0.8916666666666666
wearable,dry_to_wet,1.2,90,20260929,0.325
wearable,dry_to_wet,1.2,91,20260929,0.7000000000000001
wearable,dry_to_wet,1.2,92,20260929,0.8750000000000001
wearable,dry_to_wet,1.2,93,20260929,0.7000000000000001
wearable,dry_to_wet,1.2,94,20260929,0.5833333333333334
wearable,dry_to_wet,1.2,95,20260929,0.3083333333333334
wearable,dry_to_wet,1.2,96,20260929,0.43333333333333335
wearable,dry_to_wet,1.2,97,20260929,0.2416666666666667
wearable,dry_to_wet,1.2,98,20260929,0.9083333333333333
wearable,dry_to_wet,1.2,99,20260929,0.75
wearable,dry_to_wet,1.2,100,20260929,0.8083333333333335
wearable,dry_to_wet,1.2,101,20260929,0.6416666666666667
wearable,dry_to_wet,1.2,102,20260929,0.9083333333333333
wearable,dry_to_wet,1.2,1,20260930,0.5916666666666666
wearable,dry_to_wet,1.2,2,20260930,0.4166666666666667
wearable,dry_to_wet,1.2,3,20260930,0.7166666666666667
wearable,dry_to_wet,1.2,4,20260930,0.8749999999999999
wearable,dry_to_wet,1.2,5,20260930,0.4583333333333333
wearable,dry_to_wet,1.2,6,20260930,0.2416666666666667
wearable,dry_to_wet,1.2,7,20260930,0.7500000000000001
wearable,dry_to_wet,1.2,8,20260930,0.6666666666666666
wearable,dry_to_wet,1.2,9,20260930,0.45
wearable,dry_to_wet,1.2,10,20260930,0.625
wearable,dry_to_wet,1.2,11,20260930,0.7416666666666667
wearable,dry_to_wet,1.2,12,20260930,0.9750000000000001
wearable,dry_to_wet,1.2,13,20260930,0.6666666666666666
wearable,dry_to_wet,1.2,14,20260930,0.7666666666666666
wearable,dry_to_wet,1.2,15,20260930,0.5
wearable,dry_to_wet,1.2,16,20260930,0.2833333333333333
wearable,dry_to_wet,1.2,17,20260930,0.4583333333333333
wearable,dry_to_wet,1.2,18,20260930,0.6333333333333334
wearable,dry_to_wet,1.2,19,20260930,0.8916666666666667
wearable,dry_to_wet,1.2,20,20260930,0.65
wearable,dry_to_wet,1.2,21,20260930,0.5750000000000001
wearable,dry_to_wet,1.2,22,20260930,0.325
wearable,dry_to_wet,1.2,23,20260930,0.8666666666666666
wearable,dry_to_wet,1.2,24,20260930,0.6083333333333333
wearable,dry_to_wet,1.2,25,20260930,0.20833333333333334
wearable,dry_to_wet,1.2,26,20260930,0.9500000000000001
wearable,dry_to_wet,1.2,27,20260930,0.35833333333333334
wearable,dry_to_wet,1.2,28,20260930,1.0
wearable,dry_to_wet,1.2,29,20260930,0.9333333333333335
wearable,dry_to_wet,1.2,30,20260930,0.9083333333333333
wearable,dry_to_wet,1.2,31,20260930,0.8083333333333335
wearable,dry_to_wet,1.2,32,20260930,0.8583333333333334
wearable,dry_to_wet,1.2,33,20260930,0.5416666666666666
wearable,dry_to_wet,1.2,34,20260930,0.625
wearable,dry_to_wet,1.2,35,20260930,0.47500000000000003
wearable,dry_to_wet,1.2,36,20260930,0.5083333333333333
wearable,dry_to_wet,1.2,37,20260930,0.49166666666666664
wearable,dry_to_wet,1.2,38,20260930,0.9916666666666667
wearable,dry_to_wet,1.2,39,20260930,0.725
wearable,dry_to_wet,1.2,40,20260930,0.9250000000000002
wearable,dry_to_wet,1.2,41,20260930,0.5750000000000001
wearable,dry_to_wet,1.2,42,20260930,0.575
wearable,dry_to_wet,1.2,43,20260930,0.8833333333333333
wearable,dry_to_wet,1.2,44,20260930,0.27499999999999997
wearable,dry_to_wet,1.2,45,20260930,0.40833333333333327
wearable,dry_to_wet,1.2,46,20260930,0.3583333333333334
wearable,dry_to_wet,1.2,47,20260930,0.25000000000000006
wearable,dry_to_wet,1.2,48,20260930,0.8166666666666669
wearable,dry_to_wet,1.2,49,20260930,0.2833333333333334
wearable,dry_to_wet,1.2,50,20260930,0.65
wearable,dry_to_wet,1.2,51,20260930,0.7333333333333334
wearable,dry_to_wet,1.2,52,20260930,0.8750000000000001
wearable,dry_to_wet,1.2,53,20260930,0.8250000000000001
wearable,dry_to_wet,1.2,54,20260930,0.9500000000000001
wearable,dry_to_wet,1.2,55,20260930,0.6
wearable,dry_to_wet,1.2,56,20260930,0.9833333333333334
wearable,dry_to_wet,1.2,57,20260930,0.4583333333333334
wearable,dry_to_wet,1.2,58,20260930,0.7999999999999999
wearable,dry_to_wet,1.2,59,20260930,0.31666666666666665
wearable,dry_to_wet,1.2,60,20260930,0.6083333333333334
wearable,dry_to_wet,1.2,61,20260930,0.6333333333333334
wearable,dry_to_wet,1.2,62,20260930,0.7583333333333333
wearable,dry_to_wet,1.2,63,20260930,0.9416666666666668
wearable,dry_to_wet,1.2,64,20260930,0.4583333333333333
wearable,dry_to_wet,1.2,65,20260930,0.3416666666666666
wearable,dry_to_wet,1.2,66,20260930,0.9583333333333334
wearable,dry_to_wet,1.2,67,20260930,0.7916666666666666
wearable,dry_to_wet,1.2,68,20260930,0.9583333333333334
wearable,dry_to_wet,1.2,69,20260930,1.0
wearable,dry_to_wet,1.2,70,20260930,0.45
wearable,dry_to_wet,1.2,71,20260930,0.19166666666666668
wearable,dry_to_wet,1.2,72,20260930,0.7666666666666667
wearable,dry_to_wet,1.2,73,20260930,0.5666666666666667
wearable,dry_to_wet,1.2,74,20260930,0.6
wearable,dry_to_wet,1.2,75,20260930,0.2333333333333333
wearable,dry_to_wet,1.2,76,20260930,0.20000000000000004
wearable,dry_to_wet,1.2,77,20260930,0.38333333333333336
wearable,dry_to_wet,1.2,78,20260930,0.19999999999999998
wearable,dry_to_wet,1.2,79,20260930,0.5666666666666665
wearable,dry_to_wet,1.2,80,20260930,0.9583333333333335
wearable,dry_to_wet,1.2,81,20260930,0.9
wearable,dry_to_wet,1.2,82,20260930,0.8083333333333332
wearable,dry_to_wet,1.2,83,20260930,0.5
wearable,dry_to_wet,1.2,84,20260930,0.9666666666666667
wearable,dry_to_wet,1.2,85,20260930,0.8916666666666667
wearable,dry_to_wet,1.2,86,20260930,0.9083333333333333
wearable,dry_to_wet,1.2,87,20260930,0.975
wearable,dry_to_wet,1.2,88,20260930,0.5833333333333334
wearable,dry_to_wet,1.2,89,20260930,0.9250000000000002
wearable,dry_to_wet,1.2,90,20260930,0.3083333333333333
wearable,dry_to_wet,1.2,91,20260930,0.65
wearable,dry_to_wet,1.2,92,20260930,0.8833333333333334
wearable,dry_to_wet,1.2,93,20260930,0.6666666666666666
wearable,dry_to_wet,1.2,94,20260930,0.5916666666666667
wearable,dry_to_wet,1.2,95,20260930,0.35000000000000003
wearable,dry_to_wet,1.2,96,20260930,0.4583333333333333
wearable,dry_to_wet,1.2,97,20260930,0.3
wearable,dry_to_wet,1.2,98,20260930,0.875
wearable,dry_to_wet,1.2,99,20260930,0.7833333333333333
wearable,dry_to_wet,1.2,100,20260930,0.85
wearable,dry_to_wet,1.2,101,20260930,0.5833333333333333
wearable,dry_to_wet,1.2,102,20260930,0.9249999999999999
wearable,dry_to_wet,1.2,1,20260931,0.6
wearable,dry_to_wet,1.2,2,20260931,0.39999999999999997
wearable,dry_to_wet,1.2,3,20260931,0.7166666666666667
wearable,dry_to_wet,1.2,4,20260931,0.8583333333333334
wearable,dry_to_wet,1.2,5,20260931,0.44166666666666665
wearable,dry_to_wet,1.2,6,20260931,0.25
wearable,dry_to_wet,1.2,7,20260931,0.7916666666666666
wearable,dry_to_wet,1.2,8,20260931,0.7166666666666667
wearable,dry_to_wet,1.2,9,20260931,0.42500000000000004
wearable,dry_to_wet,1.2,10,20260931,0.525
wearable,dry_to_wet,1.2,11,20260931,0.6749999999999999
wearable,dry_to_wet,1.2,12,20260931,0.9500000000000001
wearable,dry_to_wet,1.2,13,20260931,0.6166666666666667
wearable,dry_to_wet,1.2,14,20260931,0.775
wearable,dry_to_wet,1.2,15,20260931,0.42500000000000004
wearable,dry_to_wet,1.2,16,20260931,0.30000000000000004
wearable,dry_to_wet,1.2,17,20260931,0.44999999999999996
wearable,dry_to_wet,1.2,18,20260931,0.5916666666666667
wearable,dry_to_wet,1.2,19,20260931,0.9333333333333335
wearable,dry_to_wet,1.2,20,20260931,0.6166666666666666
wearable,dry_to_wet,1.2,21,20260931,0.5916666666666667
wearable,dry_to_wet,1.2,22,20260931,0.3416666666666666
wearable,dry_to_wet,1.2,23,20260931,0.8083333333333335
wearable,dry_to_wet,1.2,24,20260931,0.5666666666666667
wearable,dry_to_wet,1.2,25,20260931,0.19166666666666668
wearable,dry_to_wet,1.2,26,20260931,0.9083333333333335
wearable,dry_to_wet,1.2,27,20260931,0.3833333333333333
wearable,dry_to_wet,1.2,28,20260931,0.9666666666666667
wearable,dry_to_wet,1.2,29,20260931,0.9416666666666668
wearable,dry_to_wet,1.2,30,20260931,0.9166666666666669
wearable,dry_to_wet,1.2,31,20260931,0.7916666666666666
wearable,dry_to_wet,1.2,32,20260931,0.8500000000000001
wearable,dry_to_wet,1.2,33,20260931,0.6
wearable,dry_to_wet,1.2,34,20260931,0.5916666666666666
wearable,dry_to_wet,1.2,35,20260931,0.4083333333333334
wearable,dry_to_wet,1.2,36,20260931,0.4583333333333333
wearable,dry_to_wet,1.2,37,20260931,0.4416666666666666
wearable,dry_to_wet,1.2,38,20260931,0.9916666666666667
wearable,dry_to_wet,1.2,39,20260931,0.7666666666666666
wearable,dry_to_wet,1.2,40,20260931,0.8916666666666666
wearable,dry_to_wet,1.2,41,20260931,0.5833333333333333
wearable,dry_to_wet,1.2,42,20260931,0.525
wearable,dry_to_wet,1.2,43,20260931,0.8666666666666666
wearable,dry_to_wet,1.2,44,20260931,0.35000000000000003
wearable,dry_to_wet,1.2,45,20260931,0.4500000000000001
wearable,dry_to_wet,1.2,46,20260931,0.375
wearable,dry_to_wet,1.2,47,20260931,0.25
wearable,dry_to_wet,1.2,48,20260931,0.8083333333333336
wearable,dry_to_wet,1.2,49,20260931,0.2333333333333333
wearable,dry_to_wet,1.2,50,20260931,0.6916666666666668
wearable,dry_to_wet,1.2,51,20260931,0.6916666666666665
wearable,dry_to_wet,1.2,52,20260931,0.8916666666666667
wearable,dry_to_wet,1.2,53,20260931,0.7416666666666667
wearable,dry_to_wet,1.2,54,20260931,0.9416666666666668
wearable,dry_to_wet,1.2,55,20260931,0.55
wearable,dry_to_wet,1.2,56,20260931,0.975
wearable,dry_to_wet,1.2,57,20260931,0.5166666666666667
wearable,dry_to_wet,1.2,58,20260931,0.8583333333333334
wearable,dry_to_wet,1.2,59,20260931,0.2833333333333333
wearable,dry_to_wet,1.2,60,20260931,0.5916666666666666
wearable,dry_to_wet,1.2,61,20260931,0.6083333333333334
wearable,dry_to_wet,1.2,62,20260931,0.7666666666666667
wearable,dry_to_wet,1.2,63,20260931,0.9333333333333332
wearable,dry_to_wet,1.2,64,20260931,0.5499999999999999
wearable,dry_to_wet,1.2,65,20260931,0.40833333333333327
wearable,dry_to_wet,1.2,66,20260931,0.9333333333333335
wearable,dry_to_wet,1.2,67,20260931,0.8166666666666668
wearable,dry_to_wet,1.2,68,20260931,0.9416666666666668
wearable,dry_to_wet,1.2,69,20260931,1.0
wearable,dry_to_wet,1.2,70,20260931,0.44999999999999996
wearable,dry_to_wet,1.2,71,20260931,0.19999999999999998
wearable,dry_to_wet,1.2,72,20260931,0.7666666666666667
wearable,dry_to_wet,1.2,73,20260931,0.525
wearable,dry_to_wet,1.2,74,20260931,0.55
wearable,dry_to_wet,1.2,75,20260931,0.31666666666666665
wearable,dry_to_wet,1.2,76,20260931,0.18333333333333335
wearable,dry_to_wet,1.2,77,20260931,0.36666666666666664
wearable,dry_to_wet,1.2,78,20260931,0.15833333333333335
wearable,dry_to_wet,1.2,79,20260931,0.525
wearable,dry_to_wet,1.2,80,20260931,0.9666666666666668
wearable,dry_to_wet,1.2,81,20260931,0.8833333333333333
wearable,dry_to_wet,1.2,82,20260931,0.7833333333333332
wearable,dry_to_wet,1.2,83,20260931,0.6
wearable,dry_to_wet,1.2,84,20260931,0.9666666666666667
wearable,dry_to_wet,1.2,85,20260931,0.9
wearable,dry_to_wet,1.2,86,20260931,0.9416666666666668
wearable,dry_to_wet,1.2,87,20260931,0.975
wearable,dry_to_wet,1.2,88,20260931,0.5583333333333333
wearable,dry_to_wet,1.2,89,20260931,0.9
wearable,dry_to_wet,1.2,90,20260931,0.2833333333333333
wearable,dry_to_wet,1.2,91,20260931,0.75
wearable,dry_to_wet,1.2,92,20260931,0.8916666666666667
wearable,dry_to_wet,1.2,93,20260931,0.6916666666666668
wearable,dry_to_wet,1.2,94,20260931,0.5916666666666667
wearable,dry_to_wet,1.2,95,20260931,0.3083333333333334
wearable,dry_to_wet,1.2,96,20260931,0.39166666666666666
wearable,dry_to_wet,1.2,97,20260931,0.20833333333333337
wearable,dry_to_wet,1.2,98,20260931,0.8833333333333334
wearable,dry_to_wet,1.2,99,20260931,0.8083333333333335
wearable,dry_to_wet,1.2,100,20260931,0.75
wearable,dry_to_wet,1.2,101,20260931,0.6749999999999999
wearable,dry_to_wet,1.2,102,20260931,0.8916666666666666
wearable,dry_to_wet,1.5,1,20260929,0.6
wearable,dry_to_wet,1.5,2,20260929,0.48333333333333334
wearable,dry_to_wet,1.5,3,20260929,0.7166666666666668
wearable,dry_to_wet,1.5,4,20260929,0.8916666666666666
wearable,dry_to_wet,1.5,5,20260929,0.49166666666666664
wearable,dry_to_wet,1.5,6,20260929,0.2916666666666667
wearable,dry_to_wet,1.5,7,20260929,0.8416666666666667
wearable,dry_to_wet,1.5,8,20260929,0.7333333333333334
wearable,dry_to_wet,1.5,9,20260929,0.4833333333333332
wearable,dry_to_wet,1.5,10,20260929,0.5833333333333334
wearable,dry_to_wet,1.5,11,20260929,0.6750000000000002
wearable,dry_to_wet,1.5,12,20260929,0.9666666666666668
wearable,dry_to_wet,1.5,13,20260929,0.6749999999999999
wearable,dry_to_wet,1.5,14,20260929,0.7666666666666667
wearable,dry_to_wet,1.5,15,20260929,0.4416666666666667
wearable,dry_to_wet,1.5,16,20260929,0.325
wearable,dry_to_wet,1.5,17,20260929,0.55
wearable,dry_to_wet,1.5,18,20260929,0.6749999999999999
wearable,dry_to_wet,1.5,19,20260929,0.8916666666666666
wearable,dry_to_wet,1.5,20,20260929,0.7416666666666667
wearable,dry_to_wet,1.5,21,20260929,0.6416666666666667
wearable,dry_to_wet,1.5,22,20260929,0.35833333333333334
wearable,dry_to_wet,1.5,23,20260929,0.8583333333333334
wearable,dry_to_wet,1.5,24,20260929,0.6583333333333333
wearable,dry_to_wet,1.5,25,20260929,0.225
wearable,dry_to_wet,1.5,26,20260929,0.9500000000000001
wearable,dry_to_wet,1.5,27,20260929,0.325
wearable,dry_to_wet,1.5,28,20260929,0.9833333333333334
wearable,dry_to_wet,1.5,29,20260929,0.975
wearable,dry_to_wet,1.5,30,20260929,0.9416666666666668
wearable,dry_to_wet,1.5,31,20260929,0.725
wearable,dry_to_wet,1.5,32,20260929,0.875
wearable,dry_to_wet,1.5,33,20260929,0.6
wearable,dry_to_wet,1.5,34,20260929,0.5666666666666668
wearable,dry_to_wet,1.5,35,20260929,0.45
wearable,dry_to_wet,1.5,36,20260929,0.4583333333333333
wearable,dry_to_wet,1.5,37,20260929,0.5333333333333333
wearable,dry_to_wet,1.5,38,20260929,0.9916666666666667
wearable,dry_to_wet,1.5,39,20260929,0.7000000000000001
wearable,dry_to_wet,1.5,40,20260929,0.9333333333333335
wearable,dry_to_wet,1.5,41,20260929,0.5666666666666665
wearable,dry_to_wet,1.5,42,20260929,0.55
wearable,dry_to_wet,1.5,43,20260929,0.8999999999999999
wearable,dry_to_wet,1.5,44,20260929,0.30000000000000004
wearable,dry_to_wet,1.5,45,20260929,0.5000000000000001
wearable,dry_to_wet,1.5,46,20260929,0.39999999999999997
wearable,dry_to_wet,1.5,47,20260929,0.25
wearable,dry_to_wet,1.5,48,20260929,0.8666666666666667
wearable,dry_to_wet,1.5,49,20260929,0.2916666666666667
wearable,dry_to_wet,1.5,50,20260929,0.775
wearable,dry_to_wet,1.5,51,20260929,0.6749999999999999
wearable,dry_to_wet,1.5,52,20260929,0.9
wearable,dry_to_wet,1.5,53,20260929,0.8083333333333332
wearable,dry_to_wet,1.5,54,20260929,0.9833333333333334
wearable,dry_to_wet,1.5,55,20260929,0.4833333333333332
wearable,dry_to_wet,1.5,56,20260929,0.9833333333333334
wearable,dry_to_wet,1.5,57,20260929,0.5750000000000001
wearable,dry_to_wet,1.5,58,20260929,0.8249999999999998
wearable,dry_to_wet,1.5,59,20260929,0.3333333333333333
wearable,dry_to_wet,1.5,60,20260929,0.65
wearable,dry_to_wet,1.5,61,20260929,0.6416666666666667
wearable,dry_to_wet,1.5,62,20260929,0.7583333333333333
wearable,dry_to_wet,1.5,63,20260929,0.9583333333333334
wearable,dry_to_wet,1.5,64,20260929,0.42500000000000004
wearable,dry_to_wet,1.5,65,20260929,0.2833333333333333
wearable,dry_to_wet,1.5,66,20260929,0.9750000000000001
wearable,dry_to_wet,1.5,67,20260929,0.8666666666666668
wearable,dry_to_wet,1.5,68,20260929,0.9416666666666668
wearable,dry_to_wet,1.5,69,20260929,1.0
wearable,dry_to_wet,1.5,70,20260929,0.4833333333333332
wearable,dry_to_wet,1.5,71,20260929,0.2833333333333334
wearable,dry_to_wet,1.5,72,20260929,0.7916666666666666
wearable,dry_to_wet,1.5,73,20260929,0.5666666666666668
wearable,dry_to_wet,1.5,74,20260929,0.525
wearable,dry_to_wet,1.5,75,20260929,0.25000000000000006
wearable,dry_to_wet,1.5,76,20260929,0.17500000000000002
wearable,dry_to_wet,1.5,77,20260929,0.55
wearable,dry_to_wet,1.5,78,20260929,0.17500000000000002
wearable,dry_to_wet,1.5,79,20260929,0.6499999999999999
wearable,dry_to_wet,1.5,80,20260929,0.9833333333333334
wearable,dry_to_wet,1.5,81,20260929,0.9250000000000002
wearable,dry_to_wet,1.5,82,20260929,0.8750000000000001
wearable,dry_to_wet,1.5,83,20260929,0.5833333333333333
wearable,dry_to_wet,1.5,84,20260929,0.9583333333333334
wearable,dry_to_wet,1.5,85,20260929,0.8666666666666667
wearable,dry_to_wet,1.5,86,20260929,0.9666666666666667
wearable,dry_to_wet,1.5,87,20260929,0.975
wearable,dry_to_wet,1.5,88,20260929,0.6333333333333334
wearable,dry_to_wet,1.5,89,20260929,0.9
wearable,dry_to_wet,1.5,90,20260929,0.3083333333333333
wearable,dry_to_wet,1.5,91,20260929,0.7666666666666666
wearable,dry_to_wet,1.5,92,20260929,0.8916666666666667
wearable,dry_to_wet,1.5,93,20260929,0.7666666666666667
wearable,dry_to_wet,1.5,94,20260929,0.575
wearable,dry_to_wet,1.5,95,20260929,0.32499999999999996
wearable,dry_to_wet,1.5,96,20260929,0.4000000000000001
wearable,dry_to_wet,1.5,97,20260929,0.2916666666666667
wearable,dry_to_wet,1.5,98,20260929,0.9
wearable,dry_to_wet,1.5,99,20260929,0.7583333333333333
wearable,dry_to_wet,1.5,100,20260929,0.7999999999999998
wearable,dry_to_wet,1.5,101,20260929,0.6333333333333334
wearable,dry_to_wet,1.5,102,20260929,0.9416666666666668
wearable,dry_to_wet,1.5,1,20260930,0.6416666666666667
wearable,dry_to_wet,1.5,2,20260930,0.425
wearable,dry_to_wet,1.5,3,20260930,0.8083333333333335
wearable,dry_to_wet,1.5,4,20260930,0.8916666666666666
wearable,dry_to_wet,1.5,5,20260930,0.5333333333333333
wearable,dry_to_wet,1.5,6,20260930,0.28333333333333327
wearable,dry_to_wet,1.5,7,20260930,0.7999999999999999
wearable,dry_to_wet,1.5,8,20260930,0.6749999999999999
wearable,dry_to_wet,1.5,9,20260930,0.4666666666666666
wearable,dry_to_wet,1.5,10,20260930,0.65
wearable,dry_to_wet,1.5,11,20260930,0.6583333333333334
wearable,dry_to_wet,1.5,12,20260930,1.0
wearable,dry_to_wet,1.5,13,20260930,0.6916666666666668
wearable,dry_to_wet,1.5,14,20260930,0.8083333333333335
wearable,dry_to_wet,1.5,15,20260930,0.5333333333333333
wearable,dry_to_wet,1.5,16,20260930,0.325
wearable,dry_to_wet,1.5,17,20260930,0.4666666666666666
wearable,dry_to_wet,1.5,18,20260930,0.725
wearable,dry_to_wet,1.5,19,20260930,0.9500000000000001
wearable,dry_to_wet,1.5,20,20260930,0.725
wearable,dry_to_wet,1.5,21,20260930,0.6416666666666667
wearable,dry_to_wet,1.5,22,20260930,0.30833333333333335
wearable,dry_to_wet,1.5,23,20260930,0.8916666666666667
wearable,dry_to_wet,1.5,24,20260930,0.6916666666666668
wearable,dry_to_wet,1.5,25,20260930,0.225
wearable,dry_to_wet,1.5,26,20260930,0.9416666666666668
wearable,dry_to_wet,1.5,27,20260930,0.3833333333333333
wearable,dry_to_wet,1.5,28,20260930,0.9916666666666667
wearable,dry_to_wet,1.5,29,20260930,0.9666666666666667
wearable,dry_to_wet,1.5,30,20260930,0.9583333333333334
wearable,dry_to_wet,1.5,31,20260930,0.8749999999999999
wearable,dry_to_wet,1.5,32,20260930,0.9083333333333333
wearable,dry_to_wet,1.5,33,20260930,0.6166666666666667
wearable,dry_to_wet,1.5,34,20260930,0.7000000000000001
wearable,dry_to_wet,1.5,35,20260930,0.4750000000000001
wearable,dry_to_wet,1.5,36,20260930,0.5083333333333334
wearable,dry_to_wet,1.5,37,20260930,0.525
wearable,dry_to_wet,1.5,38,20260930,1.0
wearable,dry_to_wet,1.5,39,20260930,0.8250000000000001
wearable,dry_to_wet,1.5,40,20260930,0.9249999999999999
wearable,dry_to_wet,1.5,41,20260930,0.6083333333333333
wearable,dry_to_wet,1.5,42,20260930,0.6083333333333333
wearable,dry_to_wet,1.5,43,20260930,0.9083333333333335
wearable,dry_to_wet,1.5,44,20260930,0.2916666666666667
wearable,dry_to_wet,1.5,45,20260930,0.4583333333333333
wearable,dry_to_wet,1.5,46,20260930,0.3833333333333333
wearable,dry_to_wet,1.5,47,20260930,0.2583333333333333
wearable,dry_to_wet,1.5,48,20260930,0.8666666666666667
wearable,dry_to_wet,1.5,49,20260930,0.2916666666666667
wearable,dry_to_wet,1.5,50,20260930,0.7083333333333334
wearable,dry_to_wet,1.5,51,20260930,0.7666666666666666
wearable,dry_to_wet,1.5,52,20260930,0.8916666666666667
wearable,dry_to_wet,1.5,53,20260930,0.8333333333333335
wearable,dry_to_wet,1.5,54,20260930,0.9416666666666668
wearable,dry_to_wet,1.5,55,20260930,0.6416666666666667
wearable,dry_to_wet,1.5,56,20260930,1.0
wearable,dry_to_wet,1.5,57,20260930,0.525
wearable,dry_to_wet,1.5,58,20260930,0.8250000000000001
wearable,dry_to_wet,1.5,59,20260930,0.3666666666666667
wearable,dry_to_wet,1.5,60,20260930,0.6
wearable,dry_to_wet,1.5,61,20260930,0.6166666666666667
wearable,dry_to_wet,1.5,62,20260930,0.7666666666666666
wearable,dry_to_wet,1.5,63,20260930,0.9583333333333334
wearable,dry_to_wet,1.5,64,20260930,0.425
wearable,dry_to_wet,1.5,65,20260930,0.35000000000000003
wearable,dry_to_wet,1.5,66,20260930,0.9666666666666668
wearable,dry_to_wet,1.5,67,20260930,0.8833333333333333
wearable,dry_to_wet,1.5,68,20260930,0.9666666666666667
wearable,dry_to_wet,1.5,69,20260930,1.0
wearable,dry_to_wet,1.5,70,20260930,0.47500000000000003
wearable,dry_to_wet,1.5,71,20260930,0.225
wearable,dry_to_wet,1.5,72,20260930,0.7666666666666667
wearable,dry_to_wet,1.5,73,20260930,0.525
wearable,dry_to_wet,1.5,74,20260930,0.5499999999999999
wearable,dry_to_wet,1.5,75,20260930,0.2416666666666667
wearable,dry_to_wet,1.5,76,20260930,0.18333333333333335
wearable,dry_to_wet,1.5,77,20260930,0.39999999999999997
wearable,dry_to_wet,1.5,78,20260930,0.18333333333333332
wearable,dry_to_wet,1.5,79,20260930,0.6583333333333333
wearable,dry_to_wet,1.5,80,20260930,0.9500000000000001
wearable,dry_to_wet,1.5,81,20260930,0.9416666666666668
wearable,dry_to_wet,1.5,82,20260930,0.8916666666666667
wearable,dry_to_wet,1.5,83,20260930,0.6
wearable,dry_to_wet,1.5,84,20260930,0.9833333333333334
wearable,dry_to_wet,1.5,85,20260930,0.9333333333333335
wearable,dry_to_wet,1.5,86,20260930,0.9666666666666667
wearable,dry_to_wet,1.5,87,20260930,0.975
wearable,dry_to_wet,1.5,88,20260930,0.5333333333333333
wearable,dry_to_wet,1.5,89,20260930,0.9166666666666669
wearable,dry_to_wet,1.5,90,20260930,0.39999999999999997
wearable,dry_to_wet,1.5,91,20260930,0.7333333333333334
wearable,dry_to_wet,1.5,92,20260930,0.9416666666666668
wearable,dry_to_wet,1.5,93,20260930,0.7000000000000001
wearable,dry_to_wet,1.5,94,20260930,0.5499999999999999
wearable,dry_to_wet,1.5,95,20260930,0.325
wearable,dry_to_wet,1.5,96,20260930,0.3833333333333333
wearable,dry_to_wet,1.5,97,20260930,0.30833333333333335
wearable,dry_to_wet,1.5,98,20260930,0.9250000000000002
wearable,dry_to_wet,1.5,99,20260930,0.8083333333333335
wearable,dry_to_wet,1.5,100,20260930,0.8833333333333333
wearable,dry_to_wet,1.5,101,20260930,0.6166666666666667
wearable,dry_to_wet,1.5,102,20260930,0.9416666666666668
wearable,dry_to_wet,1.5,1,20260931,0.5750000000000001
wearable,dry_to_wet,1.5,2,20260931,0.5166666666666667
wearable,dry_to_wet,1.5,3,20260931,0.7583333333333333
wearable,dry_to_wet,1.5,4,20260931,0.8833333333333333
wearable,dry_to_wet,1.5,5,20260931,0.4166666666666667
wearable,dry_to_wet,1.5,6,20260931,0.2666666666666667
wearable,dry_to_wet,1.5,7,20260931,0.8666666666666667
wearable,dry_to_wet,1.5,8,20260931,0.6666666666666666
wearable,dry_to_wet,1.5,9,20260931,0.4666666666666666
wearable,dry_to_wet,1.5,10,20260931,0.55
wearable,dry_to_wet,1.5,11,20260931,0.65
wearable,dry_to_wet,1.5,12,20260931,0.9916666666666667
wearable,dry_to_wet,1.5,13,20260931,0.65
wearable,dry_to_wet,1.5,14,20260931,0.7916666666666669
wearable,dry_to_wet,1.5,15,20260931,0.39166666666666666
wearable,dry_to_wet,1.5,16,20260931,0.3166666666666667
wearable,dry_to_wet,1.5,17,20260931,0.4583333333333333
wearable,dry_to_wet,1.5,18,20260931,0.6249999999999999
wearable,dry_to_wet,1.5,19,20260931,0.9833333333333334
wearable,dry_to_wet,1.5,20,20260931,0.7083333333333334
wearable,dry_to_wet,1.5,21,20260931,0.6083333333333333
wearable,dry_to_wet,1.5,22,20260931,0.3833333333333333
wearable,dry_to_wet,1.5,23,20260931,0.8416666666666668
wearable,dry_to_wet,1.5,24,20260931,0.6749999999999999
wearable,dry_to_wet,1.5,25,20260931,0.2583333333333333
wearable,dry_to_wet,1.5,26,20260931,0.9333333333333335
wearable,dry_to_wet,1.5,27,20260931,0.3666666666666667
wearable,dry_to_wet,1.5,28,20260931,0.9583333333333334
wearable,dry_to_wet,1.5,29,20260931,0.975
wearable,dry_to_wet,1.5,30,20260931,0.9500000000000001
wearable,dry_to_wet,1.5,31,20260931,0.7916666666666665
wearable,dry_to_wet,1.5,32,20260931,0.9083333333333333
wearable,dry_to_wet,1.5,33,20260931,0.5833333333333334
wearable,dry_to_wet,1.5,34,20260931,0.6666666666666666
wearable,dry_to_wet,1.5,35,20260931,0.4666666666666666
wearable,dry_to_wet,1.5,36,20260931,0.44999999999999996
wearable,dry_to_wet,1.5,37,20260931,0.4583333333333334
wearable,dry_to_wet,1.5,38,20260931,1.0
wearable,dry_to_wet,1.5,39,20260931,0.8250000000000001
wearable,dry_to_wet,1.5,40,20260931,0.875
wearable,dry_to_wet,1.5,41,20260931,0.6
wearable,dry_to_wet,1.5,42,20260931,0.5916666666666667
wearable,dry_to_wet,1.5,43,20260931,0.9249999999999999
wearable,dry_to_wet,1.5,44,20260931,0.39999999999999997
wearable,dry_to_wet,1.5,45,20260931,0.45
wearable,dry_to_wet,1.5,46,20260931,0.4166666666666667
wearable,dry_to_wet,1.5,47,20260931,0.225
wearable,dry_to_wet,1.5,48,20260931,0.8166666666666669
wearable,dry_to_wet,1.5,49,20260931,0.2833333333333334
wearable,dry_to_wet,1.5,50,20260931,0.7000000000000001
wearable,dry_to_wet,1.5,51,20260931,0.7416666666666667
wearable,dry_to_wet,1.5,52,20260931,0.9
wearable,dry_to_wet,1.5,53,20260931,0.75
wearable,dry_to_wet,1.5,54,20260931,0.9750000000000001
wearable,dry_to_wet,1.5,55,20260931,0.5833333333333334
wearable,dry_to_wet,1.5,56,20260931,0.9666666666666667
wearable,dry_to_wet,1.5,57,20260931,0.5333333333333333
wearable,dry_to_wet,1.5,58,20260931,0.9000000000000002
wearable,dry_to_wet,1.5,59,20260931,0.27499999999999997
wearable,dry_to_wet,1.5,60,20260931,0.6416666666666667
wearable,dry_to_wet,1.5,61,20260931,0.625
wearable,dry_to_wet,1.5,62,20260931,0.7500000000000001
wearable,dry_to_wet,1.5,63,20260931,0.9249999999999999
wearable,dry_to_wet,1.5,64,20260931,0.5166666666666667
wearable,dry_to_wet,1.5,65,20260931,0.40833333333333327
wearable,dry_to_wet,1.5,66,20260931,0.9500000000000001
wearable,dry_to_wet,1.5,67,20260931,0.8250000000000001
wearable,dry_to_wet,1.5,68,20260931,0.9666666666666667
wearable,dry_to_wet,1.5,69,20260931,1.0
wearable,dry_to_wet,1.5,70,20260931,0.4583333333333334
wearable,dry_to_wet,1.5,71,20260931,0.21666666666666667
wearable,dry_to_wet,1.5,72,20260931,0.7916666666666666
wearable,dry_to_wet,1.5,73,20260931,0.5416666666666666
wearable,dry_to_wet,1.5,74,20260931,0.5333333333333334
wearable,dry_to_wet,1.5,75,20260931,0.3499999999999999
wearable,dry_to_wet,1.5,76,20260931,0.21666666666666667
wearable,dry_to_wet,1.5,77,20260931,0.39999999999999997
wearable,dry_to_wet,1.5,78,20260931,0.20833333333333334
wearable,dry_to_wet,1.5,79,20260931,0.6166666666666666
wearable,dry_to_wet,1.5,80,20260931,0.9750000000000001
wearable,dry_to_wet,1.5,81,20260931,0.9333333333333335
wearable,dry_to_wet,1.5,82,20260931,0.8666666666666667
wearable,dry_to_wet,1.5,83,20260931,0.6583333333333333
wearable,dry_to_wet,1.5,84,20260931,0.9583333333333334
wearable,dry_to_wet,1.5,85,20260931,0.9250000000000002
wearable,dry_to_wet,1.5,86,20260931,0.9333333333333335
wearable,dry_to_wet,1.5,87,20260931,0.9583333333333334
wearable,dry_to_wet,1.5,88,20260931,0.6333333333333334
wearable,dry_to_wet,1.5,89,20260931,0.9166666666666666
wearable,dry_to_wet,1.5,90,20260931,0.31666666666666665
wearable,dry_to_wet,1.5,91,20260931,0.7416666666666666
wearable,dry_to_wet,1.5,92,20260931,0.9333333333333335
wearable,dry_to_wet,1.5,93,20260931,0.7166666666666668
wearable,dry_to_wet,1.5,94,20260931,0.5666666666666668
wearable,dry_to_wet,1.5,95,20260931,0.2833333333333334
wearable,dry_to_wet,1.5,96,20260931,0.38333333333333336
wearable,dry_to_wet,1.5,97,20260931,0.2833333333333334
wearable,dry_to_wet,1.5,98,20260931,0.8916666666666666
wearable,dry_to_wet,1.5,99,20260931,0.8250000000000001
wearable,dry_to_wet,1.5,100,20260931,0.8250000000000001
wearable,dry_to_wet,1.5,101,20260931,0.6916666666666668
wearable,dry_to_wet,1.5,102,20260931,0.9166666666666669
wearable,dry_to_wet,2.0,1,20260929,0.5333333333333333
wearable,dry_to_wet,2.0,2,20260929,0.48333333333333334
wearable,dry_to_wet,2.0,3,20260929,0.8250000000000001
wearable,dry_to_wet,2.0,4,20260929,0.9333333333333335
wearable,dry_to_wet,2.0,5,20260929,0.5166666666666667
wearable,dry_to_wet,2.0,6,20260929,0.2416666666666667
wearable,dry_to_wet,2.0,7,20260929,0.7749999999999999
wearable,dry_to_wet,2.0,8,20260929,0.8166666666666669
wearable,dry_to_wet,2.0,9,20260929,0.5583333333333335
wearable,dry_to_wet,2.0,10,20260929,0.6749999999999999
wearable,dry_to_wet,2.0,11,20260929,0.775
wearable,dry_to_wet,2.0,12,20260929,0.9833333333333334
wearable,dry_to_wet,2.0,13,20260929,0.6749999999999999
wearable,dry_to_wet,2.0,14,20260929,0.7083333333333334
wearable,dry_to_wet,2.0,15,20260929,0.39999999999999997
wearable,dry_to_wet,2.0,16,20260929,0.25833333333333336
wearable,dry_to_wet,2.0,17,20260929,0.525
wearable,dry_to_wet,2.0,18,20260929,0.725
wearable,dry_to_wet,2.0,19,20260929,0.9166666666666669
wearable,dry_to_wet,2.0,20,20260929,0.7666666666666666
wearable,dry_to_wet,2.0,21,20260929,0.6333333333333333
wearable,dry_to_wet,2.0,22,20260929,0.44999999999999996
wearable,dry_to_wet,2.0,23,20260929,0.8666666666666668
wearable,dry_to_wet,2.0,24,20260929,0.7000000000000001
wearable,dry_to_wet,2.0,25,20260929,0.17500000000000002
wearable,dry_to_wet,2.0,26,20260929,0.9666666666666667
wearable,dry_to_wet,2.0,27,20260929,0.26666666666666666
wearable,dry_to_wet,2.0,28,20260929,0.9833333333333334
wearable,dry_to_wet,2.0,29,20260929,0.9916666666666667
wearable,dry_to_wet,2.0,30,20260929,0.9333333333333335
wearable,dry_to_wet,2.0,31,20260929,0.6749999999999999
wearable,dry_to_wet,2.0,32,20260929,0.8833333333333333
wearable,dry_to_wet,2.0,33,20260929,0.6416666666666666
wearable,dry_to_wet,2.0,34,20260929,0.65
wearable,dry_to_wet,2.0,35,20260929,0.5416666666666666
wearable,dry_to_wet,2.0,36,20260929,0.4000000000000001
wearable,dry_to_wet,2.0,37,20260929,0.525
wearable,dry_to_wet,2.0,38,20260929,0.9833333333333334
wearable,dry_to_wet,2.0,39,20260929,0.7916666666666666
wearable,dry_to_wet,2.0,40,20260929,0.9666666666666667
wearable,dry_to_wet,2.0,41,20260929,0.7000000000000001
wearable,dry_to_wet,2.0,42,20260929,0.6
wearable,dry_to_wet,2.0,43,20260929,0.8416666666666668
wearable,dry_to_wet,2.0,44,20260929,0.275
wearable,dry_to_wet,2.0,45,20260929,0.5333333333333333
wearable,dry_to_wet,2.0,46,20260929,0.4583333333333333
wearable,dry_to_wet,2.0,47,20260929,0.26666666666666666
wearable,dry_to_wet,2.0,48,20260929,0.85
wearable,dry_to_wet,2.0,49,20260929,0.29166666666666674
wearable,dry_to_wet,2.0,50,20260929,0.7749999999999999
wearable,dry_to_wet,2.0,51,20260929,0.7666666666666667
wearable,dry_to_wet,2.0,52,20260929,0.9
wearable,dry_to_wet,2.0,53,20260929,0.8249999999999998
wearable,dry_to_wet,2.0,54,20260929,0.9750000000000001
wearable,dry_to_wet,2.0,55,20260929,0.6166666666666666
wearable,dry_to_wet,2.0,56,20260929,0.9833333333333334
wearable,dry_to_wet,2.0,57,20260929,0.5166666666666666
wearable,dry_to_wet,2.0,58,20260929,0.8583333333333334
wearable,dry_to_wet,2.0,59,20260929,0.30833333333333335
wearable,dry_to_wet,2.0,60,20260929,0.6666666666666666
wearable,dry_to_wet,2.0,61,20260929,0.6583333333333333
wearable,dry_to_wet,2.0,62,20260929,0.7999999999999999
wearable,dry_to_wet,2.0,63,20260929,0.9666666666666667
wearable,dry_to_wet,2.0,64,20260929,0.48333333333333334
wearable,dry_to_wet,2.0,65,20260929,0.39166666666666666
wearable,dry_to_wet,2.0,66,20260929,0.9583333333333334
wearable,dry_to_wet,2.0,67,20260929,0.8666666666666667
wearable,dry_to_wet,2.0,68,20260929,0.9416666666666668
wearable,dry_to_wet,2.0,69,20260929,1.0
wearable,dry_to_wet,2.0,70,20260929,0.5666666666666667
wearable,dry_to_wet,2.0,71,20260929,0.22499999999999998
wearable,dry_to_wet,2.0,72,20260929,0.7666666666666666
wearable,dry_to_wet,2.0,73,20260929,0.6083333333333334
wearable,dry_to_wet,2.0,74,20260929,0.4666666666666666
wearable,dry_to_wet,2.0,75,20260929,0.25833333333333336
wearable,dry_to_wet,2.0,76,20260929,0.18333333333333335
wearable,dry_to_wet,2.0,77,20260929,0.525
wearable,dry_to_wet,2.0,78,20260929,0.21666666666666667
wearable,dry_to_wet,2.0,79,20260929,0.6749999999999999
wearable,dry_to_wet,2.0,80,20260929,0.9750000000000001
wearable,dry_to_wet,2.0,81,20260929,0.9083333333333335
wearable,dry_to_wet,2.0,82,20260929,0.9083333333333332
wearable,dry_to_wet,2.0,83,20260929,0.6416666666666666
wearable,dry_to_wet,2.0,84,20260929,0.9666666666666667
wearable,dry_to_wet,2.0,85,20260929,0.8916666666666667
wearable,dry_to_wet,2.0,86,20260929,0.9750000000000001
wearable,dry_to_wet,2.0,87,20260929,0.975
wearable,dry_to_wet,2.0,88,20260929,0.6666666666666666
wearable,dry_to_wet,2.0,89,20260929,0.9333333333333335
wearable,dry_to_wet,2.0,90,20260929,0.3
wearable,dry_to_wet,2.0,91,20260929,0.7666666666666667
wearable,dry_to_wet,2.0,92,20260929,0.9249999999999999
wearable,dry_to_wet,2.0,93,20260929,0.725
wearable,dry_to_wet,2.0,94,20260929,0.575
wearable,dry_to_wet,2.0,95,20260929,0.35833333333333334
wearable,dry_to_wet,2.0,96,20260929,0.32499999999999996
wearable,dry_to_wet,2.0,97,20260929,0.25833333333333336
wearable,dry_to_wet,2.0,98,20260929,0.9249999999999999
wearable,dry_to_wet,2.0,99,20260929,0.7833333333333335
wearable,dry_to_wet,2.0,100,20260929,0.8083333333333335
wearable,dry_to_wet,2.0,101,20260929,0.6416666666666667
wearable,dry_to_wet,2.0,102,20260929,0.9666666666666667
wearable,dry_to_wet,2.0,1,20260930,0.6083333333333334
wearable,dry_to_wet,2.0,2,20260930,0.5083333333333334
wearable,dry_to_wet,2.0,3,20260930,0.8583333333333334
wearable,dry_to_wet,2.0,4,20260930,0.8833333333333333
wearable,dry_to_wet,2.0,5,20260930,0.5499999999999999
wearable,dry_to_wet,2.0,6,20260930,0.2916666666666667
wearable,dry_to_wet,2.0,7,20260930,0.7833333333333333
wearable,dry_to_wet,2.0,8,20260930,0.775
wearable,dry_to_wet,2.0,9,20260930,0.6000000000000001
wearable,dry_to_wet,2.0,10,20260930,0.6916666666666668
wearable,dry_to_wet,2.0,11,20260930,0.7666666666666667
wearable,dry_to_wet,2.0,12,20260930,0.9916666666666667
wearable,dry_to_wet,2.0,13,20260930,0.7583333333333333
wearable,dry_to_wet,2.0,14,20260930,0.7833333333333333
wearable,dry_to_wet,2.0,15,20260930,0.47500000000000003
wearable,dry_to_wet,2.0,16,20260930,0.2916666666666667
wearable,dry_to_wet,2.0,17,20260930,0.525
wearable,dry_to_wet,2.0,18,20260930,0.7416666666666667
wearable,dry_to_wet,2.0,19,20260930,0.9750000000000001
wearable,dry_to_wet,2.0,20,20260930,0.7916666666666665
wearable,dry_to_wet,2.0,21,20260930,0.6666666666666666
wearable,dry_to_wet,2.0,22,20260930,0.4166666666666666
wearable,dry_to_wet,2.0,23,20260930,0.8416666666666668
wearable,dry_to_wet,2.0,24,20260930,0.6833333333333332
wearable,dry_to_wet,2.0,25,20260930,0.25
wearable,dry_to_wet,2.0,26,20260930,0.9583333333333334
wearable,dry_to_wet,2.0,27,20260930,0.3333333333333333
wearable,dry_to_wet,2.0,28,20260930,0.975
wearable,dry_to_wet,2.0,29,20260930,0.9833333333333334
wearable,dry_to_wet,2.0,30,20260930,0.9750000000000001
wearable,dry_to_wet,2.0,31,20260930,0.8250000000000001
wearable,dry_to_wet,2.0,32,20260930,0.9333333333333335
wearable,dry_to_wet,2.0,33,20260930,0.6166666666666667
wearable,dry_to_wet,2.0,34,20260930,0.7416666666666667
wearable,dry_to_wet,2.0,35,20260930,0.5333333333333333
wearable,dry_to_wet,2.0,36,20260930,0.5250000000000001
wearable,dry_to_wet,2.0,37,20260930,0.5416666666666667
wearable,dry_to_wet,2.0,38,20260930,1.0
wearable,dry_to_wet,2.0,39,20260930,0.9250000000000002
wearable,dry_to_wet,2.0,40,20260930,0.9416666666666668
wearable,dry_to_wet,2.0,41,20260930,0.7416666666666668
wearable,dry_to_wet,2.0,42,20260930,0.6249999999999999
wearable,dry_to_wet,2.0,43,20260930,0.9500000000000001
wearable,dry_to_wet,2.0,44,20260930,0.35833333333333334
wearable,dry_to_wet,2.0,45,20260930,0.49166666666666664
wearable,dry_to_wet,2.0,46,20260930,0.40833333333333327
wearable,dry_to_wet,2.0,47,20260930,0.19166666666666668
wearable,dry_to_wet,2.0,48,20260930,0.8916666666666667
wearable,dry_to_wet,2.0,49,20260930,0.2666666666666667
wearable,dry_to_wet,2.0,50,20260930,0.725
wearable,dry_to_wet,2.0,51,20260930,0.8249999999999998
wearable,dry_to_wet,2.0,52,20260930,0.9083333333333333
wearable,dry_to_wet,2.0,53,20260930,0.8583333333333334
wearable,dry_to_wet,2.0,54,20260930,0.9583333333333334
wearable,dry_to_wet,2.0,55,20260930,0.7166666666666667
wearable,dry_to_wet,2.0,56,20260930,0.9916666666666667
wearable,dry_to_wet,2.0,57,20260930,0.55
wearable,dry_to_wet,2.0,58,20260930,0.8416666666666667
wearable,dry_to_wet,2.0,59,20260930,0.325
wearable,dry_to_wet,2.0,60,20260930,0.6333333333333334
wearable,dry_to_wet,2.0,61,20260930,0.6083333333333333
wearable,dry_to_wet,2.0,62,20260930,0.8083333333333335
wearable,dry_to_wet,2.0,63,20260930,0.9666666666666667
wearable,dry_to_wet,2.0,64,20260930,0.3833333333333333
wearable,dry_to_wet,2.0,65,20260930,0.39166666666666666
wearable,dry_to_wet,2.0,66,20260930,0.9750000000000001
wearable,dry_to_wet,2.0,67,20260930,0.8833333333333334
wearable,dry_to_wet,2.0,68,20260930,0.9666666666666667
wearable,dry_to_wet,2.0,69,20260930,1.0
wearable,dry_to_wet,2.0,70,20260930,0.5000000000000001
wearable,dry_to_wet,2.0,71,20260930,0.2333333333333333
wearable,dry_to_wet,2.0,72,20260930,0.7833333333333333
wearable,dry_to_wet,2.0,73,20260930,0.6
wearable,dry_to_wet,2.0,74,20260930,0.5833333333333334
wearable,dry_to_wet,2.0,75,20260930,0.21666666666666665
wearable,dry_to_wet,2.0,76,20260930,0.20833333333333337
wearable,dry_to_wet,2.0,77,20260930,0.36666666666666664
wearable,dry_to_wet,2.0,78,20260930,0.27499999999999997
wearable,dry_to_wet,2.0,79,20260930,0.6249999999999999
wearable,dry_to_wet,2.0,80,20260930,0.9916666666666667
wearable,dry_to_wet,2.0,81,20260930,0.9583333333333334
wearable,dry_to_wet,2.0,82,20260930,0.9250000000000002
wearable,dry_to_wet,2.0,83,20260930,0.6749999999999999
wearable,dry_to_wet,2.0,84,20260930,0.975
wearable,dry_to_wet,2.0,85,20260930,0.9166666666666666
wearable,dry_to_wet,2.0,86,20260930,0.9500000000000001
wearable,dry_to_wet,2.0,87,20260930,0.975
wearable,dry_to_wet,2.0,88,20260930,0.5166666666666667
wearable,dry_to_wet,2.0,89,20260930,0.9416666666666668
wearable,dry_to_wet,2.0,90,20260930,0.375
wearable,dry_to_wet,2.0,91,20260930,0.7583333333333333
wearable,dry_to_wet,2.0,92,20260930,0.9500000000000001
wearable,dry_to_wet,2.0,93,20260930,0.75
wearable,dry_to_wet,2.0,94,20260930,0.525
wearable,dry_to_wet,2.0,95,20260930,0.38333333333333336
wearable,dry_to_wet,2.0,96,20260930,0.41666666666666674
wearable,dry_to_wet,2.0,97,20260930,0.36666666666666664
wearable,dry_to_wet,2.0,98,20260930,0.9500000000000001
wearable,dry_to_wet,2.0,99,20260930,0.875
wearable,dry_to_wet,2.0,100,20260930,0.9166666666666669
wearable,dry_to_wet,2.0,101,20260930,0.6666666666666666
wearable,dry_to_wet,2.0,102,20260930,0.9833333333333334
wearable,dry_to_wet,2.0,1,20260931,0.5833333333333335
wearable,dry_to_wet,2.0,2,20260931,0.5083333333333334
wearable,dry_to_wet,2.0,3,20260931,0.7833333333333333
wearable,dry_to_wet,2.0,4,20260931,0.9250000000000002
wearable,dry_to_wet,2.0,5,20260931,0.36666666666666664
wearable,dry_to_wet,2.0,6,20260931,0.275
wearable,dry_to_wet,2.0,7,20260931,0.8666666666666667
wearable,dry_to_wet,2.0,8,20260931,0.7666666666666666
wearable,dry_to_wet,2.0,9,20260931,0.5333333333333333
wearable,dry_to_wet,2.0,10,20260931,0.6333333333333333
wearable,dry_to_wet,2.0,11,20260931,0.7416666666666667
wearable,dry_to_wet,2.0,12,20260931,0.9916666666666667
wearable,dry_to_wet,2.0,13,20260931,0.6916666666666665
wearable,dry_to_wet,2.0,14,20260931,0.7916666666666666
wearable,dry_to_wet,2.0,15,20260931,0.4083333333333334
wearable,dry_to_wet,2.0,16,20260931,0.2916666666666667
wearable,dry_to_wet,2.0,17,20260931,0.5
wearable,dry_to_wet,2.0,18,20260931,0.6833333333333332
wearable,dry_to_wet,2.0,19,20260931,0.9833333333333334
wearable,dry_to_wet,2.0,20,20260931,0.7749999999999999
wearable,dry_to_wet,2.0,21,20260931,0.6166666666666667
wearable,dry_to_wet,2.0,22,20260931,0.4833333333333334
wearable,dry_to_wet,2.0,23,20260931,0.775
wearable,dry_to_wet,2.0,24,20260931,0.6749999999999999
wearable,dry_to_wet,2.0,25,20260931,0.24166666666666667
wearable,dry_to_wet,2.0,26,20260931,0.9249999999999999
wearable,dry_to_wet,2.0,27,20260931,0.3333333333333333
wearable,dry_to_wet,2.0,28,20260931,0.9916666666666667
wearable,dry_to_wet,2.0,29,20260931,0.975
wearable,dry_to_wet,2.0,30,20260931,0.9583333333333334
wearable,dry_to_wet,2.0,31,20260931,0.7083333333333334
wearable,dry_to_wet,2.0,32,20260931,0.9250000000000002
wearable,dry_to_wet,2.0,33,20260931,0.5833333333333334
wearable,dry_to_wet,2.0,34,20260931,0.7333333333333334
wearable,dry_to_wet,2.0,35,20260931,0.4583333333333333
wearable,dry_to_wet,2.0,36,20260931,0.5000000000000001
wearable,dry_to_wet,2.0,37,20260931,0.5083333333333333
wearable,dry_to_wet,2.0,38,20260931,0.9666666666666667
wearable,dry_to_wet,2.0,39,20260931,0.8833333333333333
wearable,dry_to_wet,2.0,40,20260931,0.9249999999999999
wearable,dry_to_wet,2.0,41,20260931,0.6833333333333335
wearable,dry_to_wet,2.0,42,20260931,0.5750000000000001
wearable,dry_to_wet,2.0,43,20260931,0.9083333333333333
wearable,dry_to_wet,2.0,44,20260931,0.4333333333333333
wearable,dry_to_wet,2.0,45,20260931,0.6
wearable,dry_to_wet,2.0,46,20260931,0.4833333333333334
wearable,dry_to_wet,2.0,47,20260931,0.2416666666666667
wearable,dry_to_wet,2.0,48,20260931,0.8500000000000001
wearable,dry_to_wet,2.0,49,20260931,0.23333333333333336
wearable,dry_to_wet,2.0,50,20260931,0.725
wearable,dry_to_wet,2.0,51,20260931,0.775
wearable,dry_to_wet,2.0,52,20260931,0.9416666666666668
wearable,dry_to_wet,2.0,53,20260931,0.775
wearable,dry_to_wet,2.0,54,20260931,0.9916666666666667
wearable,dry_to_wet,2.0,55,20260931,0.6583333333333333
wearable,dry_to_wet,2.0,56,20260931,0.9833333333333334
wearable,dry_to_wet,2.0,57,20260931,0.5416666666666667
wearable,dry_to_wet,2.0,58,20260931,0.9
wearable,dry_to_wet,2.0,59,20260931,0.25833333333333336
wearable,dry_to_wet,2.0,60,20260931,0.7000000000000001
wearable,dry_to_wet,2.0,61,20260931,0.5916666666666667
wearable,dry_to_wet,2.0,62,20260931,0.7999999999999999
wearable,dry_to_wet,2.0,63,20260931,0.9416666666666668
wearable,dry_to_wet,2.0,64,20260931,0.44166666666666665
wearable,dry_to_wet,2.0,65,20260931,0.4333333333333333
wearable,dry_to_wet,2.0,66,20260931,0.9333333333333335
wearable,dry_to_wet,2.0,67,20260931,0.8583333333333334
wearable,dry_to_wet,2.0,68,20260931,0.9666666666666667
wearable,dry_to_wet,2.0,69,20260931,1.0
wearable,dry_to_wet,2.0,70,20260931,0.47500000000000003
wearable,dry_to_wet,2.0,71,20260931,0.20000000000000004
wearable,dry_to_wet,2.0,72,20260931,0.7666666666666667
wearable,dry_to_wet,2.0,73,20260931,0.6
wearable,dry_to_wet,2.0,74,20260931,0.5750000000000001
wearable,dry_to_wet,2.0,75,20260931,0.3416666666666666
wearable,dry_to_wet,2.0,76,20260931,0.17500000000000002
wearable,dry_to_wet,2.0,77,20260931,0.35833333333333334
wearable,dry_to_wet,2.0,78,20260931,0.21666666666666667
wearable,dry_to_wet,2.0,79,20260931,0.6333333333333334
wearable,dry_to_wet,2.0,80,20260931,0.9833333333333334
wearable,dry_to_wet,2.0,81,20260931,0.9583333333333334
wearable,dry_to_wet,2.0,82,20260931,0.8583333333333334
wearable,dry_to_wet,2.0,83,20260931,0.7333333333333333
wearable,dry_to_wet,2.0,84,20260931,0.9666666666666667
wearable,dry_to_wet,2.0,85,20260931,0.9249999999999999
wearable,dry_to_wet,2.0,86,20260931,0.9666666666666667
wearable,dry_to_wet,2.0,87,20260931,0.975
wearable,dry_to_wet,2.0,88,20260931,0.6333333333333334
wearable,dry_to_wet,2.0,89,20260931,0.9333333333333335
wearable,dry_to_wet,2.0,90,20260931,0.35000000000000003
wearable,dry_to_wet,2.0,91,20260931,0.7500000000000001
wearable,dry_to_wet,2.0,92,20260931,0.9416666666666668
wearable,dry_to_wet,2.0,93,20260931,0.6916666666666668
wearable,dry_to_wet,2.0,94,20260931,0.5916666666666667
wearable,dry_to_wet,2.0,95,20260931,0.35000000000000003
wearable,dry_to_wet,2.0,96,20260931,0.38333333333333336
wearable,dry_to_wet,2.0,97,20260931,0.2916666666666667
wearable,dry_to_wet,2.0,98,20260931,0.9166666666666666
wearable,dry_to_wet,2.0,99,20260931,0.875
wearable,dry_to_wet,2.0,100,20260931,0.9083333333333335
wearable,dry_to_wet,2.0,101,20260931,0.6916666666666665
wearable,dry_to_wet,2.0,102,20260931,0.9750000000000001
wearable,wet_to_dry,0.4,1,20260929,0.09999999999999999
wearable,wet_to_dry,0.4,2,20260929,0.08333333333333333
wearable,wet_to_dry,0.4,3,20260929,0.19166666666666665
wearable,wet_to_dry,0.4,4,20260929,0.6083333333333334
wearable,wet_to_dry,0.4,5,20260929,0.2333333333333333
wearable,wet_to_dry,0.4,6,20260929,0.09999999999999999
wearable,wet_to_dry,0.4,7,20260929,0.325
wearable,wet_to_dry,0.4,8,20260929,0.27499999999999997
wearable,wet_to_dry,0.4,9,20260929,0.13333333333333333
wearable,wet_to_dry,0.4,10,20260929,0.025000000000000005
wearable,wet_to_dry,0.4,11,20260929,0.375
wearable,wet_to_dry,0.4,12,20260929,0.25
wearable,wet_to_dry,0.4,13,20260929,0.3666666666666667
wearable,wet_to_dry,0.4,14,20260929,0.1416666666666667
wearable,wet_to_dry,0.4,15,20260929,0.20000000000000004
wearable,wet_to_dry,0.4,16,20260929,0.30833333333333335
wearable,wet_to_dry,0.4,17,20260929,0.375
wearable,wet_to_dry,0.4,18,20260929,0.35000000000000003
wearable,wet_to_dry,0.4,19,20260929,0.5166666666666667
wearable,wet_to_dry,0.4,20,20260929,0.24166666666666667
wearable,wet_to_dry,0.4,21,20260929,0.21666666666666667
wearable,wet_to_dry,0.4,22,20260929,0.12500000000000003
wearable,wet_to_dry,0.4,23,20260929,0.125
wearable,wet_to_dry,0.4,24,20260929,0.5499999999999999
wearable,wet_to_dry,0.4,25,20260929,0.1416666666666667
wearable,wet_to_dry,0.4,26,20260929,0.05000000000000001
wearable,wet_to_dry,0.4,27,20260929,0.09166666666666666
wearable,wet_to_dry,0.4,28,20260929,0.03333333333333333
wearable,wet_to_dry,0.4,29,20260929,0.5166666666666666
wearable,wet_to_dry,0.4,30,20260929,0.5166666666666665
wearable,wet_to_dry,0.4,31,20260929,0.5333333333333333
wearable,wet_to_dry,0.4,32,20260929,0.225
wearable,wet_to_dry,0.4,33,20260929,0.18333333333333335
wearable,wet_to_dry,0.4,34,20260929,0.18333333333333332
wearable,wet_to_dry,0.4,35,20260929,0.06666666666666667
wearable,wet_to_dry,0.4,36,20260929,0.3
wearable,wet_to_dry,0.4,37,20260929,0.17500000000000002
wearable,wet_to_dry,0.4,38,20260929,0.725
wearable,wet_to_dry,0.4,39,20260929,0.20000000000000004
wearable,wet_to_dry,0.4,40,20260929,0.17500000000000002
wearable,wet_to_dry,0.4,41,20260929,0.25
wearable,wet_to_dry,0.4,42,20260929,0.15000000000000002
wearable,wet_to_dry,0.4,43,20260929,0.025000000000000005
wearable,wet_to_dry,0.4,44,20260929,0.075
wearable,wet_to_dry,0.4,45,20260929,0.09166666666666667
wearable,wet_to_dry,0.4,46,20260929,0.20000000000000004
wearable,wet_to_dry,0.4,47,20260929,0.075
wearable,wet_to_dry,0.4,48,20260929,0.12500000000000003
wearable,wet_to_dry,0.4,49,20260929,0.10000000000000002
wearable,wet_to_dry,0.4,50,20260929,0.2916666666666667
wearable,wet_to_dry,0.4,51,20260929,0.15833333333333335
wearable,wet_to_dry,0.4,52,20260929,0.39166666666666666
wearable,wet_to_dry,0.4,53,20260929,0.5666666666666667
wearable,wet_to_dry,0.4,54,20260929,0.375
wearable,wet_to_dry,0.4,55,20260929,0.125
wearable,wet_to_dry,0.4,56,20260929,0.09166666666666667
wearable,wet_to_dry,0.4,57,20260929,0.10833333333333334
wearable,wet_to_dry,0.4,58,20260929,0.2916666666666667
wearable,wet_to_dry,0.4,59,20260929,0.09166666666666667
wearable,wet_to_dry,0.4,60,20260929,0.11666666666666668
wearable,wet_to_dry,0.4,61,20260929,0.41666666666666674
wearable,wet_to_dry,0.4,62,20260929,0.3083333333333333
wearable,wet_to_dry,0.4,63,20260929,0.09999999999999999
wearable,wet_to_dry,0.4,64,20260929,0.03333333333333333
wearable,wet_to_dry,0.4,65,20260929,0.21666666666666667
wearable,wet_to_dry,0.4,66,20260929,0.39999999999999997
wearable,wet_to_dry,0.4,67,20260929,0.016666666666666666
wearable,wet_to_dry,0.4,68,20260929,0.43333333333333335
wearable,wet_to_dry,0.4,69,20260929,0.5916666666666667
wearable,wet_to_dry,0.4,70,20260929,0.20000000000000004
wearable,wet_to_dry,0.4,71,20260929,0.08333333333333333
wearable,wet_to_dry,0.4,72,20260929,0.09999999999999999
wearable,wet_to_dry,0.4,73,20260929,0.11666666666666665
wearable,wet_to_dry,0.4,74,20260929,0.20000000000000004
wearable,wet_to_dry,0.4,75,20260929,0.15833333333333335
wearable,wet_to_dry,0.4,76,20260929,0.12500000000000003
wearable,wet_to_dry,0.4,77,20260929,0.15833333333333335
wearable,wet_to_dry,0.4,78,20260929,0.125
wearable,wet_to_dry,0.4,79,20260929,0.4833333333333332
wearable,wet_to_dry,0.4,80,20260929,0.19166666666666668
wearable,wet_to_dry,0.4,81,20260929,0.05833333333333333
wearable,wet_to_dry,0.4,82,20260929,0.3
wearable,wet_to_dry,0.4,83,20260929,0.2916666666666667
wearable,wet_to_dry,0.4,84,20260929,0.5583333333333332
wearable,wet_to_dry,0.4,85,20260929,0.13333333333333333
wearable,wet_to_dry,0.4,86,20260929,0.05000000000000001
wearable,wet_to_dry,0.4,87,20260929,0.5333333333333333
wearable,wet_to_dry,0.4,88,20260929,0.25833333333333336
wearable,wet_to_dry,0.4,89,20260929,0.11666666666666668
wearable,wet_to_dry,0.4,90,20260929,0.1416666666666667
wearable,wet_to_dry,0.4,91,20260929,0.17500000000000002
wearable,wet_to_dry,0.4,92,20260929,0.15833333333333333
wearable,wet_to_dry,0.4,93,20260929,0.39999999999999997
wearable,wet_to_dry,0.4,94,20260929,0.18333333333333335
wearable,wet_to_dry,0.4,95,20260929,0.23333333333333336
wearable,wet_to_dry,0.4,96,20260929,0.1166666666666667
wearable,wet_to_dry,0.4,97,20260929,0.10000000000000002
wearable,wet_to_dry,0.4,98,20260929,0.5583333333333333
wearable,wet_to_dry,0.4,99,20260929,0.3833333333333333
wearable,wet_to_dry,0.4,100,20260929,0.3083333333333333
wearable,wet_to_dry,0.4,101,20260929,0.19166666666666668
wearable,wet_to_dry,0.4,102,20260929,0.5166666666666667
wearable,wet_to_dry,0.4,1,20260930,0.10833333333333334
wearable,wet_to_dry,0.4,2,20260930,0.08333333333333333
wearable,wet_to_dry,0.4,3,20260930,0.19166666666666665
wearable,wet_to_dry,0.4,4,20260930,0.6666666666666666
wearable,wet_to_dry,0.4,5,20260930,0.20000000000000004
wearable,wet_to_dry,0.4,6,20260930,0.15000000000000002
wearable,wet_to_dry,0.4,7,20260930,0.375
wearable,wet_to_dry,0.4,8,20260930,0.3083333333333333
wearable,wet_to_dry,0.4,9,20260930,0.1416666666666667
wearable,wet_to_dry,0.4,10,20260930,0.03333333333333333
wearable,wet_to_dry,0.4,11,20260930,0.375
wearable,wet_to_dry,0.4,12,20260930,0.21666666666666665
wearable,wet_to_dry,0.4,13,20260930,0.325
wearable,wet_to_dry,0.4,14,20260930,0.11666666666666665
wearable,wet_to_dry,0.4,15,20260930,0.1666666666666667
wearable,wet_to_dry,0.4,16,20260930,0.23333333333333336
wearable,wet_to_dry,0.4,17,20260930,0.40833333333333327
wearable,wet_to_dry,0.4,18,20260930,0.36666666666666664
wearable,wet_to_dry,0.4,19,20260930,0.47500000000000003
wearable,wet_to_dry,0.4,20,20260930,0.3333333333333333
wearable,wet_to_dry,0.4,21,20260930,0.20833333333333337
wearable,wet_to_dry,0.4,22,20260930,0.13333333333333333
wearable,wet_to_dry,0.4,23,20260930,0.1166666666666667
wearable,wet_to_dry,0.4,24,20260930,0.5666666666666667
wearable,wet_to_dry,0.4,25,20260930,0.18333333333333335
wearable,wet_to_dry,0.4,26,20260930,0.049999999999999996
wearable,wet_to_dry,0.4,27,20260930,0.10833333333333334
wearable,wet_to_dry,0.4,28,20260930,0.09166666666666667
wearable,wet_to_dry,0.4,29,20260930,0.525
wearable,wet_to_dry,0.4,30,20260930,0.45833333333333326
wearable,wet_to_dry,0.4,31,20260930,0.6083333333333333
wearable,wet_to_dry,0.4,32,20260930,0.2416666666666667
wearable,wet_to_dry,0.4,33,20260930,0.18333333333333335
wearable,wet_to_dry,0.4,34,20260930,0.15000000000000005
wearable,wet_to_dry,0.4,35,20260930,0.08333333333333333
wearable,wet_to_dry,0.4,36,20260930,0.25
wearable,wet_to_dry,0.4,37,20260930,0.10833333333333335
wearable,wet_to_dry,0.4,38,20260930,0.7083333333333334
wearable,wet_to_dry,0.4,39,20260930,0.13333333333333333
wearable,wet_to_dry,0.4,40,20260930,0.1416666666666667
wearable,wet_to_dry,0.4,41,20260930,0.24166666666666667
wearable,wet_to_dry,0.4,42,20260930,0.15833333333333335
wearable,wet_to_dry,0.4,43,20260930,0.05833333333333333
wearable,wet_to_dry,0.4,44,20260930,0.06666666666666667
wearable,wet_to_dry,0.4,45,20260930,0.049999999999999996
wearable,wet_to_dry,0.4,46,20260930,0.19166666666666668
wearable,wet_to_dry,0.4,47,20260930,0.08333333333333336
wearable,wet_to_dry,0.4,48,20260930,0.1666666666666667
wearable,wet_to_dry,0.4,49,20260930,0.14166666666666666
wearable,wet_to_dry,0.4,50,20260930,0.26666666666666666
wearable,wet_to_dry,0.4,51,20260930,0.10833333333333334
wearable,wet_to_dry,0.4,52,20260930,0.3999999999999999
wearable,wet_to_dry,0.4,53,20260930,0.6333333333333334
wearable,wet_to_dry,0.4,54,20260930,0.4583333333333333
wearable,wet_to_dry,0.4,55,20260930,0.15833333333333335
wearable,wet_to_dry,0.4,56,20260930,0.075
wearable,wet_to_dry,0.4,57,20260930,0.10833333333333335
wearable,wet_to_dry,0.4,58,20260930,0.21666666666666667
wearable,wet_to_dry,0.4,59,20260930,0.08333333333333333
wearable,wet_to_dry,0.4,60,20260930,0.11666666666666665
wearable,wet_to_dry,0.4,61,20260930,0.30833333333333335
wearable,wet_to_dry,0.4,62,20260930,0.3083333333333333
wearable,wet_to_dry,0.4,63,20260930,0.041666666666666664
wearable,wet_to_dry,0.4,64,20260930,0.05000000000000001
wearable,wet_to_dry,0.4,65,20260930,0.275
wearable,wet_to_dry,0.4,66,20260930,0.4333333333333333
wearable,wet_to_dry,0.4,67,20260930,0.041666666666666664
wearable,wet_to_dry,0.4,68,20260930,0.4166666666666667
wearable,wet_to_dry,0.4,69,20260930,0.6083333333333333
wearable,wet_to_dry,0.4,70,20260930,0.18333333333333335
wearable,wet_to_dry,0.4,71,20260930,0.06666666666666667
wearable,wet_to_dry,0.4,72,20260930,0.15833333333333335
wearable,wet_to_dry,0.4,73,20260930,0.09999999999999999
wearable,wet_to_dry,0.4,74,20260930,0.21666666666666667
wearable,wet_to_dry,0.4,75,20260930,0.15
wearable,wet_to_dry,0.4,76,20260930,0.1166666666666667
wearable,wet_to_dry,0.4,77,20260930,0.21666666666666667
wearable,wet_to_dry,0.4,78,20260930,0.08333333333333333
wearable,wet_to_dry,0.4,79,20260930,0.525
wearable,wet_to_dry,0.4,80,20260930,0.20000000000000004
wearable,wet_to_dry,0.4,81,20260930,0.09166666666666667
wearable,wet_to_dry,0.4,82,20260930,0.30833333333333335
wearable,wet_to_dry,0.4,83,20260930,0.3416666666666666
wearable,wet_to_dry,0.4,84,20260930,0.5
wearable,wet_to_dry,0.4,85,20260930,0.19166666666666668
wearable,wet_to_dry,0.4,86,20260930,0.03333333333333333
wearable,wet_to_dry,0.4,87,20260930,0.5583333333333333
wearable,wet_to_dry,0.4,88,20260930,0.23333333333333336
wearable,wet_to_dry,0.4,89,20260930,0.15000000000000002
wearable,wet_to_dry,0.4,90,20260930,0.15
wearable,wet_to_dry,0.4,91,20260930,0.2333333333333334
wearable,wet_to_dry,0.4,92,20260930,0.19166666666666665
wearable,wet_to_dry,0.4,93,20260930,0.3916666666666666
wearable,wet_to_dry,0.4,94,20260930,0.20833333333333337
wearable,wet_to_dry,0.4,95,20260930,0.19166666666666668
wearable,wet_to_dry,0.4,96,20260930,0.11666666666666665
wearable,wet_to_dry,0.4,97,20260930,0.10833333333333335
wearable,wet_to_dry,0.4,98,20260930,0.5166666666666666
wearable,wet_to_dry,0.4,99,20260930,0.35833333333333334
wearable,wet_to_dry,0.4,100,20260930,0.2916666666666667
wearable,wet_to_dry,0.4,101,20260930,0.20833333333333337
wearable,wet_to_dry,0.4,102,20260930,0.5583333333333333
wearable,wet_to_dry,0.4,1,20260931,0.08333333333333333
wearable,wet_to_dry,0.4,2,20260931,0.15000000000000002
wearable,wet_to_dry,0.4,3,20260931,0.18333333333333332
wearable,wet_to_dry,0.4,4,20260931,0.4583333333333333
wearable,wet_to_dry,0.4,5,20260931,0.275
wearable,wet_to_dry,0.4,6,20260931,0.15833333333333335
wearable,wet_to_dry,0.4,7,20260931,0.3916666666666666
wearable,wet_to_dry,0.4,8,20260931,0.2916666666666667
wearable,wet_to_dry,0.4,9,20260931,0.18333333333333335
wearable,wet_to_dry,0.4,10,20260931,0.05000000000000001
wearable,wet_to_dry,0.4,11,20260931,0.39999999999999997
wearable,wet_to_dry,0.4,12,20260931,0.25833333333333336
wearable,wet_to_dry,0.4,13,20260931,0.2833333333333333
wearable,wet_to_dry,0.4,14,20260931,0.15833333333333335
wearable,wet_to_dry,0.4,15,20260931,0.15833333333333335
wearable,wet_to_dry,0.4,16,20260931,0.25833333333333336
wearable,wet_to_dry,0.4,17,20260931,0.425
wearable,wet_to_dry,0.4,18,20260931,0.325
wearable,wet_to_dry,0.4,19,20260931,0.5833333333333334
wearable,wet_to_dry,0.4,20,20260931,0.32500000000000007
wearable,wet_to_dry,0.4,21,20260931,0.19166666666666668
wearable,wet_to_dry,0.4,22,20260931,0.11666666666666668
wearable,wet_to_dry,0.4,23,20260931,0.30000000000000004
wearable,wet_to_dry,0.4,24,20260931,0.5750000000000001
wearable,wet_to_dry,0.4,25,20260931,0.15833333333333335
wearable,wet_to_dry,0.4,26,20260931,0.07500000000000001
wearable,wet_to_dry,0.4,27,20260931,0.075
wearable,wet_to_dry,0.4,28,20260931,0.08333333333333333
wearable,wet_to_dry,0.4,29,20260931,0.5416666666666666
wearable,wet_to_dry,0.4,30,20260931,0.5083333333333334
wearable,wet_to_dry,0.4,31,20260931,0.5083333333333333
wearable,wet_to_dry,0.4,32,20260931,0.275
wearable,wet_to_dry,0.4,33,20260931,0.2416666666666667
wearable,wet_to_dry,0.4,34,20260931,0.12500000000000003
wearable,wet_to_dry,0.4,35,20260931,0.10833333333333335
wearable,wet_to_dry,0.4,36,20260931,0.19166666666666668
wearable,wet_to_dry,0.4,37,20260931,0.19999999999999998
wearable,wet_to_dry,0.4,38,20260931,0.6500000000000001
wearable,wet_to_dry,0.4,39,20260931,0.15
wearable,wet_to_dry,0.4,40,20260931,0.10833333333333334
wearable,wet_to_dry,0.4,41,20260931,0.275
wearable,wet_to_dry,0.4,42,20260931,0.13333333333333333
wearable,wet_to_dry,0.4,43,20260931,0.049999999999999996
wearable,wet_to_dry,0.4,44,20260931,0.09166666666666667
wearable,wet_to_dry,0.4,45,20260931,0.08333333333333333
wearable,wet_to_dry,0.4,46,20260931,0.20833333333333337
wearable,wet_to_dry,0.4,47,20260931,0.05833333333333333
wearable,wet_to_dry,0.4,48,20260931,0.17499999999999996
wearable,wet_to_dry,0.4,49,20260931,0.09166666666666666
wearable,wet_to_dry,0.4,50,20260931,0.31666666666666665
wearable,wet_to_dry,0.4,51,20260931,0.15833333333333335
wearable,wet_to_dry,0.4,52,20260931,0.44166666666666665
wearable,wet_to_dry,0.4,53,20260931,0.5416666666666666
wearable,wet_to_dry,0.4,54,20260931,0.4583333333333333
wearable,wet_to_dry,0.4,55,20260931,0.12500000000000003
wearable,wet_to_dry,0.4,56,20260931,0.08333333333333333
wearable,wet_to_dry,0.4,57,20260931,0.11666666666666665
wearable,wet_to_dry,0.4,58,20260931,0.25
wearable,wet_to_dry,0.4,59,20260931,0.09166666666666666
wearable,wet_to_dry,0.4,60,20260931,0.09166666666666669
wearable,wet_to_dry,0.4,61,20260931,0.3166666666666667
wearable,wet_to_dry,0.4,62,20260931,0.32499999999999996
wearable,wet_to_dry,0.4,63,20260931,0.06666666666666667
wearable,wet_to_dry,0.4,64,20260931,0.049999999999999996
wearable,wet_to_dry,0.4,65,20260931,0.20833333333333334
wearable,wet_to_dry,0.4,66,20260931,0.34166666666666673
wearable,wet_to_dry,0.4,67,20260931,0.041666666666666664
wearable,wet_to_dry,0.4,68,20260931,0.4583333333333333
wearable,wet_to_dry,0.4,69,20260931,0.6166666666666666
wearable,wet_to_dry,0.4,70,20260931,0.18333333333333335
wearable,wet_to_dry,0.4,71,20260931,0.11666666666666668
wearable,wet_to_dry,0.4,72,20260931,0.15833333333333335
wearable,wet_to_dry,0.4,73,20260931,0.1166666666666667
wearable,wet_to_dry,0.4,74,20260931,0.21666666666666667
wearable,wet_to_dry,0.4,75,20260931,0.15
wearable,wet_to_dry,0.4,76,20260931,0.10833333333333334
wearable,wet_to_dry,0.4,77,20260931,0.19999999999999998
wearable,wet_to_dry,0.4,78,20260931,0.08333333333333333
wearable,wet_to_dry,0.4,79,20260931,0.46666666666666673
wearable,wet_to_dry,0.4,80,20260931,0.20000000000000004
wearable,wet_to_dry,0.4,81,20260931,0.09999999999999999
wearable,wet_to_dry,0.4,82,20260931,0.2916666666666667
wearable,wet_to_dry,0.4,83,20260931,0.24166666666666672
wearable,wet_to_dry,0.4,84,20260931,0.5750000000000001
wearable,wet_to_dry,0.4,85,20260931,0.14166666666666666
wearable,wet_to_dry,0.4,86,20260931,0.05000000000000001
wearable,wet_to_dry,0.4,87,20260931,0.4916666666666667
wearable,wet_to_dry,0.4,88,20260931,0.24999999999999997
wearable,wet_to_dry,0.4,89,20260931,0.18333333333333335
wearable,wet_to_dry,0.4,90,20260931,0.17500000000000004
wearable,wet_to_dry,0.4,91,20260931,0.26666666666666666
wearable,wet_to_dry,0.4,92,20260931,0.19166666666666668
wearable,wet_to_dry,0.4,93,20260931,0.325
wearable,wet_to_dry,0.4,94,20260931,0.21666666666666667
wearable,wet_to_dry,0.4,95,20260931,0.19166666666666668
wearable,wet_to_dry,0.4,96,20260931,0.15
wearable,wet_to_dry,0.4,97,20260931,0.15000000000000002
wearable,wet_to_dry,0.4,98,20260931,0.44999999999999996
wearable,wet_to_dry,0.4,99,20260931,0.425
wearable,wet_to_dry,0.4,100,20260931,0.2416666666666667
wearable,wet_to_dry,0.4,101,20260931,0.19166666666666665
wearable,wet_to_dry,0.4,102,20260931,0.4916666666666667
wearable,wet_to_dry,0.6,1,20260929,0.09166666666666667
wearable,wet_to_dry,0.6,2,20260929,0.15
wearable,wet_to_dry,0.6,3,20260929,0.18333333333333335
wearable,wet_to_dry,0.6,4,20260929,0.6749999999999999
wearable,wet_to_dry,0.6,5,20260929,0.3416666666666666
wearable,wet_to_dry,0.6,6,20260929,0.16666666666666666
wearable,wet_to_dry,0.6,7,20260929,0.5333333333333333
wearable,wet_to_dry,0.6,8,20260929,0.35000000000000003
wearable,wet_to_dry,0.6,9,20260929,0.15833333333333335
wearable,wet_to_dry,0.6,10,20260929,0.075
wearable,wet_to_dry,0.6,11,20260929,0.42500000000000004
wearable,wet_to_dry,0.6,12,20260929,0.30833333333333335
wearable,wet_to_dry,0.6,13,20260929,0.43333333333333335
wearable,wet_to_dry,0.6,14,20260929,0.16666666666666666
wearable,wet_to_dry,0.6,15,20260929,0.26666666666666666
wearable,wet_to_dry,0.6,16,20260929,0.35000000000000003
wearable,wet_to_dry,0.6,17,20260929,0.5249999999999999
wearable,wet_to_dry,0.6,18,20260929,0.5583333333333335
wearable,wet_to_dry,0.6,19,20260929,0.65
wearable,wet_to_dry,0.6,20,20260929,0.37500000000000006
wearable,wet_to_dry,0.6,21,20260929,0.24999999999999992
wearable,wet_to_dry,0.6,22,20260929,0.19999999999999998
wearable,wet_to_dry,0.6,23,20260929,0.24166666666666667
wearable,wet_to_dry,0.6,24,20260929,0.6833333333333332
wearable,wet_to_dry,0.6,25,20260929,0.12500000000000003
wearable,wet_to_dry,0.6,26,20260929,0.041666666666666664
wearable,wet_to_dry,0.6,27,20260929,0.09999999999999999
wearable,wet_to_dry,0.6,28,20260929,0.13333333333333336
wearable,wet_to_dry,0.6,29,20260929,0.5666666666666667
wearable,wet_to_dry,0.6,30,20260929,0.6749999999999999
wearable,wet_to_dry,0.6,31,20260929,0.725
wearable,wet_to_dry,0.6,32,20260929,0.3083333333333334
wearable,wet_to_dry,0.6,33,20260929,0.3333333333333333
wearable,wet_to_dry,0.6,34,20260929,0.30000000000000004
wearable,wet_to_dry,0.6,35,20260929,0.09166666666666667
wearable,wet_to_dry,0.6,36,20260929,0.34166666666666673
wearable,wet_to_dry,0.6,37,20260929,0.20833333333333334
wearable,wet_to_dry,0.6,38,20260929,0.8416666666666668
wearable,wet_to_dry,0.6,39,20260929,0.16666666666666666
wearable,wet_to_dry,0.6,40,20260929,0.15000000000000002
wearable,wet_to_dry,0.6,41,20260929,0.2833333333333333
wearable,wet_to_dry,0.6,42,20260929,0.19999999999999998
wearable,wet_to_dry,0.6,43,20260929,0.041666666666666664
wearable,wet_to_dry,0.6,44,20260929,0.05833333333333333
wearable,wet_to_dry,0.6,45,20260929,0.10833333333333334
wearable,wet_to_dry,0.6,46,20260929,0.30000000000000004
wearable,wet_to_dry,0.6,47,20260929,0.06666666666666667
wearable,wet_to_dry,0.6,48,20260929,0.21666666666666667
wearable,wet_to_dry,0.6,49,20260929,0.13333333333333333
wearable,wet_to_dry,0.6,50,20260929,0.4166666666666667
wearable,wet_to_dry,0.6,51,20260929,0.225
wearable,wet_to_dry,0.6,52,20260929,0.6166666666666667
wearable,wet_to_dry,0.6,53,20260929,0.6083333333333333
wearable,wet_to_dry,0.6,54,20260929,0.6333333333333333
wearable,wet_to_dry,0.6,55,20260929,0.15
wearable,wet_to_dry,0.6,56,20260929,0.09999999999999999
wearable,wet_to_dry,0.6,57,20260929,0.13333333333333333
wearable,wet_to_dry,0.6,58,20260929,0.39999999999999997
wearable,wet_to_dry,0.6,59,20260929,0.075
wearable,wet_to_dry,0.6,60,20260929,0.1416666666666667
wearable,wet_to_dry,0.6,61,20260929,0.45
wearable,wet_to_dry,0.6,62,20260929,0.39166666666666666
wearable,wet_to_dry,0.6,63,20260929,0.075
wearable,wet_to_dry,0.6,64,20260929,0.06666666666666667
wearable,wet_to_dry,0.6,65,20260929,0.35000000000000003
wearable,wet_to_dry,0.6,66,20260929,0.5083333333333334
wearable,wet_to_dry,0.6,67,20260929,0.041666666666666664
wearable,wet_to_dry,0.6,68,20260929,0.6083333333333333
wearable,wet_to_dry,0.6,69,20260929,0.7083333333333331
wearable,wet_to_dry,0.6,70,20260929,0.21666666666666667
wearable,wet_to_dry,0.6,71,20260929,0.11666666666666668
wearable,wet_to_dry,0.6,72,20260929,0.2416666666666667
wearable,wet_to_dry,0.6,73,20260929,0.15833333333333335
wearable,wet_to_dry,0.6,74,20260929,0.275
wearable,wet_to_dry,0.6,75,20260929,0.15
wearable,wet_to_dry,0.6,76,20260929,0.18333333333333335
wearable,wet_to_dry,0.6,77,20260929,0.26666666666666666
wearable,wet_to_dry,0.6,78,20260929,0.1166666666666667
wearable,wet_to_dry,0.6,79,20260929,0.6083333333333333
wearable,wet_to_dry,0.6,80,20260929,0.19166666666666668
wearable,wet_to_dry,0.6,81,20260929,0.10833333333333334
wearable,wet_to_dry,0.6,82,20260929,0.39166666666666666
wearable,wet_to_dry,0.6,83,20260929,0.3333333333333333
wearable,wet_to_dry,0.6,84,20260929,0.6083333333333333
wearable,wet_to_dry,0.6,85,20260929,0.13333333333333333
wearable,wet_to_dry,0.6,86,20260929,0.06666666666666667
wearable,wet_to_dry,0.6,87,20260929,0.6333333333333334
wearable,wet_to_dry,0.6,88,20260929,0.3416666666666666
wearable,wet_to_dry,0.6,89,20260929,0.15833333333333335
wearable,wet_to_dry,0.6,90,20260929,0.18333333333333335
wearable,wet_to_dry,0.6,91,20260929,0.25833333333333336
wearable,wet_to_dry,0.6,92,20260929,0.23333333333333336
wearable,wet_to_dry,0.6,93,20260929,0.5083333333333334
wearable,wet_to_dry,0.6,94,20260929,0.2416666666666667
wearable,wet_to_dry,0.6,95,20260929,0.275
wearable,wet_to_dry,0.6,96,20260929,0.09166666666666669
wearable,wet_to_dry,0.6,97,20260929,0.1333333333333334
wearable,wet_to_dry,0.6,98,20260929,0.6666666666666666
wearable,wet_to_dry,0.6,99,20260929,0.5583333333333333
wearable,wet_to_dry,0.6,100,20260929,0.47500000000000003
wearable,wet_to_dry,0.6,101,20260929,0.325
wearable,wet_to_dry,0.6,102,20260929,0.6749999999999999
wearable,wet_to_dry,0.6,1,20260930,0.125
wearable,wet_to_dry,0.6,2,20260930,0.15833333333333333
wearable,wet_to_dry,0.6,3,20260930,0.21666666666666665
wearable,wet_to_dry,0.6,4,20260930,0.6833333333333332
wearable,wet_to_dry,0.6,5,20260930,0.15833333333333333
wearable,wet_to_dry,0.6,6,20260930,0.15000000000000002
wearable,wet_to_dry,0.6,7,20260930,0.5583333333333333
wearable,wet_to_dry,0.6,8,20260930,0.43333333333333335
wearable,wet_to_dry,0.6,9,20260930,0.18333333333333335
wearable,wet_to_dry,0.6,10,20260930,0.08333333333333333
wearable,wet_to_dry,0.6,11,20260930,0.43333333333333335
wearable,wet_to_dry,0.6,12,20260930,0.2916666666666667
wearable,wet_to_dry,0.6,13,20260930,0.39166666666666666
wearable,wet_to_dry,0.6,14,20260930,0.10000000000000002
wearable,wet_to_dry,0.6,15,20260930,0.24166666666666667
wearable,wet_to_dry,0.6,16,20260930,0.30000000000000004
wearable,wet_to_dry,0.6,17,20260930,0.5833333333333334
wearable,wet_to_dry,0.6,18,20260930,0.5499999999999999
wearable,wet_to_dry,0.6,19,20260930,0.5583333333333332
wearable,wet_to_dry,0.6,20,20260930,0.3416666666666666
wearable,wet_to_dry,0.6,21,20260930,0.31666666666666665
wearable,wet_to_dry,0.6,22,20260930,0.15833333333333335
wearable,wet_to_dry,0.6,23,20260930,0.2166666666666667
wearable,wet_to_dry,0.6,24,20260930,0.725
wearable,wet_to_dry,0.6,25,20260930,0.1416666666666667
wearable,wet_to_dry,0.6,26,20260930,0.11666666666666668
wearable,wet_to_dry,0.6,27,20260930,0.1166666666666667
wearable,wet_to_dry,0.6,28,20260930,0.15000000000000002
wearable,wet_to_dry,0.6,29,20260930,0.6666666666666666
wearable,wet_to_dry,0.6,30,20260930,0.6333333333333333
wearable,wet_to_dry,0.6,31,20260930,0.7583333333333332
wearable,wet_to_dry,0.6,32,20260930,0.2833333333333333
wearable,wet_to_dry,0.6,33,20260930,0.21666666666666665
wearable,wet_to_dry,0.6,34,20260930,0.2333333333333333
wearable,wet_to_dry,0.6,35,20260930,0.06666666666666667
wearable,wet_to_dry,0.6,36,20260930,0.2916666666666667
wearable,wet_to_dry,0.6,37,20260930,0.15000000000000002
wearable,wet_to_dry,0.6,38,20260930,0.7999999999999999
wearable,wet_to_dry,0.6,39,20260930,0.225
wearable,wet_to_dry,0.6,40,20260930,0.15
wearable,wet_to_dry,0.6,41,20260930,0.325
wearable,wet_to_dry,0.6,42,20260930,0.22499999999999998
wearable,wet_to_dry,0.6,43,20260930,0.05000000000000001
wearable,wet_to_dry,0.6,44,20260930,0.09166666666666667
wearable,wet_to_dry,0.6,45,20260930,0.09166666666666667
wearable,wet_to_dry,0.6,46,20260930,0.25000000000000006
wearable,wet_to_dry,0.6,47,20260930,0.06666666666666667
wearable,wet_to_dry,0.6,48,20260930,0.20000000000000004
wearable,wet_to_dry,0.6,49,20260930,0.15
wearable,wet_to_dry,0.6,50,20260930,0.375
wearable,wet_to_dry,0.6,51,20260930,0.16666666666666666
wearable,wet_to_dry,0.6,52,20260930,0.5916666666666667
wearable,wet_to_dry,0.6,53,20260930,0.6666666666666666
wearable,wet_to_dry,0.6,54,20260930,0.7166666666666667
wearable,wet_to_dry,0.6,55,20260930,0.15000000000000002
wearable,wet_to_dry,0.6,56,20260930,0.08333333333333333
wearable,wet_to_dry,0.6,57,20260930,0.09166666666666669
wearable,wet_to_dry,0.6,58,20260930,0.40833333333333327
wearable,wet_to_dry,0.6,59,20260930,0.041666666666666664
wearable,wet_to_dry,0.6,60,20260930,0.15833333333333335
wearable,wet_to_dry,0.6,61,20260930,0.39166666666666666
wearable,wet_to_dry,0.6,62,20260930,0.39999999999999997
wearable,wet_to_dry,0.6,63,20260930,0.05833333333333334
wearable,wet_to_dry,0.6,64,20260930,0.06666666666666667
wearable,wet_to_dry,0.6,65,20260930,0.35833333333333334
wearable,wet_to_dry,0.6,66,20260930,0.5166666666666667
wearable,wet_to_dry,0.6,67,20260930,0.03333333333333333
wearable,wet_to_dry,0.6,68,20260930,0.5
wearable,wet_to_dry,0.6,69,20260930,0.725
wearable,wet_to_dry,0.6,70,20260930,0.21666666666666667
wearable,wet_to_dry,0.6,71,20260930,0.13333333333333336
wearable,wet_to_dry,0.6,72,20260930,0.25
wearable,wet_to_dry,0.6,73,20260930,0.14166666666666666
wearable,wet_to_dry,0.6,74,20260930,0.20000000000000007
wearable,wet_to_dry,0.6,75,20260930,0.18333333333333335
wearable,wet_to_dry,0.6,76,20260930,0.1416666666666667
wearable,wet_to_dry,0.6,77,20260930,0.25833333333333336
wearable,wet_to_dry,0.6,78,20260930,0.09166666666666667
wearable,wet_to_dry,0.6,79,20260930,0.6333333333333334
wearable,wet_to_dry,0.6,80,20260930,0.2666666666666667
wearable,wet_to_dry,0.6,81,20260930,0.06666666666666667
wearable,wet_to_dry,0.6,82,20260930,0.39999999999999997
wearable,wet_to_dry,0.6,83,20260930,0.3666666666666667
wearable,wet_to_dry,0.6,84,20260930,0.5666666666666668
wearable,wet_to_dry,0.6,85,20260930,0.20000000000000004
wearable,wet_to_dry,0.6,86,20260930,0.041666666666666664
wearable,wet_to_dry,0.6,87,20260930,0.6416666666666667
wearable,wet_to_dry,0.6,88,20260930,0.21666666666666667
wearable,wet_to_dry,0.6,89,20260930,0.20000000000000004
wearable,wet_to_dry,0.6,90,20260930,0.25000000000000006
wearable,wet_to_dry,0.6,91,20260930,0.30833333333333335
wearable,wet_to_dry,0.6,92,20260930,0.25833333333333336
wearable,wet_to_dry,0.6,93,20260930,0.4166666666666666
wearable,wet_to_dry,0.6,94,20260930,0.18333333333333335
wearable,wet_to_dry,0.6,95,20260930,0.25833333333333336
wearable,wet_to_dry,0.6,96,20260930,0.10000000000000002
wearable,wet_to_dry,0.6,97,20260930,0.12500000000000003
wearable,wet_to_dry,0.6,98,20260930,0.5499999999999999
wearable,wet_to_dry,0.6,99,20260930,0.5083333333333333
wearable,wet_to_dry,0.6,100,20260930,0.5499999999999999
wearable,wet_to_dry,0.6,101,20260930,0.2166666666666667
wearable,wet_to_dry,0.6,102,20260930,0.6666666666666666
wearable,wet_to_dry,0.6,1,20260931,0.10833333333333335
wearable,wet_to_dry,0.6,2,20260931,0.19166666666666665
wearable,wet_to_dry,0.6,3,20260931,0.18333333333333335
wearable,wet_to_dry,0.6,4,20260931,0.6333333333333334
wearable,wet_to_dry,0.6,5,20260931,0.27499999999999997
wearable,wet_to_dry,0.6,6,20260931,0.15000000000000002
wearable,wet_to_dry,0.6,7,20260931,0.5083333333333333
wearable,wet_to_dry,0.6,8,20260931,0.39999999999999997
wearable,wet_to_dry,0.6,9,20260931,0.20833333333333334
wearable,wet_to_dry,0.6,10,20260931,0.05833333333333333
wearable,wet_to_dry,0.6,11,20260931,0.5083333333333332
wearable,wet_to_dry,0.6,12,20260931,0.24166666666666667
wearable,wet_to_dry,0.6,13,20260931,0.35000000000000003
wearable,wet_to_dry,0.6,14,20260931,0.13333333333333333
wearable,wet_to_dry,0.6,15,20260931,0.20833333333333334
wearable,wet_to_dry,0.6,16,20260931,0.34166666666666673
wearable,wet_to_dry,0.6,17,20260931,0.5916666666666667
wearable,wet_to_dry,0.6,18,20260931,0.5583333333333332
wearable,wet_to_dry,0.6,19,20260931,0.7333333333333334
wearable,wet_to_dry,0.6,20,20260931,0.3833333333333333
wearable,wet_to_dry,0.6,21,20260931,0.275
wearable,wet_to_dry,0.6,22,20260931,0.22499999999999998
wearable,wet_to_dry,0.6,23,20260931,0.4083333333333334
wearable,wet_to_dry,0.6,24,20260931,0.725
wearable,wet_to_dry,0.6,25,20260931,0.1416666666666667
wearable,wet_to_dry,0.6,26,20260931,0.06666666666666667
wearable,wet_to_dry,0.6,27,20260931,0.05833333333333333
wearable,wet_to_dry,0.6,28,20260931,0.1166666666666667
wearable,wet_to_dry,0.6,29,20260931,0.5833333333333333
wearable,wet_to_dry,0.6,30,20260931,0.6750000000000002
wearable,wet_to_dry,0.6,31,20260931,0.7000000000000001
wearable,wet_to_dry,0.6,32,20260931,0.2333333333333333
wearable,wet_to_dry,0.6,33,20260931,0.28333333333333327
wearable,wet_to_dry,0.6,34,20260931,0.2416666666666667
wearable,wet_to_dry,0.6,35,20260931,0.10833333333333334
wearable,wet_to_dry,0.6,36,20260931,0.2833333333333333
wearable,wet_to_dry,0.6,37,20260931,0.25000000000000006
wearable,wet_to_dry,0.6,38,20260931,0.8250000000000001
wearable,wet_to_dry,0.6,39,20260931,0.25000000000000006
wearable,wet_to_dry,0.6,40,20260931,0.08333333333333333
wearable,wet_to_dry,0.6,41,20260931,0.375
wearable,wet_to_dry,0.6,42,20260931,0.25
wearable,wet_to_dry,0.6,43,20260931,0.08333333333333333
wearable,wet_to_dry,0.6,44,20260931,0.09166666666666667
wearable,wet_to_dry,0.6,45,20260931,0.12500000000000003
wearable,wet_to_dry,0.6,46,20260931,0.2916666666666667
wearable,wet_to_dry,0.6,47,20260931,0.05833333333333334
wearable,wet_to_dry,0.6,48,20260931,0.25
wearable,wet_to_dry,0.6,49,20260931,0.13333333333333333
wearable,wet_to_dry,0.6,50,20260931,0.38333333333333336
wearable,wet_to_dry,0.6,51,20260931,0.21666666666666667
wearable,wet_to_dry,0.6,52,20260931,0.5750000000000001
wearable,wet_to_dry,0.6,53,20260931,0.5583333333333332
wearable,wet_to_dry,0.6,54,20260931,0.7333333333333333
wearable,wet_to_dry,0.6,55,20260931,0.15
wearable,wet_to_dry,0.6,56,20260931,0.125
wearable,wet_to_dry,0.6,57,20260931,0.09166666666666667
wearable,wet_to_dry,0.6,58,20260931,0.375
wearable,wet_to_dry,0.6,59,20260931,0.08333333333333333
wearable,wet_to_dry,0.6,60,20260931,0.13333333333333333
wearable,wet_to_dry,0.6,61,20260931,0.44166666666666665
wearable,wet_to_dry,0.6,62,20260931,0.35833333333333334
wearable,wet_to_dry,0.6,63,20260931,0.041666666666666664
wearable,wet_to_dry,0.6,64,20260931,0.05833333333333334
wearable,wet_to_dry,0.6,65,20260931,0.31666666666666665
wearable,wet_to_dry,0.6,66,20260931,0.525
wearable,wet_to_dry,0.6,67,20260931,0.05833333333333333
wearable,wet_to_dry,0.6,68,20260931,0.4916666666666667
wearable,wet_to_dry,0.6,69,20260931,0.7916666666666665
wearable,wet_to_dry,0.6,70,20260931,0.2666666666666667
wearable,wet_to_dry,0.6,71,20260931,0.10833333333333335
wearable,wet_to_dry,0.6,72,20260931,0.225
wearable,wet_to_dry,0.6,73,20260931,0.1416666666666667
wearable,wet_to_dry,0.6,74,20260931,0.19166666666666668
wearable,wet_to_dry,0.6,75,20260931,0.17500000000000002
wearable,wet_to_dry,0.6,76,20260931,0.1666666666666667
wearable,wet_to_dry,0.6,77,20260931,0.375
wearable,wet_to_dry,0.6,78,20260931,0.06666666666666667
wearable,wet_to_dry,0.6,79,20260931,0.6333333333333334
wearable,wet_to_dry,0.6,80,20260931,0.2416666666666667
wearable,wet_to_dry,0.6,81,20260931,0.11666666666666668
wearable,wet_to_dry,0.6,82,20260931,0.4500000000000001
wearable,wet_to_dry,0.6,83,20260931,0.3833333333333333
wearable,wet_to_dry,0.6,84,20260931,0.6083333333333333
wearable,wet_to_dry,0.6,85,20260931,0.23333333333333336
wearable,wet_to_dry,0.6,86,20260931,0.075
wearable,wet_to_dry,0.6,87,20260931,0.65
wearable,wet_to_dry,0.6,88,20260931,0.31666666666666665
wearable,wet_to_dry,0.6,89,20260931,0.18333333333333335
wearable,wet_to_dry,0.6,90,20260931,0.225
wearable,wet_to_dry,0.6,91,20260931,0.30833333333333335
wearable,wet_to_dry,0.6,92,20260931,0.27499999999999997
wearable,wet_to_dry,0.6,93,20260931,0.4083333333333334
wearable,wet_to_dry,0.6,94,20260931,0.2916666666666667
wearable,wet_to_dry,0.6,95,20260931,0.26666666666666666
wearable,wet_to_dry,0.6,96,20260931,0.11666666666666668
wearable,wet_to_dry,0.6,97,20260931,0.10833333333333335
wearable,wet_to_dry,0.6,98,20260931,0.5583333333333333
wearable,wet_to_dry,0.6,99,20260931,0.5833333333333333
wearable,wet_to_dry,0.6,100,20260931,0.4166666666666666
wearable,wet_to_dry,0.6,101,20260931,0.2166666666666667
wearable,wet_to_dry,0.6,102,20260931,0.6166666666666667
wearable,wet_to_dry,0.8,1,20260929,0.09166666666666667
wearable,wet_to_dry,0.8,2,20260929,0.19999999999999998
wearable,wet_to_dry,0.8,3,20260929,0.2333333333333333
wearable,wet_to_dry,0.8,4,20260929,0.8333333333333334
wearable,wet_to_dry,0.8,5,20260929,0.35000000000000003
wearable,wet_to_dry,0.8,6,20260929,0.08333333333333333
wearable,wet_to_dry,0.8,7,20260929,0.5750000000000001
wearable,wet_to_dry,0.8,8,20260929,0.5
wearable,wet_to_dry,0.8,9,20260929,0.25833333333333336
wearable,wet_to_dry,0.8,10,20260929,0.05833333333333333
wearable,wet_to_dry,0.8,11,20260929,0.5083333333333333
wearable,wet_to_dry,0.8,12,20260929,0.35000000000000003
wearable,wet_to_dry,0.8,13,20260929,0.45
wearable,wet_to_dry,0.8,14,20260929,0.22499999999999998
wearable,wet_to_dry,0.8,15,20260929,0.25
wearable,wet_to_dry,0.8,16,20260929,0.40833333333333327
wearable,wet_to_dry,0.8,17,20260929,0.5499999999999999
wearable,wet_to_dry,0.8,18,20260929,0.6166666666666668
wearable,wet_to_dry,0.8,19,20260929,0.7333333333333334
wearable,wet_to_dry,0.8,20,20260929,0.4583333333333333
wearable,wet_to_dry,0.8,21,20260929,0.2666666666666666
wearable,wet_to_dry,0.8,22,20260929,0.21666666666666667
wearable,wet_to_dry,0.8,23,20260929,0.30000000000000004
wearable,wet_to_dry,0.8,24,20260929,0.7416666666666667
wearable,wet_to_dry,0.8,25,20260929,0.20000000000000004
wearable,wet_to_dry,0.8,26,20260929,0.07500000000000001
wearable,wet_to_dry,0.8,27,20260929,0.09999999999999999
wearable,wet_to_dry,0.8,28,20260929,0.16666666666666666
wearable,wet_to_dry,0.8,29,20260929,0.6749999999999999
wearable,wet_to_dry,0.8,30,20260929,0.7666666666666667
wearable,wet_to_dry,0.8,31,20260929,0.8083333333333335
wearable,wet_to_dry,0.8,32,20260929,0.3166666666666667
wearable,wet_to_dry,0.8,33,20260929,0.3833333333333333
wearable,wet_to_dry,0.8,34,20260929,0.2666666666666667
wearable,wet_to_dry,0.8,35,20260929,0.05833333333333333
wearable,wet_to_dry,0.8,36,20260929,0.3833333333333333
wearable,wet_to_dry,0.8,37,20260929,0.26666666666666666
wearable,wet_to_dry,0.8,38,20260929,0.9
wearable,wet_to_dry,0.8,39,20260929,0.225
wearable,wet_to_dry,0.8,40,20260929,0.21666666666666667
wearable,wet_to_dry,0.8,41,20260929,0.4249999999999999
wearable,wet_to_dry,0.8,42,20260929,0.25
wearable,wet_to_dry,0.8,43,20260929,0.041666666666666664
wearable,wet_to_dry,0.8,44,20260929,0.06666666666666667
wearable,wet_to_dry,0.8,45,20260929,0.10833333333333334
wearable,wet_to_dry,0.8,46,20260929,0.35833333333333334
wearable,wet_to_dry,0.8,47,20260929,0.041666666666666664
wearable,wet_to_dry,0.8,48,20260929,0.19999999999999998
wearable,wet_to_dry,0.8,49,20260929,0.17500000000000002
wearable,wet_to_dry,0.8,50,20260929,0.5416666666666666
wearable,wet_to_dry,0.8,51,20260929,0.21666666666666667
wearable,wet_to_dry,0.8,52,20260929,0.7333333333333334
wearable,wet_to_dry,0.8,53,20260929,0.7000000000000001
wearable,wet_to_dry,0.8,54,20260929,0.6666666666666669
wearable,wet_to_dry,0.8,55,20260929,0.20000000000000004
wearable,wet_to_dry,0.8,56,20260929,0.125
wearable,wet_to_dry,0.8,57,20260929,0.15833333333333335
wearable,wet_to_dry,0.8,58,20260929,0.47500000000000003
wearable,wet_to_dry,0.8,59,20260929,0.07500000000000001
wearable,wet_to_dry,0.8,60,20260929,0.10000000000000002
wearable,wet_to_dry,0.8,61,20260929,0.4916666666666667
wearable,wet_to_dry,0.8,62,20260929,0.4666666666666666
wearable,wet_to_dry,0.8,63,20260929,0.08333333333333333
wearable,wet_to_dry,0.8,64,20260929,0.03333333333333333
wearable,wet_to_dry,0.8,65,20260929,0.4166666666666667
wearable,wet_to_dry,0.8,66,20260929,0.5999999999999999
wearable,wet_to_dry,0.8,67,20260929,0.03333333333333333
wearable,wet_to_dry,0.8,68,20260929,0.625
wearable,wet_to_dry,0.8,69,20260929,0.7999999999999999
wearable,wet_to_dry,0.8,70,20260929,0.27499999999999997
wearable,wet_to_dry,0.8,71,20260929,0.15
wearable,wet_to_dry,0.8,72,20260929,0.2416666666666667
wearable,wet_to_dry,0.8,73,20260929,0.18333333333333335
wearable,wet_to_dry,0.8,74,20260929,0.23333333333333336
wearable,wet_to_dry,0.8,75,20260929,0.15
wearable,wet_to_dry,0.8,76,20260929,0.15833333333333335
wearable,wet_to_dry,0.8,77,20260929,0.3083333333333333
wearable,wet_to_dry,0.8,78,20260929,0.11666666666666668
wearable,wet_to_dry,0.8,79,20260929,0.8166666666666668
wearable,wet_to_dry,0.8,80,20260929,0.22500000000000006
wearable,wet_to_dry,0.8,81,20260929,0.08333333333333333
wearable,wet_to_dry,0.8,82,20260929,0.42500000000000004
wearable,wet_to_dry,0.8,83,20260929,0.5083333333333332
wearable,wet_to_dry,0.8,84,20260929,0.725
wearable,wet_to_dry,0.8,85,20260929,0.11666666666666668
wearable,wet_to_dry,0.8,86,20260929,0.049999999999999996
wearable,wet_to_dry,0.8,87,20260929,0.7583333333333333
wearable,wet_to_dry,0.8,88,20260929,0.3
wearable,wet_to_dry,0.8,89,20260929,0.17500000000000002
wearable,wet_to_dry,0.8,90,20260929,0.18333333333333335
wearable,wet_to_dry,0.8,91,20260929,0.3333333333333333
wearable,wet_to_dry,0.8,92,20260929,0.2666666666666667
wearable,wet_to_dry,0.8,93,20260929,0.6333333333333333
wearable,wet_to_dry,0.8,94,20260929,0.25833333333333336
wearable,wet_to_dry,0.8,95,20260929,0.45833333333333326
wearable,wet_to_dry,0.8,96,20260929,0.09999999999999999
wearable,wet_to_dry,0.8,97,20260929,0.12500000000000003
wearable,wet_to_dry,0.8,98,20260929,0.7666666666666666
wearable,wet_to_dry,0.8,99,20260929,0.6666666666666666
wearable,wet_to_dry,0.8,100,20260929,0.65
wearable,wet_to_dry,0.8,101,20260929,0.40833333333333327
wearable,wet_to_dry,0.8,102,20260929,0.7666666666666667
wearable,wet_to_dry,0.8,1,20260930,0.125
wearable,wet_to_dry,0.8,2,20260930,0.17500000000000002
wearable,wet_to_dry,0.8,3,20260930,0.275
wearable,wet_to_dry,0.8,4,20260930,0.7833333333333333
wearable,wet_to_dry,0.8,5,20260930,0.24166666666666667
wearable,wet_to_dry,0.8,6,20260930,0.15000000000000002
wearable,wet_to_dry,0.8,7,20260930,0.6416666666666667
wearable,wet_to_dry,0.8,8,20260930,0.5499999999999999
wearable,wet_to_dry,0.8,9,20260930,0.21666666666666667
wearable,wet_to_dry,0.8,10,20260930,0.05833333333333334
wearable,wet_to_dry,0.8,11,20260930,0.5333333333333333
wearable,wet_to_dry,0.8,12,20260930,0.325
wearable,wet_to_dry,0.8,13,20260930,0.45
wearable,wet_to_dry,0.8,14,20260930,0.075
wearable,wet_to_dry,0.8,15,20260930,0.3
wearable,wet_to_dry,0.8,16,20260930,0.35833333333333334
wearable,wet_to_dry,0.8,17,20260930,0.6166666666666666
wearable,wet_to_dry,0.8,18,20260930,0.6333333333333334
wearable,wet_to_dry,0.8,19,20260930,0.6916666666666668
wearable,wet_to_dry,0.8,20,20260930,0.3499999999999999
wearable,wet_to_dry,0.8,21,20260930,0.24999999999999997
wearable,wet_to_dry,0.8,22,20260930,0.1333333333333334
wearable,wet_to_dry,0.8,23,20260930,0.26666666666666666
wearable,wet_to_dry,0.8,24,20260930,0.7666666666666666
wearable,wet_to_dry,0.8,25,20260930,0.18333333333333335
wearable,wet_to_dry,0.8,26,20260930,0.05000000000000001
wearable,wet_to_dry,0.8,27,20260930,0.09166666666666666
wearable,wet_to_dry,0.8,28,20260930,0.15000000000000002
wearable,wet_to_dry,0.8,29,20260930,0.75
wearable,wet_to_dry,0.8,30,20260930,0.7333333333333334
wearable,wet_to_dry,0.8,31,20260930,0.8583333333333334
wearable,wet_to_dry,0.8,32,20260930,0.3416666666666666
wearable,wet_to_dry,0.8,33,20260930,0.3333333333333333
wearable,wet_to_dry,0.8,34,20260930,0.23333333333333336
wearable,wet_to_dry,0.8,35,20260930,0.05833333333333333
wearable,wet_to_dry,0.8,36,20260930,0.3666666666666667
wearable,wet_to_dry,0.8,37,20260930,0.20833333333333334
wearable,wet_to_dry,0.8,38,20260930,0.9166666666666666
wearable,wet_to_dry,0.8,39,20260930,0.24166666666666667
wearable,wet_to_dry,0.8,40,20260930,0.14166666666666666
wearable,wet_to_dry,0.8,41,20260930,0.36666666666666664
wearable,wet_to_dry,0.8,42,20260930,0.3
wearable,wet_to_dry,0.8,43,20260930,0.03333333333333333
wearable,wet_to_dry,0.8,44,20260930,0.08333333333333333
wearable,wet_to_dry,0.8,45,20260930,0.10833333333333334
wearable,wet_to_dry,0.8,46,20260930,0.25000000000000006
wearable,wet_to_dry,0.8,47,20260930,0.08333333333333336
wearable,wet_to_dry,0.8,48,20260930,0.18333333333333335
wearable,wet_to_dry,0.8,49,20260930,0.16666666666666666
wearable,wet_to_dry,0.8,50,20260930,0.4833333333333334
wearable,wet_to_dry,0.8,51,20260930,0.19999999999999998
wearable,wet_to_dry,0.8,52,20260930,0.7416666666666667
wearable,wet_to_dry,0.8,53,20260930,0.7333333333333334
wearable,wet_to_dry,0.8,54,20260930,0.7666666666666666
wearable,wet_to_dry,0.8,55,20260930,0.2166666666666667
wearable,wet_to_dry,0.8,56,20260930,0.08333333333333333
wearable,wet_to_dry,0.8,57,20260930,0.1416666666666667
wearable,wet_to_dry,0.8,58,20260930,0.5
wearable,wet_to_dry,0.8,59,20260930,0.075
wearable,wet_to_dry,0.8,60,20260930,0.15
wearable,wet_to_dry,0.8,61,20260930,0.47500000000000003
wearable,wet_to_dry,0.8,62,20260930,0.48333333333333334
wearable,wet_to_dry,0.8,63,20260930,0.041666666666666664
wearable,wet_to_dry,0.8,64,20260930,0.06666666666666667
wearable,wet_to_dry,0.8,65,20260930,0.38333333333333336
wearable,wet_to_dry,0.8,66,20260930,0.6916666666666668
wearable,wet_to_dry,0.8,67,20260930,0.049999999999999996
wearable,wet_to_dry,0.8,68,20260930,0.5750000000000001
wearable,wet_to_dry,0.8,69,20260930,0.8000000000000002
wearable,wet_to_dry,0.8,70,20260930,0.25
wearable,wet_to_dry,0.8,71,20260930,0.1416666666666667
wearable,wet_to_dry,0.8,72,20260930,0.35833333333333334
wearable,wet_to_dry,0.8,73,20260930,0.1666666666666667
wearable,wet_to_dry,0.8,74,20260930,0.2166666666666667
wearable,wet_to_dry,0.8,75,20260930,0.25
wearable,wet_to_dry,0.8,76,20260930,0.16666666666666666
wearable,wet_to_dry,0.8,77,20260930,0.2916666666666667
wearable,wet_to_dry,0.8,78,20260930,0.1416666666666667
wearable,wet_to_dry,0.8,79,20260930,0.7833333333333333
wearable,wet_to_dry,0.8,80,20260930,0.30833333333333335
wearable,wet_to_dry,0.8,81,20260930,0.08333333333333333
wearable,wet_to_dry,0.8,82,20260930,0.4416666666666667
wearable,wet_to_dry,0.8,83,20260930,0.5083333333333333
wearable,wet_to_dry,0.8,84,20260930,0.7083333333333334
wearable,wet_to_dry,0.8,85,20260930,0.17500000000000002
wearable,wet_to_dry,0.8,86,20260930,0.049999999999999996
wearable,wet_to_dry,0.8,87,20260930,0.7916666666666665
wearable,wet_to_dry,0.8,88,20260930,0.25833333333333336
wearable,wet_to_dry,0.8,89,20260930,0.2416666666666667
wearable,wet_to_dry,0.8,90,20260930,0.26666666666666666
wearable,wet_to_dry,0.8,91,20260930,0.3916666666666666
wearable,wet_to_dry,0.8,92,20260930,0.3083333333333333
wearable,wet_to_dry,0.8,93,20260930,0.5083333333333332
wearable,wet_to_dry,0.8,94,20260930,0.3499999999999999
wearable,wet_to_dry,0.8,95,20260930,0.4000000000000001
wearable,wet_to_dry,0.8,96,20260930,0.08333333333333333
wearable,wet_to_dry,0.8,97,20260930,0.20000000000000004
wearable,wet_to_dry,0.8,98,20260930,0.6333333333333334
wearable,wet_to_dry,0.8,99,20260930,0.625
wearable,wet_to_dry,0.8,100,20260930,0.6166666666666667
wearable,wet_to_dry,0.8,101,20260930,0.3333333333333333
wearable,wet_to_dry,0.8,102,20260930,0.775
wearable,wet_to_dry,0.8,1,20260931,0.05833333333333333
wearable,wet_to_dry,0.8,2,20260931,0.2833333333333333
wearable,wet_to_dry,0.8,3,20260931,0.21666666666666665
wearable,wet_to_dry,0.8,4,20260931,0.775
wearable,wet_to_dry,0.8,5,20260931,0.2916666666666667
wearable,wet_to_dry,0.8,6,20260931,0.14166666666666666
wearable,wet_to_dry,0.8,7,20260931,0.5833333333333334
wearable,wet_to_dry,0.8,8,20260931,0.5166666666666666
wearable,wet_to_dry,0.8,9,20260931,0.225
wearable,wet_to_dry,0.8,10,20260931,0.05833333333333333
wearable,wet_to_dry,0.8,11,20260931,0.5666666666666667
wearable,wet_to_dry,0.8,12,20260931,0.2583333333333333
wearable,wet_to_dry,0.8,13,20260931,0.47500000000000003
wearable,wet_to_dry,0.8,14,20260931,0.19166666666666668
wearable,wet_to_dry,0.8,15,20260931,0.25833333333333336
wearable,wet_to_dry,0.8,16,20260931,0.3833333333333333
wearable,wet_to_dry,0.8,17,20260931,0.575
wearable,wet_to_dry,0.8,18,20260931,0.6166666666666667
wearable,wet_to_dry,0.8,19,20260931,0.725
wearable,wet_to_dry,0.8,20,20260931,0.46666666666666673
wearable,wet_to_dry,0.8,21,20260931,0.25833333333333336
wearable,wet_to_dry,0.8,22,20260931,0.25000000000000006
wearable,wet_to_dry,0.8,23,20260931,0.5416666666666666
wearable,wet_to_dry,0.8,24,20260931,0.8166666666666665
wearable,wet_to_dry,0.8,25,20260931,0.21666666666666667
wearable,wet_to_dry,0.8,26,20260931,0.08333333333333333
wearable,wet_to_dry,0.8,27,20260931,0.06666666666666667
wearable,wet_to_dry,0.8,28,20260931,0.2166666666666667
wearable,wet_to_dry,0.8,29,20260931,0.75
wearable,wet_to_dry,0.8,30,20260931,0.7083333333333335
wearable,wet_to_dry,0.8,31,20260931,0.7833333333333333
wearable,wet_to_dry,0.8,32,20260931,0.32499999999999996
wearable,wet_to_dry,0.8,33,20260931,0.35000000000000003
wearable,wet_to_dry,0.8,34,20260931,0.20833333333333334
wearable,wet_to_dry,0.8,35,20260931,0.06666666666666667
wearable,wet_to_dry,0.8,36,20260931,0.2916666666666667
wearable,wet_to_dry,0.8,37,20260931,0.325
wearable,wet_to_dry,0.8,38,20260931,0.9083333333333335
wearable,wet_to_dry,0.8,39,20260931,0.30833333333333335
wearable,wet_to_dry,0.8,40,20260931,0.10833333333333335
wearable,wet_to_dry,0.8,41,20260931,0.4500000000000001
wearable,wet_to_dry,0.8,42,20260931,0.2833333333333334
wearable,wet_to_dry,0.8,43,20260931,0.03333333333333333
wearable,wet_to_dry,0.8,44,20260931,0.075
wearable,wet_to_dry,0.8,45,20260931,0.13333333333333336
wearable,wet_to_dry,0.8,46,20260931,0.3499999999999999
wearable,wet_to_dry,0.8,47,20260931,0.041666666666666664
wearable,wet_to_dry,0.8,48,20260931,0.18333333333333335
wearable,wet_to_dry,0.8,49,20260931,0.14166666666666666
wearable,wet_to_dry,0.8,50,20260931,0.4750000000000001
wearable,wet_to_dry,0.8,51,20260931,0.225
wearable,wet_to_dry,0.8,52,20260931,0.75
wearable,wet_to_dry,0.8,53,20260931,0.6916666666666668
wearable,wet_to_dry,0.8,54,20260931,0.8083333333333332
wearable,wet_to_dry,0.8,55,20260931,0.21666666666666667
wearable,wet_to_dry,0.8,56,20260931,0.15833333333333335
wearable,wet_to_dry,0.8,57,20260931,0.10833333333333335
wearable,wet_to_dry,0.8,58,20260931,0.48333333333333334
wearable,wet_to_dry,0.8,59,20260931,0.075
wearable,wet_to_dry,0.8,60,20260931,0.09166666666666667
wearable,wet_to_dry,0.8,61,20260931,0.4583333333333333
wearable,wet_to_dry,0.8,62,20260931,0.525
wearable,wet_to_dry,0.8,63,20260931,0.07500000000000001
wearable,wet_to_dry,0.8,64,20260931,0.05833333333333333
wearable,wet_to_dry,0.8,65,20260931,0.35833333333333334
wearable,wet_to_dry,0.8,66,20260931,0.6083333333333333
wearable,wet_to_dry,0.8,67,20260931,0.05000000000000001
wearable,wet_to_dry,0.8,68,20260931,0.55
wearable,wet_to_dry,0.8,69,20260931,0.8666666666666667
wearable,wet_to_dry,0.8,70,20260931,0.27499999999999997
wearable,wet_to_dry,0.8,71,20260931,0.1333333333333334
wearable,wet_to_dry,0.8,72,20260931,0.325
wearable,wet_to_dry,0.8,73,20260931,0.12500000000000003
wearable,wet_to_dry,0.8,74,20260931,0.25000000000000006
wearable,wet_to_dry,0.8,75,20260931,0.20000000000000004
wearable,wet_to_dry,0.8,76,20260931,0.1416666666666667
wearable,wet_to_dry,0.8,77,20260931,0.35833333333333334
wearable,wet_to_dry,0.8,78,20260931,0.11666666666666668
wearable,wet_to_dry,0.8,79,20260931,0.7833333333333333
wearable,wet_to_dry,0.8,80,20260931,0.2666666666666667
wearable,wet_to_dry,0.8,81,20260931,0.11666666666666668
wearable,wet_to_dry,0.8,82,20260931,0.47500000000000003
wearable,wet_to_dry,0.8,83,20260931,0.4749999999999999
wearable,wet_to_dry,0.8,84,20260931,0.7166666666666667
wearable,wet_to_dry,0.8,85,20260931,0.24166666666666667
wearable,wet_to_dry,0.8,86,20260931,0.09166666666666667
wearable,wet_to_dry,0.8,87,20260931,0.75
wearable,wet_to_dry,0.8,88,20260931,0.27499999999999997
wearable,wet_to_dry,0.8,89,20260931,0.3000000000000001
wearable,wet_to_dry,0.8,90,20260931,0.275
wearable,wet_to_dry,0.8,91,20260931,0.375
wearable,wet_to_dry,0.8,92,20260931,0.31666666666666665
wearable,wet_to_dry,0.8,93,20260931,0.49166666666666664
wearable,wet_to_dry,0.8,94,20260931,0.35000000000000003
wearable,wet_to_dry,0.8,95,20260931,0.39999999999999997
wearable,wet_to_dry,0.8,96,20260931,0.125
wearable,wet_to_dry,0.8,97,20260931,0.15
wearable,wet_to_dry,0.8,98,20260931,0.7333333333333334
wearable,wet_to_dry,0.8,99,20260931,0.6666666666666666
wearable,wet_to_dry,0.8,100,20260931,0.5083333333333333
wearable,wet_to_dry,0.8,101,20260931,0.2916666666666667
wearable,wet_to_dry,0.8,102,20260931,0.7583333333333333
wearable,wet_to_dry,1.0,1,20260929,0.09166666666666666
wearable,wet_to_dry,1.0,2,20260929,0.18333333333333335
wearable,wet_to_dry,1.0,3,20260929,0.2833333333333334
wearable,wet_to_dry,1.0,4,20260929,0.8333333333333335
wearable,wet_to_dry,1.0,5,20260929,0.42500000000000004
wearable,wet_to_dry,1.0,6,20260929,0.12500000000000003
wearable,wet_to_dry,1.0,7,20260929,0.7333333333333334
wearable,wet_to_dry,1.0,8,20260929,0.6166666666666666
wearable,wet_to_dry,1.0,9,20260929,0.3333333333333333
wearable,wet_to_dry,1.0,10,20260929,0.05833333333333333
wearable,wet_to_dry,1.0,11,20260929,0.5833333333333334
wearable,wet_to_dry,1.0,12,20260929,0.34166666666666673
wearable,wet_to_dry,1.0,13,20260929,0.5333333333333334
wearable,wet_to_dry,1.0,14,20260929,0.225
wearable,wet_to_dry,1.0,15,20260929,0.3333333333333333
wearable,wet_to_dry,1.0,16,20260929,0.46666666666666673
wearable,wet_to_dry,1.0,17,20260929,0.6749999999999999
wearable,wet_to_dry,1.0,18,20260929,0.6666666666666666
wearable,wet_to_dry,1.0,19,20260929,0.7999999999999999
wearable,wet_to_dry,1.0,20,20260929,0.525
wearable,wet_to_dry,1.0,21,20260929,0.325
wearable,wet_to_dry,1.0,22,20260929,0.16666666666666666
wearable,wet_to_dry,1.0,23,20260929,0.2583333333333333
wearable,wet_to_dry,1.0,24,20260929,0.7999999999999998
wearable,wet_to_dry,1.0,25,20260929,0.22500000000000006
wearable,wet_to_dry,1.0,26,20260929,0.06666666666666667
wearable,wet_to_dry,1.0,27,20260929,0.10833333333333335
wearable,wet_to_dry,1.0,28,20260929,0.21666666666666665
wearable,wet_to_dry,1.0,29,20260929,0.7666666666666666
wearable,wet_to_dry,1.0,30,20260929,0.8666666666666667
wearable,wet_to_dry,1.0,31,20260929,0.8166666666666668
wearable,wet_to_dry,1.0,32,20260929,0.43333333333333335
wearable,wet_to_dry,1.0,33,20260929,0.3583333333333334
wearable,wet_to_dry,1.0,34,20260929,0.39166666666666666
wearable,wet_to_dry,1.0,35,20260929,0.125
wearable,wet_to_dry,1.0,36,20260929,0.40833333333333327
wearable,wet_to_dry,1.0,37,20260929,0.3333333333333333
wearable,wet_to_dry,1.0,38,20260929,0.8916666666666667
wearable,wet_to_dry,1.0,39,20260929,0.26666666666666666
wearable,wet_to_dry,1.0,40,20260929,0.19166666666666665
wearable,wet_to_dry,1.0,41,20260929,0.375
wearable,wet_to_dry,1.0,42,20260929,0.3083333333333333
wearable,wet_to_dry,1.0,43,20260929,0.05833333333333334
wearable,wet_to_dry,1.0,44,20260929,0.08333333333333333
wearable,wet_to_dry,1.0,45,20260929,0.10833333333333334
wearable,wet_to_dry,1.0,46,20260929,0.3583333333333334
wearable,wet_to_dry,1.0,47,20260929,0.05000000000000001
wearable,wet_to_dry,1.0,48,20260929,0.17500000000000002
wearable,wet_to_dry,1.0,49,20260929,0.15833333333333335
wearable,wet_to_dry,1.0,50,20260929,0.625
wearable,wet_to_dry,1.0,51,20260929,0.25833333333333336
wearable,wet_to_dry,1.0,52,20260929,0.7500000000000001
wearable,wet_to_dry,1.0,53,20260929,0.7916666666666666
wearable,wet_to_dry,1.0,54,20260929,0.7999999999999999
wearable,wet_to_dry,1.0,55,20260929,0.25
wearable,wet_to_dry,1.0,56,20260929,0.13333333333333333
wearable,wet_to_dry,1.0,57,20260929,0.09166666666666667
wearable,wet_to_dry,1.0,58,20260929,0.65
wearable,wet_to_dry,1.0,59,20260929,0.1166666666666667
wearable,wet_to_dry,1.0,60,20260929,0.13333333333333336
wearable,wet_to_dry,1.0,61,20260929,0.49166666666666664
wearable,wet_to_dry,1.0,62,20260929,0.49999999999999994
wearable,wet_to_dry,1.0,63,20260929,0.06666666666666667
wearable,wet_to_dry,1.0,64,20260929,0.05833333333333333
wearable,wet_to_dry,1.0,65,20260929,0.47500000000000003
wearable,wet_to_dry,1.0,66,20260929,0.6333333333333333
wearable,wet_to_dry,1.0,67,20260929,0.05833333333333334
wearable,wet_to_dry,1.0,68,20260929,0.7333333333333334
wearable,wet_to_dry,1.0,69,20260929,0.8333333333333334
wearable,wet_to_dry,1.0,70,20260929,0.3
wearable,wet_to_dry,1.0,71,20260929,0.13333333333333333
wearable,wet_to_dry,1.0,72,20260929,0.35833333333333334
wearable,wet_to_dry,1.0,73,20260929,0.20833333333333337
wearable,wet_to_dry,1.0,74,20260929,0.25000000000000006
wearable,wet_to_dry,1.0,75,20260929,0.15833333333333335
wearable,wet_to_dry,1.0,76,20260929,0.17500000000000004
wearable,wet_to_dry,1.0,77,20260929,0.3083333333333334
wearable,wet_to_dry,1.0,78,20260929,0.125
wearable,wet_to_dry,1.0,79,20260929,0.9083333333333333
wearable,wet_to_dry,1.0,80,20260929,0.31666666666666665
wearable,wet_to_dry,1.0,81,20260929,0.075
wearable,wet_to_dry,1.0,82,20260929,0.5750000000000001
wearable,wet_to_dry,1.0,83,20260929,0.4583333333333334
wearable,wet_to_dry,1.0,84,20260929,0.8166666666666665
wearable,wet_to_dry,1.0,85,20260929,0.18333333333333335
wearable,wet_to_dry,1.0,86,20260929,0.041666666666666664
wearable,wet_to_dry,1.0,87,20260929,0.875
wearable,wet_to_dry,1.0,88,20260929,0.375
wearable,wet_to_dry,1.0,89,20260929,0.2166666666666667
wearable,wet_to_dry,1.0,90,20260929,0.19999999999999998
wearable,wet_to_dry,1.0,91,20260929,0.36666666666666664
wearable,wet_to_dry,1.0,92,20260929,0.3416666666666666
wearable,wet_to_dry,1.0,93,20260929,0.7250000000000001
wearable,wet_to_dry,1.0,94,20260929,0.35000000000000003
wearable,wet_to_dry,1.0,95,20260929,0.47500000000000003
wearable,wet_to_dry,1.0,96,20260929,0.11666666666666668
wearable,wet_to_dry,1.0,97,20260929,0.12500000000000003
wearable,wet_to_dry,1.0,98,20260929,0.8166666666666668
wearable,wet_to_dry,1.0,99,20260929,0.7083333333333334
wearable,wet_to_dry,1.0,100,20260929,0.75
wearable,wet_to_dry,1.0,101,20260929,0.4000000000000001
wearable,wet_to_dry,1.0,102,20260929,0.8083333333333335
wearable,wet_to_dry,1.0,1,20260930,0.125
wearable,wet_to_dry,1.0,2,20260930,0.17500000000000002
wearable,wet_to_dry,1.0,3,20260930,0.26666666666666666
wearable,wet_to_dry,1.0,4,20260930,0.8416666666666668
wearable,wet_to_dry,1.0,5,20260930,0.225
wearable,wet_to_dry,1.0,6,20260930,0.21666666666666667
wearable,wet_to_dry,1.0,7,20260930,0.7666666666666666
wearable,wet_to_dry,1.0,8,20260930,0.6
wearable,wet_to_dry,1.0,9,20260930,0.2416666666666667
wearable,wet_to_dry,1.0,10,20260930,0.05000000000000001
wearable,wet_to_dry,1.0,11,20260930,0.5583333333333332
wearable,wet_to_dry,1.0,12,20260930,0.3333333333333333
wearable,wet_to_dry,1.0,13,20260930,0.5333333333333333
wearable,wet_to_dry,1.0,14,20260930,0.15000000000000002
wearable,wet_to_dry,1.0,15,20260930,0.31666666666666665
wearable,wet_to_dry,1.0,16,20260930,0.41666666666666674
wearable,wet_to_dry,1.0,17,20260930,0.6750000000000002
wearable,wet_to_dry,1.0,18,20260930,0.6916666666666665
wearable,wet_to_dry,1.0,19,20260930,0.8083333333333335
wearable,wet_to_dry,1.0,20,20260930,0.4083333333333334
wearable,wet_to_dry,1.0,21,20260930,0.2916666666666667
wearable,wet_to_dry,1.0,22,20260930,0.19166666666666665
wearable,wet_to_dry,1.0,23,20260930,0.25833333333333336
wearable,wet_to_dry,1.0,24,20260930,0.7833333333333332
wearable,wet_to_dry,1.0,25,20260930,0.27499999999999997
wearable,wet_to_dry,1.0,26,20260930,0.06666666666666667
wearable,wet_to_dry,1.0,27,20260930,0.10000000000000003
wearable,wet_to_dry,1.0,28,20260930,0.21666666666666667
wearable,wet_to_dry,1.0,29,20260930,0.7666666666666667
wearable,wet_to_dry,1.0,30,20260930,0.8333333333333334
wearable,wet_to_dry,1.0,31,20260930,0.8583333333333334
wearable,wet_to_dry,1.0,32,20260930,0.39166666666666666
wearable,wet_to_dry,1.0,33,20260930,0.3
wearable,wet_to_dry,1.0,34,20260930,0.3333333333333333
wearable,wet_to_dry,1.0,35,20260930,0.075
wearable,wet_to_dry,1.0,36,20260930,0.3916666666666666
wearable,wet_to_dry,1.0,37,20260930,0.2666666666666667
wearable,wet_to_dry,1.0,38,20260930,0.8833333333333333
wearable,wet_to_dry,1.0,39,20260930,0.2916666666666667
wearable,wet_to_dry,1.0,40,20260930,0.13333333333333333
wearable,wet_to_dry,1.0,41,20260930,0.39999999999999997
wearable,wet_to_dry,1.0,42,20260930,0.3166666666666667
wearable,wet_to_dry,1.0,43,20260930,0.06666666666666667
wearable,wet_to_dry,1.0,44,20260930,0.08333333333333333
wearable,wet_to_dry,1.0,45,20260930,0.10833333333333334
wearable,wet_to_dry,1.0,46,20260930,0.3333333333333333
wearable,wet_to_dry,1.0,47,20260930,0.06666666666666667
wearable,wet_to_dry,1.0,48,20260930,0.19999999999999998
wearable,wet_to_dry,1.0,49,20260930,0.1666666666666667
wearable,wet_to_dry,1.0,50,20260930,0.5666666666666668
wearable,wet_to_dry,1.0,51,20260930,0.25833333333333336
wearable,wet_to_dry,1.0,52,20260930,0.7916666666666666
wearable,wet_to_dry,1.0,53,20260930,0.8250000000000001
wearable,wet_to_dry,1.0,54,20260930,0.7999999999999999
wearable,wet_to_dry,1.0,55,20260930,0.3333333333333333
wearable,wet_to_dry,1.0,56,20260930,0.08333333333333333
wearable,wet_to_dry,1.0,57,20260930,0.10000000000000002
wearable,wet_to_dry,1.0,58,20260930,0.5833333333333334
wearable,wet_to_dry,1.0,59,20260930,0.10000000000000002
wearable,wet_to_dry,1.0,60,20260930,0.15
wearable,wet_to_dry,1.0,61,20260930,0.45
wearable,wet_to_dry,1.0,62,20260930,0.5
wearable,wet_to_dry,1.0,63,20260930,0.05000000000000001
wearable,wet_to_dry,1.0,64,20260930,0.05833333333333333
wearable,wet_to_dry,1.0,65,20260930,0.4416666666666666
wearable,wet_to_dry,1.0,66,20260930,0.7166666666666668
wearable,wet_to_dry,1.0,67,20260930,0.05833333333333334
wearable,wet_to_dry,1.0,68,20260930,0.6666666666666666
wearable,wet_to_dry,1.0,69,20260930,0.8250000000000001
wearable,wet_to_dry,1.0,70,20260930,0.2666666666666668
wearable,wet_to_dry,1.0,71,20260930,0.15
wearable,wet_to_dry,1.0,72,20260930,0.35833333333333334
wearable,wet_to_dry,1.0,73,20260930,0.1666666666666667
wearable,wet_to_dry,1.0,74,20260930,0.20000000000000004
wearable,wet_to_dry,1.0,75,20260930,0.24166666666666667
wearable,wet_to_dry,1.0,76,20260930,0.1666666666666667
wearable,wet_to_dry,1.0,77,20260930,0.31666666666666665
wearable,wet_to_dry,1.0,78,20260930,0.15
wearable,wet_to_dry,1.0,79,20260930,0.9083333333333333
wearable,wet_to_dry,1.0,80,20260930,0.3916666666666666
wearable,wet_to_dry,1.0,81,20260930,0.05833333333333334
wearable,wet_to_dry,1.0,82,20260930,0.5666666666666667
wearable,wet_to_dry,1.0,83,20260930,0.5166666666666667
wearable,wet_to_dry,1.0,84,20260930,0.7833333333333335
wearable,wet_to_dry,1.0,85,20260930,0.2333333333333333
wearable,wet_to_dry,1.0,86,20260930,0.041666666666666664
wearable,wet_to_dry,1.0,87,20260930,0.8333333333333334
wearable,wet_to_dry,1.0,88,20260930,0.3333333333333333
wearable,wet_to_dry,1.0,89,20260930,0.225
wearable,wet_to_dry,1.0,90,20260930,0.24166666666666667
wearable,wet_to_dry,1.0,91,20260930,0.4083333333333334
wearable,wet_to_dry,1.0,92,20260930,0.31666666666666665
wearable,wet_to_dry,1.0,93,20260930,0.6
wearable,wet_to_dry,1.0,94,20260930,0.375
wearable,wet_to_dry,1.0,95,20260930,0.43333333333333335
wearable,wet_to_dry,1.0,96,20260930,0.10000000000000002
wearable,wet_to_dry,1.0,97,20260930,0.17500000000000002
wearable,wet_to_dry,1.0,98,20260930,0.775
wearable,wet_to_dry,1.0,99,20260930,0.6583333333333334
wearable,wet_to_dry,1.0,100,20260930,0.7166666666666667
wearable,wet_to_dry,1.0,101,20260930,0.35000000000000003
wearable,wet_to_dry,1.0,102,20260930,0.8500000000000001
wearable,wet_to_dry,1.0,1,20260931,0.06666666666666667
wearable,wet_to_dry,1.0,2,20260931,0.2833333333333333
wearable,wet_to_dry,1.0,3,20260931,0.31666666666666665
wearable,wet_to_dry,1.0,4,20260931,0.8583333333333334
wearable,wet_to_dry,1.0,5,20260931,0.38333333333333336
wearable,wet_to_dry,1.0,6,20260931,0.18333333333333335
wearable,wet_to_dry,1.0,7,20260931,0.7333333333333334
wearable,wet_to_dry,1.0,8,20260931,0.6083333333333333
wearable,wet_to_dry,1.0,9,20260931,0.3083333333333333
wearable,wet_to_dry,1.0,10,20260931,0.05833333333333334
wearable,wet_to_dry,1.0,11,20260931,0.6333333333333333
wearable,wet_to_dry,1.0,12,20260931,0.2833333333333334
wearable,wet_to_dry,1.0,13,20260931,0.5166666666666667
wearable,wet_to_dry,1.0,14,20260931,0.17500000000000002
wearable,wet_to_dry,1.0,15,20260931,0.26666666666666666
wearable,wet_to_dry,1.0,16,20260931,0.4166666666666667
wearable,wet_to_dry,1.0,17,20260931,0.7000000000000001
wearable,wet_to_dry,1.0,18,20260931,0.6916666666666668
wearable,wet_to_dry,1.0,19,20260931,0.8249999999999998
wearable,wet_to_dry,1.0,20,20260931,0.5166666666666667
wearable,wet_to_dry,1.0,21,20260931,0.31666666666666665
wearable,wet_to_dry,1.0,22,20260931,0.2166666666666667
wearable,wet_to_dry,1.0,23,20260931,0.5833333333333331
wearable,wet_to_dry,1.0,24,20260931,0.8083333333333332
wearable,wet_to_dry,1.0,25,20260931,0.27499999999999997
wearable,wet_to_dry,1.0,26,20260931,0.075
wearable,wet_to_dry,1.0,27,20260931,0.08333333333333333
wearable,wet_to_dry,1.0,28,20260931,0.2166666666666667
wearable,wet_to_dry,1.0,29,20260931,0.775
wearable,wet_to_dry,1.0,30,20260931,0.775
wearable,wet_to_dry,1.0,31,20260931,0.7916666666666666
wearable,wet_to_dry,1.0,32,20260931,0.38333333333333336
wearable,wet_to_dry,1.0,33,20260931,0.3833333333333333
wearable,wet_to_dry,1.0,34,20260931,0.25833333333333336
wearable,wet_to_dry,1.0,35,20260931,0.08333333333333333
wearable,wet_to_dry,1.0,36,20260931,0.3333333333333333
wearable,wet_to_dry,1.0,37,20260931,0.3416666666666666
wearable,wet_to_dry,1.0,38,20260931,0.9166666666666669
wearable,wet_to_dry,1.0,39,20260931,0.36666666666666664
wearable,wet_to_dry,1.0,40,20260931,0.11666666666666668
wearable,wet_to_dry,1.0,41,20260931,0.43333333333333335
wearable,wet_to_dry,1.0,42,20260931,0.29166666666666663
wearable,wet_to_dry,1.0,43,20260931,0.05000000000000001
wearable,wet_to_dry,1.0,44,20260931,0.075
wearable,wet_to_dry,1.0,45,20260931,0.125
wearable,wet_to_dry,1.0,46,20260931,0.3333333333333333
wearable,wet_to_dry,1.0,47,20260931,0.05000000000000001
wearable,wet_to_dry,1.0,48,20260931,0.27499999999999997
wearable,wet_to_dry,1.0,49,20260931,0.15000000000000002
wearable,wet_to_dry,1.0,50,20260931,0.48333333333333334
wearable,wet_to_dry,1.0,51,20260931,0.2833333333333333
wearable,wet_to_dry,1.0,52,20260931,0.7416666666666667
wearable,wet_to_dry,1.0,53,20260931,0.7416666666666667
wearable,wet_to_dry,1.0,54,20260931,0.8666666666666666
wearable,wet_to_dry,1.0,55,20260931,0.29166666666666663
wearable,wet_to_dry,1.0,56,20260931,0.225
wearable,wet_to_dry,1.0,57,20260931,0.08333333333333333
wearable,wet_to_dry,1.0,58,20260931,0.6083333333333333
wearable,wet_to_dry,1.0,59,20260931,0.06666666666666667
wearable,wet_to_dry,1.0,60,20260931,0.10833333333333335
wearable,wet_to_dry,1.0,61,20260931,0.5083333333333333
wearable,wet_to_dry,1.0,62,20260931,0.5333333333333333
wearable,wet_to_dry,1.0,63,20260931,0.075
wearable,wet_to_dry,1.0,64,20260931,0.049999999999999996
wearable,wet_to_dry,1.0,65,20260931,0.4416666666666667
wearable,wet_to_dry,1.0,66,20260931,0.6666666666666666
wearable,wet_to_dry,1.0,67,20260931,0.041666666666666664
wearable,wet_to_dry,1.0,68,20260931,0.625
wearable,wet_to_dry,1.0,69,20260931,0.8916666666666669
wearable,wet_to_dry,1.0,70,20260931,0.325
wearable,wet_to_dry,1.0,71,20260931,0.11666666666666665
wearable,wet_to_dry,1.0,72,20260931,0.375
wearable,wet_to_dry,1.0,73,20260931,0.15000000000000002
wearable,wet_to_dry,1.0,74,20260931,0.20000000000000004
wearable,wet_to_dry,1.0,75,20260931,0.17500000000000002
wearable,wet_to_dry,1.0,76,20260931,0.15000000000000002
wearable,wet_to_dry,1.0,77,20260931,0.4333333333333334
wearable,wet_to_dry,1.0,78,20260931,0.1416666666666667
wearable,wet_to_dry,1.0,79,20260931,0.8583333333333334
wearable,wet_to_dry,1.0,80,20260931,0.31666666666666665
wearable,wet_to_dry,1.0,81,20260931,0.09999999999999999
wearable,wet_to_dry,1.0,82,20260931,0.5499999999999999
wearable,wet_to_dry,1.0,83,20260931,0.55
wearable,wet_to_dry,1.0,84,20260931,0.7833333333333332
wearable,wet_to_dry,1.0,85,20260931,0.2916666666666667
wearable,wet_to_dry,1.0,86,20260931,0.05833333333333334
wearable,wet_to_dry,1.0,87,20260931,0.8333333333333335
wearable,wet_to_dry,1.0,88,20260931,0.3416666666666666
wearable,wet_to_dry,1.0,89,20260931,0.30000000000000004
wearable,wet_to_dry,1.0,90,20260931,0.26666666666666666
wearable,wet_to_dry,1.0,91,20260931,0.4583333333333334
wearable,wet_to_dry,1.0,92,20260931,0.2583333333333333
wearable,wet_to_dry,1.0,93,20260931,0.5499999999999999
wearable,wet_to_dry,1.0,94,20260931,0.44166666666666665
wearable,wet_to_dry,1.0,95,20260931,0.44166666666666665
wearable,wet_to_dry,1.0,96,20260931,0.125
wearable,wet_to_dry,1.0,97,20260931,0.15
wearable,wet_to_dry,1.0,98,20260931,0.8250000000000001
wearable,wet_to_dry,1.0,99,20260931,0.6666666666666666
wearable,wet_to_dry,1.0,100,20260931,0.6749999999999999
wearable,wet_to_dry,1.0,101,20260931,0.35000000000000003
wearable,wet_to_dry,1.0,102,20260931,0.8250000000000001
wearable,wet_to_dry,1.2,1,20260929,0.075
wearable,wet_to_dry,1.2,2,20260929,0.20000000000000004
wearable,wet_to_dry,1.2,3,20260929,0.325
wearable,wet_to_dry,1.2,4,20260929,0.9
wearable,wet_to_dry,1.2,5,20260929,0.4666666666666666
wearable,wet_to_dry,1.2,6,20260929,0.11666666666666668
wearable,wet_to_dry,1.2,7,20260929,0.725
wearable,wet_to_dry,1.2,8,20260929,0.7000000000000001
wearable,wet_to_dry,1.2,9,20260929,0.4333333333333333
wearable,wet_to_dry,1.2,10,20260929,0.041666666666666664
wearable,wet_to_dry,1.2,11,20260929,0.6666666666666666
wearable,wet_to_dry,1.2,12,20260929,0.4166666666666667
wearable,wet_to_dry,1.2,13,20260929,0.5750000000000001
wearable,wet_to_dry,1.2,14,20260929,0.30833333333333335
wearable,wet_to_dry,1.2,15,20260929,0.3583333333333334
wearable,wet_to_dry,1.2,16,20260929,0.4583333333333334
wearable,wet_to_dry,1.2,17,20260929,0.75
wearable,wet_to_dry,1.2,18,20260929,0.7333333333333333
wearable,wet_to_dry,1.2,19,20260929,0.8333333333333334
wearable,wet_to_dry,1.2,20,20260929,0.6166666666666666
wearable,wet_to_dry,1.2,21,20260929,0.35833333333333334
wearable,wet_to_dry,1.2,22,20260929,0.20833333333333337
wearable,wet_to_dry,1.2,23,20260929,0.3
wearable,wet_to_dry,1.2,24,20260929,0.8416666666666668
wearable,wet_to_dry,1.2,25,20260929,0.2166666666666667
wearable,wet_to_dry,1.2,26,20260929,0.03333333333333333
wearable,wet_to_dry,1.2,27,20260929,0.125
wearable,wet_to_dry,1.2,28,20260929,0.20833333333333337
wearable,wet_to_dry,1.2,29,20260929,0.8166666666666668
wearable,wet_to_dry,1.2,30,20260929,0.9
wearable,wet_to_dry,1.2,31,20260929,0.8833333333333333
wearable,wet_to_dry,1.2,32,20260929,0.49999999999999994
wearable,wet_to_dry,1.2,33,20260929,0.46666666666666673
wearable,wet_to_dry,1.2,34,20260929,0.40833333333333327
wearable,wet_to_dry,1.2,35,20260929,0.13333333333333336
wearable,wet_to_dry,1.2,36,20260929,0.4583333333333333
wearable,wet_to_dry,1.2,37,20260929,0.38333333333333336
wearable,wet_to_dry,1.2,38,20260929,0.9416666666666668
wearable,wet_to_dry,1.2,39,20260929,0.26666666666666666
wearable,wet_to_dry,1.2,40,20260929,0.24166666666666667
wearable,wet_to_dry,1.2,41,20260929,0.4416666666666667
wearable,wet_to_dry,1.2,42,20260929,0.425
wearable,wet_to_dry,1.2,43,20260929,0.075
wearable,wet_to_dry,1.2,44,20260929,0.10000000000000002
wearable,wet_to_dry,1.2,45,20260929,0.11666666666666668
wearable,wet_to_dry,1.2,46,20260929,0.44999999999999996
wearable,wet_to_dry,1.2,47,20260929,0.05000000000000001
wearable,wet_to_dry,1.2,48,20260929,0.22499999999999998
wearable,wet_to_dry,1.2,49,20260929,0.21666666666666667
wearable,wet_to_dry,1.2,50,20260929,0.65
wearable,wet_to_dry,1.2,51,20260929,0.2833333333333334
wearable,wet_to_dry,1.2,52,20260929,0.775
wearable,wet_to_dry,1.2,53,20260929,0.7833333333333335
wearable,wet_to_dry,1.2,54,20260929,0.85
wearable,wet_to_dry,1.2,55,20260929,0.21666666666666665
wearable,wet_to_dry,1.2,56,20260929,0.16666666666666666
wearable,wet_to_dry,1.2,57,20260929,0.13333333333333333
wearable,wet_to_dry,1.2,58,20260929,0.6250000000000001
wearable,wet_to_dry,1.2,59,20260929,0.10833333333333334
wearable,wet_to_dry,1.2,60,20260929,0.15
wearable,wet_to_dry,1.2,61,20260929,0.5333333333333333
wearable,wet_to_dry,1.2,62,20260929,0.5499999999999999
wearable,wet_to_dry,1.2,63,20260929,0.06666666666666667
wearable,wet_to_dry,1.2,64,20260929,0.09166666666666667
wearable,wet_to_dry,1.2,65,20260929,0.6000000000000001
wearable,wet_to_dry,1.2,66,20260929,0.7000000000000001
wearable,wet_to_dry,1.2,67,20260929,0.049999999999999996
wearable,wet_to_dry,1.2,68,20260929,0.7583333333333333
wearable,wet_to_dry,1.2,69,20260929,0.8250000000000001
wearable,wet_to_dry,1.2,70,20260929,0.3666666666666667
wearable,wet_to_dry,1.2,71,20260929,0.13333333333333333
wearable,wet_to_dry,1.2,72,20260929,0.3833333333333333
wearable,wet_to_dry,1.2,73,20260929,0.25833333333333336
wearable,wet_to_dry,1.2,74,20260929,0.25833333333333336
wearable,wet_to_dry,1.2,75,20260929,0.15833333333333333
wearable,wet_to_dry,1.2,76,20260929,0.15833333333333335
wearable,wet_to_dry,1.2,77,20260929,0.4083333333333334
wearable,wet_to_dry,1.2,78,20260929,0.19166666666666668
wearable,wet_to_dry,1.2,79,20260929,0.9249999999999999
wearable,wet_to_dry,1.2,80,20260929,0.375
wearable,wet_to_dry,1.2,81,20260929,0.10833333333333332
wearable,wet_to_dry,1.2,82,20260929,0.5833333333333333
wearable,wet_to_dry,1.2,83,20260929,0.42500000000000004
wearable,wet_to_dry,1.2,84,20260929,0.8250000000000001
wearable,wet_to_dry,1.2,85,20260929,0.18333333333333335
wearable,wet_to_dry,1.2,86,20260929,0.05000000000000001
wearable,wet_to_dry,1.2,87,20260929,0.8916666666666667
wearable,wet_to_dry,1.2,88,20260929,0.39999999999999997
wearable,wet_to_dry,1.2,89,20260929,0.18333333333333335
wearable,wet_to_dry,1.2,90,20260929,0.27499999999999997
wearable,wet_to_dry,1.2,91,20260929,0.43333333333333335
wearable,wet_to_dry,1.2,92,20260929,0.33333333333333326
wearable,wet_to_dry,1.2,93,20260929,0.7333333333333334
wearable,wet_to_dry,1.2,94,20260929,0.3333333333333333
wearable,wet_to_dry,1.2,95,20260929,0.5333333333333333
wearable,wet_to_dry,1.2,96,20260929,0.13333333333333333
wearable,wet_to_dry,1.2,97,20260929,0.13333333333333333
wearable,wet_to_dry,1.2,98,20260929,0.8249999999999998
wearable,wet_to_dry,1.2,99,20260929,0.75
wearable,wet_to_dry,1.2,100,20260929,0.7666666666666667
wearable,wet_to_dry,1.2,101,20260929,0.4666666666666666
wearable,wet_to_dry,1.2,102,20260929,0.8500000000000001
wearable,wet_to_dry,1.2,1,20260930,0.15833333333333335
wearable,wet_to_dry,1.2,2,20260930,0.19166666666666665
wearable,wet_to_dry,1.2,3,20260930,0.31666666666666665
wearable,wet_to_dry,1.2,4,20260930,0.9000000000000002
wearable,wet_to_dry,1.2,5,20260930,0.25
wearable,wet_to_dry,1.2,6,20260930,0.19999999999999998
wearable,wet_to_dry,1.2,7,20260930,0.8000000000000002
wearable,wet_to_dry,1.2,8,20260930,0.6749999999999999
wearable,wet_to_dry,1.2,9,20260930,0.2833333333333333
wearable,wet_to_dry,1.2,10,20260930,0.05833333333333333
wearable,wet_to_dry,1.2,11,20260930,0.6083333333333334
wearable,wet_to_dry,1.2,12,20260930,0.4333333333333334
wearable,wet_to_dry,1.2,13,20260930,0.5833333333333334
wearable,wet_to_dry,1.2,14,20260930,0.09166666666666667
wearable,wet_to_dry,1.2,15,20260930,0.34166666666666673
wearable,wet_to_dry,1.2,16,20260930,0.43333333333333335
wearable,wet_to_dry,1.2,17,20260930,0.7416666666666667
wearable,wet_to_dry,1.2,18,20260930,0.775
wearable,wet_to_dry,1.2,19,20260930,0.8833333333333333
wearable,wet_to_dry,1.2,20,20260930,0.5333333333333333
wearable,wet_to_dry,1.2,21,20260930,0.35000000000000003
wearable,wet_to_dry,1.2,22,20260930,0.17500000000000002
wearable,wet_to_dry,1.2,23,20260930,0.2416666666666667
wearable,wet_to_dry,1.2,24,20260930,0.875
wearable,wet_to_dry,1.2,25,20260930,0.26666666666666666
wearable,wet_to_dry,1.2,26,20260930,0.075
wearable,wet_to_dry,1.2,27,20260930,0.10833333333333335
wearable,wet_to_dry,1.2,28,20260930,0.19166666666666668
wearable,wet_to_dry,1.2,29,20260930,0.85
wearable,wet_to_dry,1.2,30,20260930,0.8416666666666667
wearable,wet_to_dry,1.2,31,20260930,0.9500000000000001
wearable,wet_to_dry,1.2,32,20260930,0.46666666666666673
wearable,wet_to_dry,1.2,33,20260930,0.41666666666666674
wearable,wet_to_dry,1.2,34,20260930,0.39999999999999997
wearable,wet_to_dry,1.2,35,20260930,0.13333333333333333
wearable,wet_to_dry,1.2,36,20260930,0.3833333333333333
wearable,wet_to_dry,1.2,37,20260930,0.3083333333333334
wearable,wet_to_dry,1.2,38,20260930,0.9166666666666669
wearable,wet_to_dry,1.2,39,20260930,0.325
wearable,wet_to_dry,1.2,40,20260930,0.15833333333333335
wearable,wet_to_dry,1.2,41,20260930,0.5000000000000001
wearable,wet_to_dry,1.2,42,20260930,0.35000000000000003
wearable,wet_to_dry,1.2,43,20260930,0.05833333333333334
wearable,wet_to_dry,1.2,44,20260930,0.10000000000000002
wearable,wet_to_dry,1.2,45,20260930,0.1416666666666667
wearable,wet_to_dry,1.2,46,20260930,0.42500000000000004
wearable,wet_to_dry,1.2,47,20260930,0.06666666666666667
wearable,wet_to_dry,1.2,48,20260930,0.24166666666666667
wearable,wet_to_dry,1.2,49,20260930,0.18333333333333335
wearable,wet_to_dry,1.2,50,20260930,0.6749999999999999
wearable,wet_to_dry,1.2,51,20260930,0.25000000000000006
wearable,wet_to_dry,1.2,52,20260930,0.7999999999999999
wearable,wet_to_dry,1.2,53,20260930,0.8083333333333335
wearable,wet_to_dry,1.2,54,20260930,0.8833333333333334
wearable,wet_to_dry,1.2,55,20260930,0.36666666666666664
wearable,wet_to_dry,1.2,56,20260930,0.10833333333333334
wearable,wet_to_dry,1.2,57,20260930,0.15000000000000002
wearable,wet_to_dry,1.2,58,20260930,0.6249999999999999
wearable,wet_to_dry,1.2,59,20260930,0.125
wearable,wet_to_dry,1.2,60,20260930,0.1416666666666667
wearable,wet_to_dry,1.2,61,20260930,0.5083333333333333
wearable,wet_to_dry,1.2,62,20260930,0.5499999999999999
wearable,wet_to_dry,1.2,63,20260930,0.025000000000000005
wearable,wet_to_dry,1.2,64,20260930,0.049999999999999996
wearable,wet_to_dry,1.2,65,20260930,0.4416666666666666
wearable,wet_to_dry,1.2,66,20260930,0.7000000000000001
wearable,wet_to_dry,1.2,67,20260930,0.041666666666666664
wearable,wet_to_dry,1.2,68,20260930,0.725
wearable,wet_to_dry,1.2,69,20260930,0.8333333333333335
wearable,wet_to_dry,1.2,70,20260930,0.32499999999999996
wearable,wet_to_dry,1.2,71,20260930,0.15
wearable,wet_to_dry,1.2,72,20260930,0.39166666666666666
wearable,wet_to_dry,1.2,73,20260930,0.2166666666666667
wearable,wet_to_dry,1.2,74,20260930,0.23333333333333336
wearable,wet_to_dry,1.2,75,20260930,0.3
wearable,wet_to_dry,1.2,76,20260930,0.17500000000000002
wearable,wet_to_dry,1.2,77,20260930,0.3416666666666666
wearable,wet_to_dry,1.2,78,20260930,0.1166666666666667
wearable,wet_to_dry,1.2,79,20260930,0.9500000000000001
wearable,wet_to_dry,1.2,80,20260930,0.4166666666666667
wearable,wet_to_dry,1.2,81,20260930,0.06666666666666667
wearable,wet_to_dry,1.2,82,20260930,0.5833333333333334
wearable,wet_to_dry,1.2,83,20260930,0.5833333333333334
wearable,wet_to_dry,1.2,84,20260930,0.7916666666666666
wearable,wet_to_dry,1.2,85,20260930,0.24166666666666667
wearable,wet_to_dry,1.2,86,20260930,0.05833333333333333
wearable,wet_to_dry,1.2,87,20260930,0.9
wearable,wet_to_dry,1.2,88,20260930,0.3499999999999999
wearable,wet_to_dry,1.2,89,20260930,0.2916666666666667
wearable,wet_to_dry,1.2,90,20260930,0.3666666666666667
wearable,wet_to_dry,1.2,91,20260930,0.4166666666666667
wearable,wet_to_dry,1.2,92,20260930,0.325
wearable,wet_to_dry,1.2,93,20260930,0.65
wearable,wet_to_dry,1.2,94,20260930,0.46666666666666673
wearable,wet_to_dry,1.2,95,20260930,0.47500000000000003
wearable,wet_to_dry,1.2,96,20260930,0.08333333333333333
wearable,wet_to_dry,1.2,97,20260930,0.18333333333333332
wearable,wet_to_dry,1.2,98,20260930,0.7833333333333333
wearable,wet_to_dry,1.2,99,20260930,0.7083333333333334
wearable,wet_to_dry,1.2,100,20260930,0.7333333333333333
wearable,wet_to_dry,1.2,101,20260930,0.3833333333333333
wearable,wet_to_dry,1.2,102,20260930,0.875
wearable,wet_to_dry,1.2,1,20260931,0.08333333333333333
wearable,wet_to_dry,1.2,2,20260931,0.24166666666666667
wearable,wet_to_dry,1.2,3,20260931,0.3333333333333333
wearable,wet_to_dry,1.2,4,20260931,0.9000000000000002
wearable,wet_to_dry,1.2,5,20260931,0.4749999999999999
wearable,wet_to_dry,1.2,6,20260931,0.25
wearable,wet_to_dry,1.2,7,20260931,0.8166666666666665
wearable,wet_to_dry,1.2,8,20260931,0.6916666666666668
wearable,wet_to_dry,1.2,9,20260931,0.35000000000000003
wearable,wet_to_dry,1.2,10,20260931,0.041666666666666664
wearable,wet_to_dry,1.2,11,20260931,0.6749999999999999
wearable,wet_to_dry,1.2,12,20260931,0.325
wearable,wet_to_dry,1.2,13,20260931,0.5916666666666667
wearable,wet_to_dry,1.2,14,20260931,0.225
wearable,wet_to_dry,1.2,15,20260931,0.3166666666666667
wearable,wet_to_dry,1.2,16,20260931,0.46666666666666673
wearable,wet_to_dry,1.2,17,20260931,0.775
wearable,wet_to_dry,1.2,18,20260931,0.6916666666666668
wearable,wet_to_dry,1.2,19,20260931,0.8583333333333333
wearable,wet_to_dry,1.2,20,20260931,0.6166666666666667
wearable,wet_to_dry,1.2,21,20260931,0.35000000000000003
wearable,wet_to_dry,1.2,22,20260931,0.15833333333333333
wearable,wet_to_dry,1.2,23,20260931,0.5750000000000001
wearable,wet_to_dry,1.2,24,20260931,0.85
wearable,wet_to_dry,1.2,25,20260931,0.25000000000000006
wearable,wet_to_dry,1.2,26,20260931,0.06666666666666667
wearable,wet_to_dry,1.2,27,20260931,0.025000000000000005
wearable,wet_to_dry,1.2,28,20260931,0.275
wearable,wet_to_dry,1.2,29,20260931,0.8250000000000001
wearable,wet_to_dry,1.2,30,20260931,0.8916666666666666
wearable,wet_to_dry,1.2,31,20260931,0.8583333333333334
wearable,wet_to_dry,1.2,32,20260931,0.5166666666666666
wearable,wet_to_dry,1.2,33,20260931,0.48333333333333334
wearable,wet_to_dry,1.2,34,20260931,0.4083333333333334
wearable,wet_to_dry,1.2,35,20260931,0.11666666666666668
wearable,wet_to_dry,1.2,36,20260931,0.40833333333333327
wearable,wet_to_dry,1.2,37,20260931,0.36666666666666664
wearable,wet_to_dry,1.2,38,20260931,0.9416666666666668
wearable,wet_to_dry,1.2,39,20260931,0.3833333333333333
wearable,wet_to_dry,1.2,40,20260931,0.11666666666666668
wearable,wet_to_dry,1.2,41,20260931,0.5083333333333333
wearable,wet_to_dry,1.2,42,20260931,0.35000000000000003
wearable,wet_to_dry,1.2,43,20260931,0.03333333333333333
wearable,wet_to_dry,1.2,44,20260931,0.10000000000000002
wearable,wet_to_dry,1.2,45,20260931,0.13333333333333333
wearable,wet_to_dry,1.2,46,20260931,0.4166666666666667
wearable,wet_to_dry,1.2,47,20260931,0.05833333333333334
wearable,wet_to_dry,1.2,48,20260931,0.26666666666666666
wearable,wet_to_dry,1.2,49,20260931,0.17500000000000002
wearable,wet_to_dry,1.2,50,20260931,0.625
wearable,wet_to_dry,1.2,51,20260931,0.325
wearable,wet_to_dry,1.2,52,20260931,0.7666666666666667
wearable,wet_to_dry,1.2,53,20260931,0.7999999999999999
wearable,wet_to_dry,1.2,54,20260931,0.9166666666666666
wearable,wet_to_dry,1.2,55,20260931,0.2916666666666667
wearable,wet_to_dry,1.2,56,20260931,0.20833333333333337
wearable,wet_to_dry,1.2,57,20260931,0.15000000000000002
wearable,wet_to_dry,1.2,58,20260931,0.625
wearable,wet_to_dry,1.2,59,20260931,0.075
wearable,wet_to_dry,1.2,60,20260931,0.10000000000000002
wearable,wet_to_dry,1.2,61,20260931,0.525
wearable,wet_to_dry,1.2,62,20260931,0.5749999999999998
wearable,wet_to_dry,1.2,63,20260931,0.049999999999999996
wearable,wet_to_dry,1.2,64,20260931,0.06666666666666667
wearable,wet_to_dry,1.2,65,20260931,0.5499999999999999
wearable,wet_to_dry,1.2,66,20260931,0.6916666666666668
wearable,wet_to_dry,1.2,67,20260931,0.025000000000000005
wearable,wet_to_dry,1.2,68,20260931,0.6916666666666668
wearable,wet_to_dry,1.2,69,20260931,0.9
wearable,wet_to_dry,1.2,70,20260931,0.3083333333333333
wearable,wet_to_dry,1.2,71,20260931,0.1666666666666667
wearable,wet_to_dry,1.2,72,20260931,0.37499999999999994
wearable,wet_to_dry,1.2,73,20260931,0.18333333333333335
wearable,wet_to_dry,1.2,74,20260931,0.2416666666666667
wearable,wet_to_dry,1.2,75,20260931,0.19999999999999998
wearable,wet_to_dry,1.2,76,20260931,0.15833333333333335
wearable,wet_to_dry,1.2,77,20260931,0.44166666666666665
wearable,wet_to_dry,1.2,78,20260931,0.09166666666666667
wearable,wet_to_dry,1.2,79,20260931,0.9083333333333333
wearable,wet_to_dry,1.2,80,20260931,0.325
wearable,wet_to_dry,1.2,81,20260931,0.075
wearable,wet_to_dry,1.2,82,20260931,0.6333333333333333
wearable,wet_to_dry,1.2,83,20260931,0.5916666666666667
wearable,wet_to_dry,1.2,84,20260931,0.85
wearable,wet_to_dry,1.2,85,20260931,0.2833333333333334
wearable,wet_to_dry,1.2,86,20260931,0.09166666666666667
wearable,wet_to_dry,1.2,87,20260931,0.8666666666666667
wearable,wet_to_dry,1.2,88,20260931,0.4166666666666667
wearable,wet_to_dry,1.2,89,20260931,0.31666666666666665
wearable,wet_to_dry,1.2,90,20260931,0.35833333333333334
wearable,wet_to_dry,1.2,91,20260931,0.4749999999999999
wearable,wet_to_dry,1.2,92,20260931,0.3
wearable,wet_to_dry,1.2,93,20260931,0.6249999999999999
wearable,wet_to_dry,1.2,94,20260931,0.5499999999999999
wearable,wet_to_dry,1.2,95,20260931,0.43333333333333335
wearable,wet_to_dry,1.2,96,20260931,0.13333333333333333
wearable,wet_to_dry,1.2,97,20260931,0.1666666666666667
wearable,wet_to_dry,1.2,98,20260931,0.8416666666666668
wearable,wet_to_dry,1.2,99,20260931,0.7083333333333334
wearable,wet_to_dry,1.2,100,20260931,0.6749999999999999
wearable,wet_to_dry,1.2,101,20260931,0.4166666666666667
wearable,wet_to_dry,1.2,102,20260931,0.8666666666666667
wearable,wet_to_dry,1.5,1,20260929,0.07500000000000001
wearable,wet_to_dry,1.5,2,20260929,0.23333333333333336
wearable,wet_to_dry,1.5,3,20260929,0.3666666666666667
wearable,wet_to_dry,1.5,4,20260929,0.9083333333333335
wearable,wet_to_dry,1.5,5,20260929,0.5416666666666666
wearable,wet_to_dry,1.5,6,20260929,0.13333333333333333
wearable,wet_to_dry,1.5,7,20260929,0.7416666666666667
wearable,wet_to_dry,1.5,8,20260929,0.775
wearable,wet_to_dry,1.5,9,20260929,0.4166666666666667
wearable,wet_to_dry,1.5,10,20260929,0.041666666666666664
wearable,wet_to_dry,1.5,11,20260929,0.7000000000000001
wearable,wet_to_dry,1.5,12,20260929,0.4749999999999999
wearable,wet_to_dry,1.5,13,20260929,0.7083333333333334
wearable,wet_to_dry,1.5,14,20260929,0.3499999999999999
wearable,wet_to_dry,1.5,15,20260929,0.3499999999999999
wearable,wet_to_dry,1.5,16,20260929,0.5083333333333333
wearable,wet_to_dry,1.5,17,20260929,0.7500000000000001
wearable,wet_to_dry,1.5,18,20260929,0.7916666666666669
wearable,wet_to_dry,1.5,19,20260929,0.8916666666666667
wearable,wet_to_dry,1.5,20,20260929,0.6000000000000001
wearable,wet_to_dry,1.5,21,20260929,0.4083333333333334
wearable,wet_to_dry,1.5,22,20260929,0.19166666666666668
wearable,wet_to_dry,1.5,23,20260929,0.3916666666666666
wearable,wet_to_dry,1.5,24,20260929,0.9083333333333335
wearable,wet_to_dry,1.5,25,20260929,0.22500000000000006
wearable,wet_to_dry,1.5,26,20260929,0.05833333333333333
wearable,wet_to_dry,1.5,27,20260929,0.10000000000000002
wearable,wet_to_dry,1.5,28,20260929,0.2583333333333333
wearable,wet_to_dry,1.5,29,20260929,0.9166666666666669
wearable,wet_to_dry,1.5,30,20260929,0.9333333333333335
wearable,wet_to_dry,1.5,31,20260929,0.9416666666666668
wearable,wet_to_dry,1.5,32,20260929,0.5583333333333333
wearable,wet_to_dry,1.5,33,20260929,0.5083333333333334
wearable,wet_to_dry,1.5,34,20260929,0.44166666666666665
wearable,wet_to_dry,1.5,35,20260929,0.11666666666666665
wearable,wet_to_dry,1.5,36,20260929,0.4666666666666666
wearable,wet_to_dry,1.5,37,20260929,0.4583333333333333
wearable,wet_to_dry,1.5,38,20260929,0.9666666666666667
wearable,wet_to_dry,1.5,39,20260929,0.325
wearable,wet_to_dry,1.5,40,20260929,0.27499999999999997
wearable,wet_to_dry,1.5,41,20260929,0.55
wearable,wet_to_dry,1.5,42,20260929,0.4416666666666667
wearable,wet_to_dry,1.5,43,20260929,0.041666666666666664
wearable,wet_to_dry,1.5,44,20260929,0.10000000000000002
wearable,wet_to_dry,1.5,45,20260929,0.09999999999999999
wearable,wet_to_dry,1.5,46,20260929,0.5000000000000001
wearable,wet_to_dry,1.5,47,20260929,0.06666666666666667
wearable,wet_to_dry,1.5,48,20260929,0.25833333333333336
wearable,wet_to_dry,1.5,49,20260929,0.2333333333333333
wearable,wet_to_dry,1.5,50,20260929,0.725
wearable,wet_to_dry,1.5,51,20260929,0.2833333333333333
wearable,wet_to_dry,1.5,52,20260929,0.8333333333333334
wearable,wet_to_dry,1.5,53,20260929,0.7583333333333333
wearable,wet_to_dry,1.5,54,20260929,0.9083333333333335
wearable,wet_to_dry,1.5,55,20260929,0.30833333333333335
wearable,wet_to_dry,1.5,56,20260929,0.19166666666666668
wearable,wet_to_dry,1.5,57,20260929,0.12500000000000003
wearable,wet_to_dry,1.5,58,20260929,0.6749999999999999
wearable,wet_to_dry,1.5,59,20260929,0.15
wearable,wet_to_dry,1.5,60,20260929,0.13333333333333333
wearable,wet_to_dry,1.5,61,20260929,0.5166666666666666
wearable,wet_to_dry,1.5,62,20260929,0.5583333333333332
wearable,wet_to_dry,1.5,63,20260929,0.025000000000000005
wearable,wet_to_dry,1.5,64,20260929,0.08333333333333333
wearable,wet_to_dry,1.5,65,20260929,0.5833333333333334
wearable,wet_to_dry,1.5,66,20260929,0.75
wearable,wet_to_dry,1.5,67,20260929,0.05833333333333333
wearable,wet_to_dry,1.5,68,20260929,0.8083333333333335
wearable,wet_to_dry,1.5,69,20260929,0.8166666666666668
wearable,wet_to_dry,1.5,70,20260929,0.3416666666666666
wearable,wet_to_dry,1.5,71,20260929,0.15833333333333333
wearable,wet_to_dry,1.5,72,20260929,0.4583333333333333
wearable,wet_to_dry,1.5,73,20260929,0.23333333333333336
wearable,wet_to_dry,1.5,74,20260929,0.24166666666666672
wearable,wet_to_dry,1.5,75,20260929,0.19166666666666665
wearable,wet_to_dry,1.5,76,20260929,0.16666666666666666
wearable,wet_to_dry,1.5,77,20260929,0.4250000000000001
wearable,wet_to_dry,1.5,78,20260929,0.16666666666666666
wearable,wet_to_dry,1.5,79,20260929,0.9583333333333334
wearable,wet_to_dry,1.5,80,20260929,0.44999999999999996
wearable,wet_to_dry,1.5,81,20260929,0.15000000000000002
wearable,wet_to_dry,1.5,82,20260929,0.6583333333333333
wearable,wet_to_dry,1.5,83,20260929,0.45
wearable,wet_to_dry,1.5,84,20260929,0.8833333333333334
wearable,wet_to_dry,1.5,85,20260929,0.225
wearable,wet_to_dry,1.5,86,20260929,0.041666666666666664
wearable,wet_to_dry,1.5,87,20260929,0.9249999999999999
wearable,wet_to_dry,1.5,88,20260929,0.48333333333333334
wearable,wet_to_dry,1.5,89,20260929,0.27499999999999997
wearable,wet_to_dry,1.5,90,20260929,0.39166666666666666
wearable,wet_to_dry,1.5,91,20260929,0.4666666666666666
wearable,wet_to_dry,1.5,92,20260929,0.3333333333333333
wearable,wet_to_dry,1.5,93,20260929,0.8250000000000001
wearable,wet_to_dry,1.5,94,20260929,0.4750000000000001
wearable,wet_to_dry,1.5,95,20260929,0.5083333333333334
wearable,wet_to_dry,1.5,96,20260929,0.10000000000000002
wearable,wet_to_dry,1.5,97,20260929,0.20000000000000004
wearable,wet_to_dry,1.5,98,20260929,0.8666666666666667
wearable,wet_to_dry,1.5,99,20260929,0.7833333333333333
wearable,wet_to_dry,1.5,100,20260929,0.7916666666666669
wearable,wet_to_dry,1.5,101,20260929,0.5083333333333333
wearable,wet_to_dry,1.5,102,20260929,0.8916666666666667
wearable,wet_to_dry,1.5,1,20260930,0.16666666666666666
wearable,wet_to_dry,1.5,2,20260930,0.225
wearable,wet_to_dry,1.5,3,20260930,0.375
wearable,wet_to_dry,1.5,4,20260930,0.9
wearable,wet_to_dry,1.5,5,20260930,0.3333333333333334
wearable,wet_to_dry,1.5,6,20260930,0.21666666666666667
wearable,wet_to_dry,1.5,7,20260930,0.8250000000000001
wearable,wet_to_dry,1.5,8,20260930,0.7333333333333334
wearable,wet_to_dry,1.5,9,20260930,0.3166666666666667
wearable,wet_to_dry,1.5,10,20260930,0.05833333333333333
wearable,wet_to_dry,1.5,11,20260930,0.65
wearable,wet_to_dry,1.5,12,20260930,0.525
wearable,wet_to_dry,1.5,13,20260930,0.6916666666666665
wearable,wet_to_dry,1.5,14,20260930,0.11666666666666668
wearable,wet_to_dry,1.5,15,20260930,0.35833333333333334
wearable,wet_to_dry,1.5,16,20260930,0.575
wearable,wet_to_dry,1.5,17,20260930,0.7583333333333334
wearable,wet_to_dry,1.5,18,20260930,0.7916666666666666
wearable,wet_to_dry,1.5,19,20260930,0.8916666666666667
wearable,wet_to_dry,1.5,20,20260930,0.5583333333333333
wearable,wet_to_dry,1.5,21,20260930,0.41666666666666674
wearable,wet_to_dry,1.5,22,20260930,0.14166666666666664
wearable,wet_to_dry,1.5,23,20260930,0.22500000000000006
wearable,wet_to_dry,1.5,24,20260930,0.8583333333333335
wearable,wet_to_dry,1.5,25,20260930,0.2666666666666667
wearable,wet_to_dry,1.5,26,20260930,0.041666666666666664
wearable,wet_to_dry,1.5,27,20260930,0.08333333333333336
wearable,wet_to_dry,1.5,28,20260930,0.20833333333333337
wearable,wet_to_dry,1.5,29,20260930,0.9250000000000002
wearable,wet_to_dry,1.5,30,20260930,0.9
wearable,wet_to_dry,1.5,31,20260930,0.9249999999999999
wearable,wet_to_dry,1.5,32,20260930,0.5916666666666667
wearable,wet_to_dry,1.5,33,20260930,0.45
wearable,wet_to_dry,1.5,34,20260930,0.42500000000000004
wearable,wet_to_dry,1.5,35,20260930,0.11666666666666668
wearable,wet_to_dry,1.5,36,20260930,0.4916666666666667
wearable,wet_to_dry,1.5,37,20260930,0.45833333333333326
wearable,wet_to_dry,1.5,38,20260930,0.9416666666666668
wearable,wet_to_dry,1.5,39,20260930,0.3416666666666666
wearable,wet_to_dry,1.5,40,20260930,0.125
wearable,wet_to_dry,1.5,41,20260930,0.5333333333333334
wearable,wet_to_dry,1.5,42,20260930,0.4583333333333333
wearable,wet_to_dry,1.5,43,20260930,0.03333333333333333
wearable,wet_to_dry,1.5,44,20260930,0.13333333333333336
wearable,wet_to_dry,1.5,45,20260930,0.15833333333333335
wearable,wet_to_dry,1.5,46,20260930,0.4416666666666667
wearable,wet_to_dry,1.5,47,20260930,0.10000000000000002
wearable,wet_to_dry,1.5,48,20260930,0.19166666666666668
wearable,wet_to_dry,1.5,49,20260930,0.19166666666666668
wearable,wet_to_dry,1.5,50,20260930,0.7000000000000001
wearable,wet_to_dry,1.5,51,20260930,0.26666666666666666
wearable,wet_to_dry,1.5,52,20260930,0.85
wearable,wet_to_dry,1.5,53,20260930,0.7833333333333333
wearable,wet_to_dry,1.5,54,20260930,0.9333333333333335
wearable,wet_to_dry,1.5,55,20260930,0.39999999999999997
wearable,wet_to_dry,1.5,56,20260930,0.06666666666666667
wearable,wet_to_dry,1.5,57,20260930,0.1666666666666667
wearable,wet_to_dry,1.5,58,20260930,0.65
wearable,wet_to_dry,1.5,59,20260930,0.10000000000000002
wearable,wet_to_dry,1.5,60,20260930,0.10000000000000002
wearable,wet_to_dry,1.5,61,20260930,0.4749999999999999
wearable,wet_to_dry,1.5,62,20260930,0.5916666666666667
wearable,wet_to_dry,1.5,63,20260930,0.008333333333333333
wearable,wet_to_dry,1.5,64,20260930,0.049999999999999996
wearable,wet_to_dry,1.5,65,20260930,0.49166666666666664
wearable,wet_to_dry,1.5,66,20260930,0.7416666666666667
wearable,wet_to_dry,1.5,67,20260930,0.03333333333333333
wearable,wet_to_dry,1.5,68,20260930,0.7916666666666666
wearable,wet_to_dry,1.5,69,20260930,0.8333333333333335
wearable,wet_to_dry,1.5,70,20260930,0.3166666666666666
wearable,wet_to_dry,1.5,71,20260930,0.16666666666666666
wearable,wet_to_dry,1.5,72,20260930,0.42500000000000004
wearable,wet_to_dry,1.5,73,20260930,0.15833333333333335
wearable,wet_to_dry,1.5,74,20260930,0.21666666666666667
wearable,wet_to_dry,1.5,75,20260930,0.225
wearable,wet_to_dry,1.5,76,20260930,0.15833333333333335
wearable,wet_to_dry,1.5,77,20260930,0.37499999999999994
wearable,wet_to_dry,1.5,78,20260930,0.15000000000000002
wearable,wet_to_dry,1.5,79,20260930,0.9416666666666668
wearable,wet_to_dry,1.5,80,20260930,0.4583333333333333
wearable,wet_to_dry,1.5,81,20260930,0.09166666666666667
wearable,wet_to_dry,1.5,82,20260930,0.65
wearable,wet_to_dry,1.5,83,20260930,0.5916666666666667
wearable,wet_to_dry,1.5,84,20260930,0.875
wearable,wet_to_dry,1.5,85,20260930,0.2416666666666667
wearable,wet_to_dry,1.5,86,20260930,0.025000000000000005
wearable,wet_to_dry,1.5,87,20260930,0.9166666666666666
wearable,wet_to_dry,1.5,88,20260930,0.425
wearable,wet_to_dry,1.5,89,20260930,0.29166666666666674
wearable,wet_to_dry,1.5,90,20260930,0.3666666666666667
wearable,wet_to_dry,1.5,91,20260930,0.46666666666666673
wearable,wet_to_dry,1.5,92,20260930,0.39999999999999997
wearable,wet_to_dry,1.5,93,20260930,0.65
wearable,wet_to_dry,1.5,94,20260930,0.5166666666666667
wearable,wet_to_dry,1.5,95,20260930,0.49166666666666653
wearable,wet_to_dry,1.5,96,20260930,0.10000000000000002
wearable,wet_to_dry,1.5,97,20260930,0.21666666666666667
wearable,wet_to_dry,1.5,98,20260930,0.8083333333333332
wearable,wet_to_dry,1.5,99,20260930,0.7583333333333333
wearable,wet_to_dry,1.5,100,20260930,0.7999999999999998
wearable,wet_to_dry,1.5,101,20260930,0.4166666666666666
wearable,wet_to_dry,1.5,102,20260930,0.9
wearable,wet_to_dry,1.5,1,20260931,0.09166666666666666
wearable,wet_to_dry,1.5,2,20260931,0.27499999999999997
wearable,wet_to_dry,1.5,3,20260931,0.4583333333333333
wearable,wet_to_dry,1.5,4,20260931,0.9166666666666669
wearable,wet_to_dry,1.5,5,20260931,0.4666666666666666
wearable,wet_to_dry,1.5,6,20260931,0.18333333333333335
wearable,wet_to_dry,1.5,7,20260931,0.7999999999999999
wearable,wet_to_dry,1.5,8,20260931,0.7416666666666666
wearable,wet_to_dry,1.5,9,20260931,0.4083333333333334
wearable,wet_to_dry,1.5,10,20260931,0.049999999999999996
wearable,wet_to_dry,1.5,11,20260931,0.7416666666666667
wearable,wet_to_dry,1.5,12,20260931,0.39999999999999997
wearable,wet_to_dry,1.5,13,20260931,0.7000000000000001
wearable,wet_to_dry,1.5,14,20260931,0.25833333333333336
wearable,wet_to_dry,1.5,15,20260931,0.3
wearable,wet_to_dry,1.5,16,20260931,0.4833333333333334
wearable,wet_to_dry,1.5,17,20260931,0.7916666666666666
wearable,wet_to_dry,1.5,18,20260931,0.7833333333333333
wearable,wet_to_dry,1.5,19,20260931,0.8666666666666667
wearable,wet_to_dry,1.5,20,20260931,0.6083333333333333
wearable,wet_to_dry,1.5,21,20260931,0.4333333333333334
wearable,wet_to_dry,1.5,22,20260931,0.15833333333333335
wearable,wet_to_dry,1.5,23,20260931,0.6416666666666666
wearable,wet_to_dry,1.5,24,20260931,0.9
wearable,wet_to_dry,1.5,25,20260931,0.30000000000000004
wearable,wet_to_dry,1.5,26,20260931,0.075
wearable,wet_to_dry,1.5,27,20260931,0.049999999999999996
wearable,wet_to_dry,1.5,28,20260931,0.2833333333333334
wearable,wet_to_dry,1.5,29,20260931,0.9249999999999999
wearable,wet_to_dry,1.5,30,20260931,0.8666666666666667
wearable,wet_to_dry,1.5,31,20260931,0.8999999999999999
wearable,wet_to_dry,1.5,32,20260931,0.575
wearable,wet_to_dry,1.5,33,20260931,0.48333333333333334
wearable,wet_to_dry,1.5,34,20260931,0.40833333333333327
wearable,wet_to_dry,1.5,35,20260931,0.1416666666666667
wearable,wet_to_dry,1.5,36,20260931,0.39166666666666666
wearable,wet_to_dry,1.5,37,20260931,0.45
wearable,wet_to_dry,1.5,38,20260931,0.9333333333333332
wearable,wet_to_dry,1.5,39,20260931,0.44166666666666665
wearable,wet_to_dry,1.5,40,20260931,0.1416666666666667
wearable,wet_to_dry,1.5,41,20260931,0.5833333333333334
wearable,wet_to_dry,1.5,42,20260931,0.39999999999999997
wearable,wet_to_dry,1.5,43,20260931,0.03333333333333333
wearable,wet_to_dry,1.5,44,20260931,0.075
wearable,wet_to_dry,1.5,45,20260931,0.1416666666666667
wearable,wet_to_dry,1.5,46,20260931,0.4333333333333333
wearable,wet_to_dry,1.5,47,20260931,0.06666666666666667
wearable,wet_to_dry,1.5,48,20260931,0.30833333333333335
wearable,wet_to_dry,1.5,49,20260931,0.19166666666666668
wearable,wet_to_dry,1.5,50,20260931,0.6583333333333333
wearable,wet_to_dry,1.5,51,20260931,0.30833333333333335
wearable,wet_to_dry,1.5,52,20260931,0.7916666666666666
wearable,wet_to_dry,1.5,53,20260931,0.775
wearable,wet_to_dry,1.5,54,20260931,0.9583333333333334
wearable,wet_to_dry,1.5,55,20260931,0.3083333333333333
wearable,wet_to_dry,1.5,56,20260931,0.20000000000000004
wearable,wet_to_dry,1.5,57,20260931,0.13333333333333336
wearable,wet_to_dry,1.5,58,20260931,0.6749999999999999
wearable,wet_to_dry,1.5,59,20260931,0.10833333333333334
wearable,wet_to_dry,1.5,60,20260931,0.10833333333333334
wearable,wet_to_dry,1.5,61,20260931,0.5083333333333333
wearable,wet_to_dry,1.5,62,20260931,0.6333333333333334
wearable,wet_to_dry,1.5,63,20260931,0.041666666666666664
wearable,wet_to_dry,1.5,64,20260931,0.05833333333333334
wearable,wet_to_dry,1.5,65,20260931,0.5499999999999999
wearable,wet_to_dry,1.5,66,20260931,0.7166666666666668
wearable,wet_to_dry,1.5,67,20260931,0.041666666666666664
wearable,wet_to_dry,1.5,68,20260931,0.7916666666666665
wearable,wet_to_dry,1.5,69,20260931,0.9000000000000002
wearable,wet_to_dry,1.5,70,20260931,0.29999999999999993
wearable,wet_to_dry,1.5,71,20260931,0.17500000000000002
wearable,wet_to_dry,1.5,72,20260931,0.4666666666666666
wearable,wet_to_dry,1.5,73,20260931,0.18333333333333335
wearable,wet_to_dry,1.5,74,20260931,0.225
wearable,wet_to_dry,1.5,75,20260931,0.18333333333333332
wearable,wet_to_dry,1.5,76,20260931,0.1333333333333334
wearable,wet_to_dry,1.5,77,20260931,0.4749999999999999
wearable,wet_to_dry,1.5,78,20260931,0.13333333333333333
wearable,wet_to_dry,1.5,79,20260931,0.9583333333333334
wearable,wet_to_dry,1.5,80,20260931,0.39999999999999997
wearable,wet_to_dry,1.5,81,20260931,0.09166666666666666
wearable,wet_to_dry,1.5,82,20260931,0.6666666666666666
wearable,wet_to_dry,1.5,83,20260931,0.6
wearable,wet_to_dry,1.5,84,20260931,0.8416666666666667
wearable,wet_to_dry,1.5,85,20260931,0.3666666666666667
wearable,wet_to_dry,1.5,86,20260931,0.049999999999999996
wearable,wet_to_dry,1.5,87,20260931,0.9166666666666666
wearable,wet_to_dry,1.5,88,20260931,0.5083333333333333
wearable,wet_to_dry,1.5,89,20260931,0.375
wearable,wet_to_dry,1.5,90,20260931,0.4166666666666667
wearable,wet_to_dry,1.5,91,20260931,0.5916666666666666
wearable,wet_to_dry,1.5,92,20260931,0.3083333333333333
wearable,wet_to_dry,1.5,93,20260931,0.6666666666666666
wearable,wet_to_dry,1.5,94,20260931,0.575
wearable,wet_to_dry,1.5,95,20260931,0.4166666666666667
wearable,wet_to_dry,1.5,96,20260931,0.15
wearable,wet_to_dry,1.5,97,20260931,0.19166666666666668
wearable,wet_to_dry,1.5,98,20260931,0.875
wearable,wet_to_dry,1.5,99,20260931,0.7416666666666667
wearable,wet_to_dry,1.5,100,20260931,0.7666666666666666
wearable,wet_to_dry,1.5,101,20260931,0.4333333333333333
wearable,wet_to_dry,1.5,102,20260931,0.8916666666666667
wearable,wet_to_dry,2.0,1,20260929,0.07500000000000001
wearable,wet_to_dry,2.0,2,20260929,0.2833333333333334
wearable,wet_to_dry,2.0,3,20260929,0.45833333333333326
wearable,wet_to_dry,2.0,4,20260929,0.9250000000000002
wearable,wet_to_dry,2.0,5,20260929,0.55
wearable,wet_to_dry,2.0,6,20260929,0.18333333333333335
wearable,wet_to_dry,2.0,7,20260929,0.775
wearable,wet_to_dry,2.0,8,20260929,0.8166666666666668
wearable,wet_to_dry,2.0,9,20260929,0.5333333333333333
wearable,wet_to_dry,2.0,10,20260929,0.03333333333333333
wearable,wet_to_dry,2.0,11,20260929,0.7666666666666666
wearable,wet_to_dry,2.0,12,20260929,0.5499999999999999
wearable,wet_to_dry,2.0,13,20260929,0.7666666666666666
wearable,wet_to_dry,2.0,14,20260929,0.27499999999999997
wearable,wet_to_dry,2.0,15,20260929,0.4083333333333334
wearable,wet_to_dry,2.0,16,20260929,0.5750000000000001
wearable,wet_to_dry,2.0,17,20260929,0.8250000000000002
wearable,wet_to_dry,2.0,18,20260929,0.8416666666666668
wearable,wet_to_dry,2.0,19,20260929,0.9
wearable,wet_to_dry,2.0,20,20260929,0.6749999999999999
wearable,wet_to_dry,2.0,21,20260929,0.39999999999999997
wearable,wet_to_dry,2.0,22,20260929,0.20833333333333337
wearable,wet_to_dry,2.0,23,20260929,0.4583333333333333
wearable,wet_to_dry,2.0,24,20260929,0.9333333333333335
wearable,wet_to_dry,2.0,25,20260929,0.25833333333333336
wearable,wet_to_dry,2.0,26,20260929,0.03333333333333333
wearable,wet_to_dry,2.0,27,20260929,0.08333333333333333
wearable,wet_to_dry,2.0,28,20260929,0.2916666666666667
wearable,wet_to_dry,2.0,29,20260929,0.9416666666666668
wearable,wet_to_dry,2.0,30,20260929,0.9333333333333332
wearable,wet_to_dry,2.0,31,20260929,0.8999999999999999
wearable,wet_to_dry,2.0,32,20260929,0.6416666666666666
wearable,wet_to_dry,2.0,33,20260929,0.44999999999999996
wearable,wet_to_dry,2.0,34,20260929,0.5333333333333333
wearable,wet_to_dry,2.0,35,20260929,0.15
wearable,wet_to_dry,2.0,36,20260929,0.47500000000000003
wearable,wet_to_dry,2.0,37,20260929,0.4166666666666667
wearable,wet_to_dry,2.0,38,20260929,0.9750000000000001
wearable,wet_to_dry,2.0,39,20260929,0.3333333333333333
wearable,wet_to_dry,2.0,40,20260929,0.24166666666666672
wearable,wet_to_dry,2.0,41,20260929,0.6166666666666666
wearable,wet_to_dry,2.0,42,20260929,0.44999999999999996
wearable,wet_to_dry,2.0,43,20260929,0.025000000000000005
wearable,wet_to_dry,2.0,44,20260929,0.13333333333333333
wearable,wet_to_dry,2.0,45,20260929,0.13333333333333333
wearable,wet_to_dry,2.0,46,20260929,0.5833333333333334
wearable,wet_to_dry,2.0,47,20260929,0.025000000000000005
wearable,wet_to_dry,2.0,48,20260929,0.25833333333333336
wearable,wet_to_dry,2.0,49,20260929,0.35000000000000003
wearable,wet_to_dry,2.0,50,20260929,0.7916666666666666
wearable,wet_to_dry,2.0,51,20260929,0.3166666666666667
wearable,wet_to_dry,2.0,52,20260929,0.8833333333333332
wearable,wet_to_dry,2.0,53,20260929,0.8583333333333334
wearable,wet_to_dry,2.0,54,20260929,0.9583333333333334
wearable,wet_to_dry,2.0,55,20260929,0.325
wearable,wet_to_dry,2.0,56,20260929,0.19166666666666668
wearable,wet_to_dry,2.0,57,20260929,0.16666666666666666
wearable,wet_to_dry,2.0,58,20260929,0.7166666666666665
wearable,wet_to_dry,2.0,59,20260929,0.10833333333333334
wearable,wet_to_dry,2.0,60,20260929,0.1416666666666667
wearable,wet_to_dry,2.0,61,20260929,0.49999999999999994
wearable,wet_to_dry,2.0,62,20260929,0.6416666666666667
wearable,wet_to_dry,2.0,63,20260929,0.041666666666666664
wearable,wet_to_dry,2.0,64,20260929,0.049999999999999996
wearable,wet_to_dry,2.0,65,20260929,0.6
wearable,wet_to_dry,2.0,66,20260929,0.775
wearable,wet_to_dry,2.0,67,20260929,0.025000000000000005
wearable,wet_to_dry,2.0,68,20260929,0.875
wearable,wet_to_dry,2.0,69,20260929,0.8166666666666669
wearable,wet_to_dry,2.0,70,20260929,0.4000000000000001
wearable,wet_to_dry,2.0,71,20260929,0.1416666666666667
wearable,wet_to_dry,2.0,72,20260929,0.46666666666666673
wearable,wet_to_dry,2.0,73,20260929,0.20000000000000004
wearable,wet_to_dry,2.0,74,20260929,0.2833333333333334
wearable,wet_to_dry,2.0,75,20260929,0.18333333333333332
wearable,wet_to_dry,2.0,76,20260929,0.21666666666666667
wearable,wet_to_dry,2.0,77,20260929,0.4583333333333334
wearable,wet_to_dry,2.0,78,20260929,0.23333333333333336
wearable,wet_to_dry,2.0,79,20260929,0.9833333333333334
wearable,wet_to_dry,2.0,80,20260929,0.5333333333333333
wearable,wet_to_dry,2.0,81,20260929,0.10833333333333334
wearable,wet_to_dry,2.0,82,20260929,0.725
wearable,wet_to_dry,2.0,83,20260929,0.5583333333333332
wearable,wet_to_dry,2.0,84,20260929,0.9166666666666669
wearable,wet_to_dry,2.0,85,20260929,0.17500000000000002
wearable,wet_to_dry,2.0,86,20260929,0.049999999999999996
wearable,wet_to_dry,2.0,87,20260929,0.975
wearable,wet_to_dry,2.0,88,20260929,0.575
wearable,wet_to_dry,2.0,89,20260929,0.2916666666666667
wearable,wet_to_dry,2.0,90,20260929,0.425
wearable,wet_to_dry,2.0,91,20260929,0.48333333333333334
wearable,wet_to_dry,2.0,92,20260929,0.3916666666666666
wearable,wet_to_dry,2.0,93,20260929,0.8166666666666668
wearable,wet_to_dry,2.0,94,20260929,0.4000000000000001
wearable,wet_to_dry,2.0,95,20260929,0.5833333333333334
wearable,wet_to_dry,2.0,96,20260929,0.12500000000000003
wearable,wet_to_dry,2.0,97,20260929,0.25833333333333336
wearable,wet_to_dry,2.0,98,20260929,0.8916666666666666
wearable,wet_to_dry,2.0,99,20260929,0.8250000000000001
wearable,wet_to_dry,2.0,100,20260929,0.8166666666666668
wearable,wet_to_dry,2.0,101,20260929,0.5499999999999999
wearable,wet_to_dry,2.0,102,20260929,0.9333333333333335
wearable,wet_to_dry,2.0,1,20260930,0.10833333333333334
wearable,wet_to_dry,2.0,2,20260930,0.2333333333333333
wearable,wet_to_dry,2.0,3,20260930,0.44166666666666665
wearable,wet_to_dry,2.0,4,20260930,0.9166666666666669
wearable,wet_to_dry,2.0,5,20260930,0.34166666666666673
wearable,wet_to_dry,2.0,6,20260930,0.2416666666666667
wearable,wet_to_dry,2.0,7,20260930,0.8833333333333334
wearable,wet_to_dry,2.0,8,20260930,0.7999999999999999
wearable,wet_to_dry,2.0,9,20260930,0.3416666666666666
wearable,wet_to_dry,2.0,10,20260930,0.041666666666666664
wearable,wet_to_dry,2.0,11,20260930,0.7000000000000001
wearable,wet_to_dry,2.0,12,20260930,0.5666666666666665
wearable,wet_to_dry,2.0,13,20260930,0.6916666666666668
wearable,wet_to_dry,2.0,14,20260930,0.14166666666666666
wearable,wet_to_dry,2.0,15,20260930,0.3499999999999999
wearable,wet_to_dry,2.0,16,20260930,0.6083333333333334
wearable,wet_to_dry,2.0,17,20260930,0.85
wearable,wet_to_dry,2.0,18,20260930,0.8416666666666667
wearable,wet_to_dry,2.0,19,20260930,0.9083333333333335
wearable,wet_to_dry,2.0,20,20260930,0.6666666666666666
wearable,wet_to_dry,2.0,21,20260930,0.3833333333333333
wearable,wet_to_dry,2.0,22,20260930,0.18333333333333332
wearable,wet_to_dry,2.0,23,20260930,0.18333333333333332
wearable,wet_to_dry,2.0,24,20260930,0.9166666666666669
wearable,wet_to_dry,2.0,25,20260930,0.3
wearable,wet_to_dry,2.0,26,20260930,0.041666666666666664
wearable,wet_to_dry,2.0,27,20260930,0.08333333333333333
wearable,wet_to_dry,2.0,28,20260930,0.2416666666666667
wearable,wet_to_dry,2.0,29,20260930,0.9500000000000001
wearable,wet_to_dry,2.0,30,20260930,0.9250000000000002
wearable,wet_to_dry,2.0,31,20260930,0.8916666666666666
wearable,wet_to_dry,2.0,32,20260930,0.5916666666666667
wearable,wet_to_dry,2.0,33,20260930,0.4583333333333333
wearable,wet_to_dry,2.0,34,20260930,0.425
wearable,wet_to_dry,2.0,35,20260930,0.15000000000000002
wearable,wet_to_dry,2.0,36,20260930,0.4666666666666666
wearable,wet_to_dry,2.0,37,20260930,0.44166666666666665
wearable,wet_to_dry,2.0,38,20260930,0.9250000000000002
wearable,wet_to_dry,2.0,39,20260930,0.41666666666666674
wearable,wet_to_dry,2.0,40,20260930,0.12499999999999999
wearable,wet_to_dry,2.0,41,20260930,0.5999999999999999
wearable,wet_to_dry,2.0,42,20260930,0.525
wearable,wet_to_dry,2.0,43,20260930,0.041666666666666664
wearable,wet_to_dry,2.0,44,20260930,0.15833333333333335
wearable,wet_to_dry,2.0,45,20260930,0.19166666666666665
wearable,wet_to_dry,2.0,46,20260930,0.5416666666666666
wearable,wet_to_dry,2.0,47,20260930,0.041666666666666664
wearable,wet_to_dry,2.0,48,20260930,0.18333333333333335
wearable,wet_to_dry,2.0,49,20260930,0.26666666666666666
wearable,wet_to_dry,2.0,50,20260930,0.7666666666666667
wearable,wet_to_dry,2.0,51,20260930,0.2833333333333334
wearable,wet_to_dry,2.0,52,20260930,0.875
wearable,wet_to_dry,2.0,53,20260930,0.8416666666666667
wearable,wet_to_dry,2.0,54,20260930,0.9250000000000002
wearable,wet_to_dry,2.0,55,20260930,0.4333333333333333
wearable,wet_to_dry,2.0,56,20260930,0.08333333333333333
wearable,wet_to_dry,2.0,57,20260930,0.19166666666666668
wearable,wet_to_dry,2.0,58,20260930,0.6416666666666667
wearable,wet_to_dry,2.0,59,20260930,0.09999999999999999
wearable,wet_to_dry,2.0,60,20260930,0.15833333333333333
wearable,wet_to_dry,2.0,61,20260930,0.4666666666666666
wearable,wet_to_dry,2.0,62,20260930,0.7000000000000001
wearable,wet_to_dry,2.0,63,20260930,0.016666666666666666
wearable,wet_to_dry,2.0,64,20260930,0.03333333333333333
wearable,wet_to_dry,2.0,65,20260930,0.4583333333333334
wearable,wet_to_dry,2.0,66,20260930,0.8166666666666668
wearable,wet_to_dry,2.0,67,20260930,0.025000000000000005
wearable,wet_to_dry,2.0,68,20260930,0.8250000000000001
wearable,wet_to_dry,2.0,69,20260930,0.8583333333333334
wearable,wet_to_dry,2.0,70,20260930,0.4083333333333334
wearable,wet_to_dry,2.0,71,20260930,0.1333333333333334
wearable,wet_to_dry,2.0,72,20260930,0.5333333333333333
wearable,wet_to_dry,2.0,73,20260930,0.2166666666666667
wearable,wet_to_dry,2.0,74,20260930,0.2833333333333334
wearable,wet_to_dry,2.0,75,20260930,0.23333333333333336
wearable,wet_to_dry,2.0,76,20260930,0.19166666666666668
wearable,wet_to_dry,2.0,77,20260930,0.43333333333333335
wearable,wet_to_dry,2.0,78,20260930,0.16666666666666666
wearable,wet_to_dry,2.0,79,20260930,0.975
wearable,wet_to_dry,2.0,80,20260930,0.5
wearable,wet_to_dry,2.0,81,20260930,0.075
wearable,wet_to_dry,2.0,82,20260930,0.7083333333333334
wearable,wet_to_dry,2.0,83,20260930,0.6666666666666666
wearable,wet_to_dry,2.0,84,20260930,0.9416666666666668
wearable,wet_to_dry,2.0,85,20260930,0.2416666666666667
wearable,wet_to_dry,2.0,86,20260930,0.025000000000000005
wearable,wet_to_dry,2.0,87,20260930,0.9666666666666667
wearable,wet_to_dry,2.0,88,20260930,0.4333333333333333
wearable,wet_to_dry,2.0,89,20260930,0.35000000000000003
wearable,wet_to_dry,2.0,90,20260930,0.45
wearable,wet_to_dry,2.0,91,20260930,0.47500000000000003
wearable,wet_to_dry,2.0,92,20260930,0.45833333333333326
wearable,wet_to_dry,2.0,93,20260930,0.6666666666666666
wearable,wet_to_dry,2.0,94,20260930,0.4583333333333333
wearable,wet_to_dry,2.0,95,20260930,0.55
wearable,wet_to_dry,2.0,96,20260930,0.075
wearable,wet_to_dry,2.0,97,20260930,0.30000000000000004
wearable,wet_to_dry,2.0,98,20260930,0.8833333333333333
wearable,wet_to_dry,2.0,99,20260930,0.8333333333333335
wearable,wet_to_dry,2.0,100,20260930,0.7999999999999999
wearable,wet_to_dry,2.0,101,20260930,0.46666666666666673
wearable,wet_to_dry,2.0,102,20260930,0.9416666666666668
wearable,wet_to_dry,2.0,1,20260931,0.05833333333333333
wearable,wet_to_dry,2.0,2,20260931,0.3333333333333333
wearable,wet_to_dry,2.0,3,20260931,0.5166666666666667
wearable,wet_to_dry,2.0,4,20260931,0.9333333333333335
wearable,wet_to_dry,2.0,5,20260931,0.525
wearable,wet_to_dry,2.0,6,20260931,0.25000000000000006
wearable,wet_to_dry,2.0,7,20260931,0.8416666666666668
wearable,wet_to_dry,2.0,8,20260931,0.8250000000000001
wearable,wet_to_dry,2.0,9,20260931,0.43333333333333335
wearable,wet_to_dry,2.0,10,20260931,0.041666666666666664
wearable,wet_to_dry,2.0,11,20260931,0.7916666666666666
wearable,wet_to_dry,2.0,12,20260931,0.5499999999999999
wearable,wet_to_dry,2.0,13,20260931,0.7166666666666667
wearable,wet_to_dry,2.0,14,20260931,0.2416666666666667
wearable,wet_to_dry,2.0,15,20260931,0.35833333333333334
wearable,wet_to_dry,2.0,16,20260931,0.5333333333333333
wearable,wet_to_dry,2.0,17,20260931,0.8500000000000001
wearable,wet_to_dry,2.0,18,20260931,0.8333333333333334
wearable,wet_to_dry,2.0,19,20260931,0.9
wearable,wet_to_dry,2.0,20,20260931,0.725
wearable,wet_to_dry,2.0,21,20260931,0.39166666666666666
wearable,wet_to_dry,2.0,22,20260931,0.1416666666666667
wearable,wet_to_dry,2.0,23,20260931,0.6749999999999999
wearable,wet_to_dry,2.0,24,20260931,0.9166666666666669
wearable,wet_to_dry,2.0,25,20260931,0.325
wearable,wet_to_dry,2.0,26,20260931,0.075
wearable,wet_to_dry,2.0,27,20260931,0.06666666666666667
wearable,wet_to_dry,2.0,28,20260931,0.3
wearable,wet_to_dry,2.0,29,20260931,0.9333333333333335
wearable,wet_to_dry,2.0,30,20260931,0.9416666666666668
wearable,wet_to_dry,2.0,31,20260931,0.8833333333333334
wearable,wet_to_dry,2.0,32,20260931,0.6083333333333334
wearable,wet_to_dry,2.0,33,20260931,0.4916666666666667
wearable,wet_to_dry,2.0,34,20260931,0.4749999999999999
wearable,wet_to_dry,2.0,35,20260931,0.1416666666666667
wearable,wet_to_dry,2.0,36,20260931,0.4249999999999999
wearable,wet_to_dry,2.0,37,20260931,0.45
wearable,wet_to_dry,2.0,38,20260931,0.9500000000000002
wearable,wet_to_dry,2.0,39,20260931,0.5416666666666666
wearable,wet_to_dry,2.0,40,20260931,0.09999999999999999
wearable,wet_to_dry,2.0,41,20260931,0.6833333333333332
wearable,wet_to_dry,2.0,42,20260931,0.4166666666666666
wearable,wet_to_dry,2.0,43,20260931,0.016666666666666666
wearable,wet_to_dry,2.0,44,20260931,0.08333333333333333
wearable,wet_to_dry,2.0,45,20260931,0.20833333333333334
wearable,wet_to_dry,2.0,46,20260931,0.5583333333333333
wearable,wet_to_dry,2.0,47,20260931,0.03333333333333333
wearable,wet_to_dry,2.0,48,20260931,0.29166666666666674
wearable,wet_to_dry,2.0,49,20260931,0.25
wearable,wet_to_dry,2.0,50,20260931,0.6833333333333335
wearable,wet_to_dry,2.0,51,20260931,0.30833333333333335
wearable,wet_to_dry,2.0,52,20260931,0.8333333333333334
wearable,wet_to_dry,2.0,53,20260931,0.8666666666666667
wearable,wet_to_dry,2.0,54,20260931,0.9833333333333334
wearable,wet_to_dry,2.0,55,20260931,0.325
wearable,wet_to_dry,2.0,56,20260931,0.225
wearable,wet_to_dry,2.0,57,20260931,0.15833333333333335
wearable,wet_to_dry,2.0,58,20260931,0.6833333333333332
wearable,wet_to_dry,2.0,59,20260931,0.10833333333333334
wearable,wet_to_dry,2.0,60,20260931,0.11666666666666665
wearable,wet_to_dry,2.0,61,20260931,0.49999999999999994
wearable,wet_to_dry,2.0,62,20260931,0.7416666666666667
wearable,wet_to_dry,2.0,63,20260931,0.041666666666666664
wearable,wet_to_dry,2.0,64,20260931,0.08333333333333333
wearable,wet_to_dry,2.0,65,20260931,0.575
wearable,wet_to_dry,2.0,66,20260931,0.775
wearable,wet_to_dry,2.0,67,20260931,0.016666666666666666
wearable,wet_to_dry,2.0,68,20260931,0.7833333333333333
wearable,wet_to_dry,2.0,69,20260931,0.9
wearable,wet_to_dry,2.0,70,20260931,0.30833333333333335
wearable,wet_to_dry,2.0,71,20260931,0.14166666666666666
wearable,wet_to_dry,2.0,72,20260931,0.5083333333333334
wearable,wet_to_dry,2.0,73,20260931,0.24999999999999997
wearable,wet_to_dry,2.0,74,20260931,0.2666666666666667
wearable,wet_to_dry,2.0,75,20260931,0.15833333333333333
wearable,wet_to_dry,2.0,76,20260931,0.17500000000000002
wearable,wet_to_dry,2.0,77,20260931,0.4833333333333332
wearable,wet_to_dry,2.0,78,20260931,0.16666666666666666
wearable,wet_to_dry,2.0,79,20260931,0.9833333333333334
wearable,wet_to_dry,2.0,80,20260931,0.49999999999999994
wearable,wet_to_dry,2.0,81,20260931,0.10000000000000002
wearable,wet_to_dry,2.0,82,20260931,0.7416666666666668
wearable,wet_to_dry,2.0,83,20260931,0.5916666666666667
wearable,wet_to_dry,2.0,84,20260931,0.9083333333333335
wearable,wet_to_dry,2.0,85,20260931,0.4083333333333334
wearable,wet_to_dry,2.0,86,20260931,0.016666666666666666
wearable,wet_to_dry,2.0,87,20260931,0.9333333333333335
wearable,wet_to_dry,2.0,88,20260931,0.5416666666666666
wearable,wet_to_dry,2.0,89,20260931,0.44999999999999996
wearable,wet_to_dry,2.0,90,20260931,0.5166666666666666
wearable,wet_to_dry,2.0,91,20260931,0.5499999999999999
wearable,wet_to_dry,2.0,92,20260931,0.32499999999999996
wearable,wet_to_dry,2.0,93,20260931,0.7083333333333334
wearable,wet_to_dry,2.0,94,20260931,0.5416666666666666
wearable,wet_to_dry,2.0,95,20260931,0.5083333333333333
wearable,wet_to_dry,2.0,96,20260931,0.16666666666666666
wearable,wet_to_dry,2.0,97,20260931,0.24166666666666667
wearable,wet_to_dry,2.0,98,20260931,0.8916666666666666
wearable,wet_to_dry,2.0,99,20260931,0.7416666666666667
wearable,wet_to_dry,2.0,100,20260931,0.7833333333333335
wearable,wet_to_dry,2.0,101,20260931,0.45833333333333326
wearable,wet_to_dry,2.0,102,20260931,0.9249999999999999
wearable,wet_to_wet,0.4,1,20260929,0.35000000000000003
wearable,wet_to_wet,0.4,2,20260929,0.47500000000000003
wearable,wet_to_wet,0.4,3,20260929,0.525
wearable,wet_to_wet,0.4,4,20260929,0.6916666666666665
wearable,wet_to_wet,0.4,5,20260929,0.3166666666666667
wearable,wet_to_wet,0.4,6,20260929,0.1666666666666667
wearable,wet_to_wet,0.4,7,20260929,0.575
wearable,wet_to_wet,0.4,8,20260929,0.5166666666666667
wearable,wet_to_wet,0.4,9,20260929,0.42500000000000004
wearable,wet_to_wet,0.4,10,20260929,0.46666666666666673
wearable,wet_to_wet,0.4,11,20260929,0.39999999999999997
wearable,wet_to_wet,0.4,12,20260929,0.7416666666666666
wearable,wet_to_wet,0.4,13,20260929,0.24999999999999997
wearable,wet_to_wet,0.4,14,20260929,0.35000000000000003
wearable,wet_to_wet,0.4,15,20260929,0.2916666666666667
wearable,wet_to_wet,0.4,16,20260929,0.24999999999999997
wearable,wet_to_wet,0.4,17,20260929,0.5583333333333332
wearable,wet_to_wet,0.4,18,20260929,0.42500000000000004
wearable,wet_to_wet,0.4,19,20260929,0.6083333333333333
wearable,wet_to_wet,0.4,20,20260929,0.48333333333333334
wearable,wet_to_wet,0.4,21,20260929,0.35833333333333334
wearable,wet_to_wet,0.4,22,20260929,0.3333333333333333
wearable,wet_to_wet,0.4,23,20260929,0.6416666666666667
wearable,wet_to_wet,0.4,24,20260929,0.45
wearable,wet_to_wet,0.4,25,20260929,0.23333333333333336
wearable,wet_to_wet,0.4,26,20260929,0.8083333333333335
wearable,wet_to_wet,0.4,27,20260929,0.2166666666666667
wearable,wet_to_wet,0.4,28,20260929,0.4083333333333334
wearable,wet_to_wet,0.4,29,20260929,0.6
wearable,wet_to_wet,0.4,30,20260929,0.6916666666666668
wearable,wet_to_wet,0.4,31,20260929,0.5583333333333335
wearable,wet_to_wet,0.4,32,20260929,0.5750000000000001
wearable,wet_to_wet,0.4,33,20260929,0.35833333333333334
wearable,wet_to_wet,0.4,34,20260929,0.4666666666666666
wearable,wet_to_wet,0.4,35,20260929,0.2416666666666667
wearable,wet_to_wet,0.4,36,20260929,0.35833333333333334
wearable,wet_to_wet,0.4,37,20260929,0.2333333333333333
wearable,wet_to_wet,0.4,38,20260929,0.8500000000000001
wearable,wet_to_wet,0.4,39,20260929,0.525
wearable,wet_to_wet,0.4,40,20260929,0.725
wearable,wet_to_wet,0.4,41,20260929,0.43333333333333335
wearable,wet_to_wet,0.4,42,20260929,0.3
wearable,wet_to_wet,0.4,43,20260929,0.375
wearable,wet_to_wet,0.4,44,20260929,0.18333333333333335
wearable,wet_to_wet,0.4,45,20260929,0.19166666666666668
wearable,wet_to_wet,0.4,46,20260929,0.19166666666666668
wearable,wet_to_wet,0.4,47,20260929,0.15833333333333335
wearable,wet_to_wet,0.4,48,20260929,0.5833333333333334
wearable,wet_to_wet,0.4,49,20260929,0.15
wearable,wet_to_wet,0.4,50,20260929,0.44166666666666665
wearable,wet_to_wet,0.4,51,20260929,0.4416666666666667
wearable,wet_to_wet,0.4,52,20260929,0.7666666666666666
wearable,wet_to_wet,0.4,53,20260929,0.65
wearable,wet_to_wet,0.4,54,20260929,0.6083333333333333
wearable,wet_to_wet,0.4,55,20260929,0.3
wearable,wet_to_wet,0.4,56,20260929,0.7666666666666667
wearable,wet_to_wet,0.4,57,20260929,0.3416666666666666
wearable,wet_to_wet,0.4,58,20260929,0.65
wearable,wet_to_wet,0.4,59,20260929,0.09166666666666667
wearable,wet_to_wet,0.4,60,20260929,0.4666666666666666
wearable,wet_to_wet,0.4,61,20260929,0.5000000000000001
wearable,wet_to_wet,0.4,62,20260929,0.3666666666666667
wearable,wet_to_wet,0.4,63,20260929,0.5916666666666667
wearable,wet_to_wet,0.4,64,20260929,0.4166666666666666
wearable,wet_to_wet,0.4,65,20260929,0.3833333333333333
wearable,wet_to_wet,0.4,66,20260929,0.7916666666666666
wearable,wet_to_wet,0.4,67,20260929,0.25833333333333336
wearable,wet_to_wet,0.4,68,20260929,0.6083333333333333
wearable,wet_to_wet,0.4,69,20260929,0.9416666666666668
wearable,wet_to_wet,0.4,70,20260929,0.3083333333333333
wearable,wet_to_wet,0.4,71,20260929,0.2166666666666667
wearable,wet_to_wet,0.4,72,20260929,0.425
wearable,wet_to_wet,0.4,73,20260929,0.2916666666666667
wearable,wet_to_wet,0.4,74,20260929,0.3916666666666668
wearable,wet_to_wet,0.4,75,20260929,0.25833333333333336
wearable,wet_to_wet,0.4,76,20260929,0.08333333333333333
wearable,wet_to_wet,0.4,77,20260929,0.3916666666666668
wearable,wet_to_wet,0.4,78,20260929,0.20000000000000004
wearable,wet_to_wet,0.4,79,20260929,0.23333333333333336
wearable,wet_to_wet,0.4,80,20260929,0.7583333333333334
wearable,wet_to_wet,0.4,81,20260929,0.75
wearable,wet_to_wet,0.4,82,20260929,0.5333333333333333
wearable,wet_to_wet,0.4,83,20260929,0.3583333333333334
wearable,wet_to_wet,0.4,84,20260929,0.7999999999999999
wearable,wet_to_wet,0.4,85,20260929,0.4166666666666666
wearable,wet_to_wet,0.4,86,20260929,0.7000000000000001
wearable,wet_to_wet,0.4,87,20260929,0.7250000000000001
wearable,wet_to_wet,0.4,88,20260929,0.5583333333333332
wearable,wet_to_wet,0.4,89,20260929,0.65
wearable,wet_to_wet,0.4,90,20260929,0.25000000000000006
wearable,wet_to_wet,0.4,91,20260929,0.44999999999999996
wearable,wet_to_wet,0.4,92,20260929,0.7083333333333334
wearable,wet_to_wet,0.4,93,20260929,0.6416666666666667
wearable,wet_to_wet,0.4,94,20260929,0.325
wearable,wet_to_wet,0.4,95,20260929,0.2583333333333333
wearable,wet_to_wet,0.4,96,20260929,0.3083333333333333
wearable,wet_to_wet,0.4,97,20260929,0.15000000000000002
wearable,wet_to_wet,0.4,98,20260929,0.7166666666666667
wearable,wet_to_wet,0.4,99,20260929,0.6166666666666666
wearable,wet_to_wet,0.4,100,20260929,0.45
wearable,wet_to_wet,0.4,101,20260929,0.45833333333333326
wearable,wet_to_wet,0.4,102,20260929,0.35833333333333334
wearable,wet_to_wet,0.4,1,20260930,0.2833333333333334
wearable,wet_to_wet,0.4,2,20260930,0.4583333333333333
wearable,wet_to_wet,0.4,3,20260930,0.5
wearable,wet_to_wet,0.4,4,20260930,0.7583333333333333
wearable,wet_to_wet,0.4,5,20260930,0.3083333333333333
wearable,wet_to_wet,0.4,6,20260930,0.20833333333333334
wearable,wet_to_wet,0.4,7,20260930,0.625
wearable,wet_to_wet,0.4,8,20260930,0.5833333333333334
wearable,wet_to_wet,0.4,9,20260930,0.3333333333333333
wearable,wet_to_wet,0.4,10,20260930,0.3916666666666668
wearable,wet_to_wet,0.4,11,20260930,0.4166666666666666
wearable,wet_to_wet,0.4,12,20260930,0.7583333333333333
wearable,wet_to_wet,0.4,13,20260930,0.3083333333333334
wearable,wet_to_wet,0.4,14,20260930,0.4749999999999999
wearable,wet_to_wet,0.4,15,20260930,0.3166666666666667
wearable,wet_to_wet,0.4,16,20260930,0.2416666666666667
wearable,wet_to_wet,0.4,17,20260930,0.625
wearable,wet_to_wet,0.4,18,20260930,0.3833333333333333
wearable,wet_to_wet,0.4,19,20260930,0.6083333333333333
wearable,wet_to_wet,0.4,20,20260930,0.55
wearable,wet_to_wet,0.4,21,20260930,0.35000000000000003
wearable,wet_to_wet,0.4,22,20260930,0.21666666666666665
wearable,wet_to_wet,0.4,23,20260930,0.6833333333333335
wearable,wet_to_wet,0.4,24,20260930,0.43333333333333335
wearable,wet_to_wet,0.4,25,20260930,0.24166666666666672
wearable,wet_to_wet,0.4,26,20260930,0.7749999999999999
wearable,wet_to_wet,0.4,27,20260930,0.25833333333333336
wearable,wet_to_wet,0.4,28,20260930,0.30833333333333335
wearable,wet_to_wet,0.4,29,20260930,0.6666666666666666
wearable,wet_to_wet,0.4,30,20260930,0.6416666666666667
wearable,wet_to_wet,0.4,31,20260930,0.6
wearable,wet_to_wet,0.4,32,20260930,0.5416666666666666
wearable,wet_to_wet,0.4,33,20260930,0.3333333333333333
wearable,wet_to_wet,0.4,34,20260930,0.3916666666666666
wearable,wet_to_wet,0.4,35,20260930,0.27499999999999997
wearable,wet_to_wet,0.4,36,20260930,0.2916666666666667
wearable,wet_to_wet,0.4,37,20260930,0.20833333333333337
wearable,wet_to_wet,0.4,38,20260930,0.8916666666666667
wearable,wet_to_wet,0.4,39,20260930,0.5416666666666666
wearable,wet_to_wet,0.4,40,20260930,0.6916666666666665
wearable,wet_to_wet,0.4,41,20260930,0.47500000000000003
wearable,wet_to_wet,0.4,42,20260930,0.2916666666666667
wearable,wet_to_wet,0.4,43,20260930,0.39999999999999997
wearable,wet_to_wet,0.4,44,20260930,0.18333333333333335
wearable,wet_to_wet,0.4,45,20260930,0.18333333333333335
wearable,wet_to_wet,0.4,46,20260930,0.225
wearable,wet_to_wet,0.4,47,20260930,0.1666666666666667
wearable,wet_to_wet,0.4,48,20260930,0.55
wearable,wet_to_wet,0.4,49,20260930,0.19166666666666668
wearable,wet_to_wet,0.4,50,20260930,0.3833333333333333
wearable,wet_to_wet,0.4,51,20260930,0.46666666666666673
wearable,wet_to_wet,0.4,52,20260930,0.65
wearable,wet_to_wet,0.4,53,20260930,0.725
wearable,wet_to_wet,0.4,54,20260930,0.5333333333333333
wearable,wet_to_wet,0.4,55,20260930,0.3083333333333333
wearable,wet_to_wet,0.4,56,20260930,0.8583333333333334
wearable,wet_to_wet,0.4,57,20260930,0.31666666666666665
wearable,wet_to_wet,0.4,58,20260930,0.6083333333333333
wearable,wet_to_wet,0.4,59,20260930,0.125
wearable,wet_to_wet,0.4,60,20260930,0.42500000000000004
wearable,wet_to_wet,0.4,61,20260930,0.48333333333333334
wearable,wet_to_wet,0.4,62,20260930,0.44999999999999996
wearable,wet_to_wet,0.4,63,20260930,0.6833333333333332
wearable,wet_to_wet,0.4,64,20260930,0.375
wearable,wet_to_wet,0.4,65,20260930,0.3500000000000001
wearable,wet_to_wet,0.4,66,20260930,0.8333333333333334
wearable,wet_to_wet,0.4,67,20260930,0.3
wearable,wet_to_wet,0.4,68,20260930,0.6499999999999999
wearable,wet_to_wet,0.4,69,20260930,0.9
wearable,wet_to_wet,0.4,70,20260930,0.4166666666666667
wearable,wet_to_wet,0.4,71,20260930,0.2666666666666667
wearable,wet_to_wet,0.4,72,20260930,0.4666666666666666
wearable,wet_to_wet,0.4,73,20260930,0.3
wearable,wet_to_wet,0.4,74,20260930,0.40833333333333327
wearable,wet_to_wet,0.4,75,20260930,0.3
wearable,wet_to_wet,0.4,76,20260930,0.14166666666666666
wearable,wet_to_wet,0.4,77,20260930,0.375
wearable,wet_to_wet,0.4,78,20260930,0.20833333333333334
wearable,wet_to_wet,0.4,79,20260930,0.2916666666666667
wearable,wet_to_wet,0.4,80,20260930,0.7333333333333334
wearable,wet_to_wet,0.4,81,20260930,0.7583333333333334
wearable,wet_to_wet,0.4,82,20260930,0.5833333333333334
wearable,wet_to_wet,0.4,83,20260930,0.325
wearable,wet_to_wet,0.4,84,20260930,0.8250000000000001
wearable,wet_to_wet,0.4,85,20260930,0.3083333333333333
wearable,wet_to_wet,0.4,86,20260930,0.6916666666666668
wearable,wet_to_wet,0.4,87,20260930,0.6666666666666666
wearable,wet_to_wet,0.4,88,20260930,0.6
wearable,wet_to_wet,0.4,89,20260930,0.6083333333333333
wearable,wet_to_wet,0.4,90,20260930,0.3083333333333333
wearable,wet_to_wet,0.4,91,20260930,0.42500000000000004
wearable,wet_to_wet,0.4,92,20260930,0.6166666666666668
wearable,wet_to_wet,0.4,93,20260930,0.6666666666666666
wearable,wet_to_wet,0.4,94,20260930,0.4166666666666667
wearable,wet_to_wet,0.4,95,20260930,0.2166666666666667
wearable,wet_to_wet,0.4,96,20260930,0.3
wearable,wet_to_wet,0.4,97,20260930,0.15833333333333333
wearable,wet_to_wet,0.4,98,20260930,0.7166666666666667
wearable,wet_to_wet,0.4,99,20260930,0.5333333333333333
wearable,wet_to_wet,0.4,100,20260930,0.4666666666666666
wearable,wet_to_wet,0.4,101,20260930,0.3916666666666666
wearable,wet_to_wet,0.4,102,20260930,0.4000000000000001
wearable,wet_to_wet,0.4,1,20260931,0.31666666666666665
wearable,wet_to_wet,0.4,2,20260931,0.43333333333333335
wearable,wet_to_wet,0.4,3,20260931,0.425
wearable,wet_to_wet,0.4,4,20260931,0.6
wearable,wet_to_wet,0.4,5,20260931,0.26666666666666666
wearable,wet_to_wet,0.4,6,20260931,0.18333333333333335
wearable,wet_to_wet,0.4,7,20260931,0.5083333333333334
wearable,wet_to_wet,0.4,8,20260931,0.525
wearable,wet_to_wet,0.4,9,20260931,0.3666666666666667
wearable,wet_to_wet,0.4,10,20260931,0.38333333333333336
wearable,wet_to_wet,0.4,11,20260931,0.3583333333333334
wearable,wet_to_wet,0.4,12,20260931,0.6916666666666665
wearable,wet_to_wet,0.4,13,20260931,0.225
wearable,wet_to_wet,0.4,14,20260931,0.44166666666666665
wearable,wet_to_wet,0.4,15,20260931,0.325
wearable,wet_to_wet,0.4,16,20260931,0.21666666666666667
wearable,wet_to_wet,0.4,17,20260931,0.5916666666666667
wearable,wet_to_wet,0.4,18,20260931,0.4000000000000001
wearable,wet_to_wet,0.4,19,20260931,0.6166666666666666
wearable,wet_to_wet,0.4,20,20260931,0.5166666666666667
wearable,wet_to_wet,0.4,21,20260931,0.3666666666666667
wearable,wet_to_wet,0.4,22,20260931,0.23333333333333336
wearable,wet_to_wet,0.4,23,20260931,0.6749999999999999
wearable,wet_to_wet,0.4,24,20260931,0.425
wearable,wet_to_wet,0.4,25,20260931,0.21666666666666667
wearable,wet_to_wet,0.4,26,20260931,0.8000000000000002
wearable,wet_to_wet,0.4,27,20260931,0.2166666666666667
wearable,wet_to_wet,0.4,28,20260931,0.35000000000000003
wearable,wet_to_wet,0.4,29,20260931,0.65
wearable,wet_to_wet,0.4,30,20260931,0.6499999999999999
wearable,wet_to_wet,0.4,31,20260931,0.5083333333333333
wearable,wet_to_wet,0.4,32,20260931,0.6083333333333334
wearable,wet_to_wet,0.4,33,20260931,0.31666666666666665
wearable,wet_to_wet,0.4,34,20260931,0.3916666666666666
wearable,wet_to_wet,0.4,35,20260931,0.21666666666666667
wearable,wet_to_wet,0.4,36,20260931,0.375
wearable,wet_to_wet,0.4,37,20260931,0.23333333333333336
wearable,wet_to_wet,0.4,38,20260931,0.875
wearable,wet_to_wet,0.4,39,20260931,0.5333333333333333
wearable,wet_to_wet,0.4,40,20260931,0.7000000000000001
wearable,wet_to_wet,0.4,41,20260931,0.38333333333333336
wearable,wet_to_wet,0.4,42,20260931,0.23333333333333336
wearable,wet_to_wet,0.4,43,20260931,0.39166666666666666
wearable,wet_to_wet,0.4,44,20260931,0.16666666666666666
wearable,wet_to_wet,0.4,45,20260931,0.18333333333333335
wearable,wet_to_wet,0.4,46,20260931,0.25
wearable,wet_to_wet,0.4,47,20260931,0.19999999999999998
wearable,wet_to_wet,0.4,48,20260931,0.6083333333333333
wearable,wet_to_wet,0.4,49,20260931,0.16666666666666666
wearable,wet_to_wet,0.4,50,20260931,0.44166666666666665
wearable,wet_to_wet,0.4,51,20260931,0.5166666666666667
wearable,wet_to_wet,0.4,52,20260931,0.6083333333333333
wearable,wet_to_wet,0.4,53,20260931,0.6333333333333333
wearable,wet_to_wet,0.4,54,20260931,0.5166666666666666
wearable,wet_to_wet,0.4,55,20260931,0.27499999999999997
wearable,wet_to_wet,0.4,56,20260931,0.8749999999999999
wearable,wet_to_wet,0.4,57,20260931,0.31666666666666665
wearable,wet_to_wet,0.4,58,20260931,0.625
wearable,wet_to_wet,0.4,59,20260931,0.16666666666666666
wearable,wet_to_wet,0.4,60,20260931,0.45
wearable,wet_to_wet,0.4,61,20260931,0.5
wearable,wet_to_wet,0.4,62,20260931,0.43333333333333335
wearable,wet_to_wet,0.4,63,20260931,0.6583333333333334
wearable,wet_to_wet,0.4,64,20260931,0.39166666666666666
wearable,wet_to_wet,0.4,65,20260931,0.375
wearable,wet_to_wet,0.4,66,20260931,0.775
wearable,wet_to_wet,0.4,67,20260931,0.325
wearable,wet_to_wet,0.4,68,20260931,0.6333333333333334
wearable,wet_to_wet,0.4,69,20260931,0.9500000000000001
wearable,wet_to_wet,0.4,70,20260931,0.31666666666666665
wearable,wet_to_wet,0.4,71,20260931,0.19999999999999998
wearable,wet_to_wet,0.4,72,20260931,0.46666666666666673
wearable,wet_to_wet,0.4,73,20260931,0.2833333333333333
wearable,wet_to_wet,0.4,74,20260931,0.40833333333333327
wearable,wet_to_wet,0.4,75,20260931,0.25
wearable,wet_to_wet,0.4,76,20260931,0.1416666666666667
wearable,wet_to_wet,0.4,77,20260931,0.37499999999999994
wearable,wet_to_wet,0.4,78,20260931,0.19999999999999998
wearable,wet_to_wet,0.4,79,20260931,0.25
wearable,wet_to_wet,0.4,80,20260931,0.7166666666666667
wearable,wet_to_wet,0.4,81,20260931,0.775
wearable,wet_to_wet,0.4,82,20260931,0.5083333333333333
wearable,wet_to_wet,0.4,83,20260931,0.3333333333333333
wearable,wet_to_wet,0.4,84,20260931,0.8083333333333335
wearable,wet_to_wet,0.4,85,20260931,0.4166666666666666
wearable,wet_to_wet,0.4,86,20260931,0.6083333333333333
wearable,wet_to_wet,0.4,87,20260931,0.7083333333333334
wearable,wet_to_wet,0.4,88,20260931,0.525
wearable,wet_to_wet,0.4,89,20260931,0.6166666666666667
wearable,wet_to_wet,0.4,90,20260931,0.2833333333333333
wearable,wet_to_wet,0.4,91,20260931,0.39166666666666666
wearable,wet_to_wet,0.4,92,20260931,0.775
wearable,wet_to_wet,0.4,93,20260931,0.5833333333333334
wearable,wet_to_wet,0.4,94,20260931,0.3833333333333333
wearable,wet_to_wet,0.4,95,20260931,0.2833333333333334
wearable,wet_to_wet,0.4,96,20260931,0.26666666666666666
wearable,wet_to_wet,0.4,97,20260931,0.1666666666666667
wearable,wet_to_wet,0.4,98,20260931,0.7083333333333334
wearable,wet_to_wet,0.4,99,20260931,0.6083333333333334
wearable,wet_to_wet,0.4,100,20260931,0.5
wearable,wet_to_wet,0.4,101,20260931,0.4666666666666666
wearable,wet_to_wet,0.4,102,20260931,0.5333333333333333
wearable,wet_to_wet,0.6,1,20260929,0.3583333333333334
wearable,wet_to_wet,0.6,2,20260929,0.6166666666666666
wearable,wet_to_wet,0.6,3,20260929,0.6
wearable,wet_to_wet,0.6,4,20260929,0.8333333333333334
wearable,wet_to_wet,0.6,5,20260929,0.4583333333333334
wearable,wet_to_wet,0.6,6,20260929,0.26666666666666666
wearable,wet_to_wet,0.6,7,20260929,0.7083333333333334
wearable,wet_to_wet,0.6,8,20260929,0.6750000000000002
wearable,wet_to_wet,0.6,9,20260929,0.5166666666666666
wearable,wet_to_wet,0.6,10,20260929,0.5916666666666667
wearable,wet_to_wet,0.6,11,20260929,0.5333333333333333
wearable,wet_to_wet,0.6,12,20260929,0.9166666666666666
wearable,wet_to_wet,0.6,13,20260929,0.3666666666666667
wearable,wet_to_wet,0.6,14,20260929,0.5666666666666665
wearable,wet_to_wet,0.6,15,20260929,0.4166666666666667
wearable,wet_to_wet,0.6,16,20260929,0.3333333333333333
wearable,wet_to_wet,0.6,17,20260929,0.6833333333333332
wearable,wet_to_wet,0.6,18,20260929,0.5833333333333333
wearable,wet_to_wet,0.6,19,20260929,0.7916666666666665
wearable,wet_to_wet,0.6,20,20260929,0.5833333333333334
wearable,wet_to_wet,0.6,21,20260929,0.49999999999999994
wearable,wet_to_wet,0.6,22,20260929,0.3666666666666667
wearable,wet_to_wet,0.6,23,20260929,0.7916666666666669
wearable,wet_to_wet,0.6,24,20260929,0.5416666666666666
wearable,wet_to_wet,0.6,25,20260929,0.20000000000000004
wearable,wet_to_wet,0.6,26,20260929,0.8583333333333334
wearable,wet_to_wet,0.6,27,20260929,0.325
wearable,wet_to_wet,0.6,28,20260929,0.625
wearable,wet_to_wet,0.6,29,20260929,0.7916666666666666
wearable,wet_to_wet,0.6,30,20260929,0.8833333333333333
wearable,wet_to_wet,0.6,31,20260929,0.7416666666666667
wearable,wet_to_wet,0.6,32,20260929,0.725
wearable,wet_to_wet,0.6,33,20260929,0.39166666666666666
wearable,wet_to_wet,0.6,34,20260929,0.6583333333333333
wearable,wet_to_wet,0.6,35,20260929,0.27499999999999997
wearable,wet_to_wet,0.6,36,20260929,0.46666666666666673
wearable,wet_to_wet,0.6,37,20260929,0.225
wearable,wet_to_wet,0.6,38,20260929,0.9666666666666667
wearable,wet_to_wet,0.6,39,20260929,0.6333333333333333
wearable,wet_to_wet,0.6,40,20260929,0.8666666666666667
wearable,wet_to_wet,0.6,41,20260929,0.48333333333333334
wearable,wet_to_wet,0.6,42,20260929,0.3166666666666667
wearable,wet_to_wet,0.6,43,20260929,0.5333333333333333
wearable,wet_to_wet,0.6,44,20260929,0.275
wearable,wet_to_wet,0.6,45,20260929,0.35833333333333334
wearable,wet_to_wet,0.6,46,20260929,0.35833333333333334
wearable,wet_to_wet,0.6,47,20260929,0.20833333333333337
wearable,wet_to_wet,0.6,48,20260929,0.7583333333333333
wearable,wet_to_wet,0.6,49,20260929,0.23333333333333336
wearable,wet_to_wet,0.6,50,20260929,0.4750000000000001
wearable,wet_to_wet,0.6,51,20260929,0.6083333333333333
wearable,wet_to_wet,0.6,52,20260929,0.9250000000000002
wearable,wet_to_wet,0.6,53,20260929,0.7583333333333333
wearable,wet_to_wet,0.6,54,20260929,0.7916666666666665
wearable,wet_to_wet,0.6,55,20260929,0.40833333333333327
wearable,wet_to_wet,0.6,56,20260929,0.9333333333333335
wearable,wet_to_wet,0.6,57,20260929,0.425
wearable,wet_to_wet,0.6,58,20260929,0.7583333333333334
wearable,wet_to_wet,0.6,59,20260929,0.13333333333333333
wearable,wet_to_wet,0.6,60,20260929,0.575
wearable,wet_to_wet,0.6,61,20260929,0.6
wearable,wet_to_wet,0.6,62,20260929,0.5750000000000001
wearable,wet_to_wet,0.6,63,20260929,0.7583333333333333
wearable,wet_to_wet,0.6,64,20260929,0.5083333333333334
wearable,wet_to_wet,0.6,65,20260929,0.5083333333333334
wearable,wet_to_wet,0.6,66,20260929,0.8666666666666668
wearable,wet_to_wet,0.6,67,20260929,0.39166666666666666
wearable,wet_to_wet,0.6,68,20260929,0.7416666666666667
wearable,wet_to_wet,0.6,69,20260929,0.9916666666666667
wearable,wet_to_wet,0.6,70,20260929,0.35833333333333334
wearable,wet_to_wet,0.6,71,20260929,0.2916666666666667
wearable,wet_to_wet,0.6,72,20260929,0.5666666666666667
wearable,wet_to_wet,0.6,73,20260929,0.3666666666666667
wearable,wet_to_wet,0.6,74,20260929,0.48333333333333334
wearable,wet_to_wet,0.6,75,20260929,0.39999999999999997
wearable,wet_to_wet,0.6,76,20260929,0.13333333333333336
wearable,wet_to_wet,0.6,77,20260929,0.4166666666666667
wearable,wet_to_wet,0.6,78,20260929,0.1416666666666667
wearable,wet_to_wet,0.6,79,20260929,0.3333333333333333
wearable,wet_to_wet,0.6,80,20260929,0.8749999999999999
wearable,wet_to_wet,0.6,81,20260929,0.8333333333333334
wearable,wet_to_wet,0.6,82,20260929,0.625
wearable,wet_to_wet,0.6,83,20260929,0.5166666666666667
wearable,wet_to_wet,0.6,84,20260929,0.9249999999999999
wearable,wet_to_wet,0.6,85,20260929,0.6166666666666667
wearable,wet_to_wet,0.6,86,20260929,0.8333333333333335
wearable,wet_to_wet,0.6,87,20260929,0.8916666666666666
wearable,wet_to_wet,0.6,88,20260929,0.7166666666666667
wearable,wet_to_wet,0.6,89,20260929,0.7833333333333333
wearable,wet_to_wet,0.6,90,20260929,0.375
wearable,wet_to_wet,0.6,91,20260929,0.6666666666666666
wearable,wet_to_wet,0.6,92,20260929,0.8250000000000001
wearable,wet_to_wet,0.6,93,20260929,0.7583333333333333
wearable,wet_to_wet,0.6,94,20260929,0.43333333333333335
wearable,wet_to_wet,0.6,95,20260929,0.2916666666666667
wearable,wet_to_wet,0.6,96,20260929,0.3666666666666667
wearable,wet_to_wet,0.6,97,20260929,0.18333333333333338
wearable,wet_to_wet,0.6,98,20260929,0.8166666666666665
wearable,wet_to_wet,0.6,99,20260929,0.6916666666666668
wearable,wet_to_wet,0.6,100,20260929,0.5333333333333333
wearable,wet_to_wet,0.6,101,20260929,0.5583333333333333
wearable,wet_to_wet,0.6,102,20260929,0.5000000000000001
wearable,wet_to_wet,0.6,1,20260930,0.3166666666666666
wearable,wet_to_wet,0.6,2,20260930,0.5416666666666666
wearable,wet_to_wet,0.6,3,20260930,0.6333333333333333
wearable,wet_to_wet,0.6,4,20260930,0.8666666666666667
wearable,wet_to_wet,0.6,5,20260930,0.4083333333333334
wearable,wet_to_wet,0.6,6,20260930,0.27499999999999997
wearable,wet_to_wet,0.6,7,20260930,0.7666666666666667
wearable,wet_to_wet,0.6,8,20260930,0.6916666666666668
wearable,wet_to_wet,0.6,9,20260930,0.4749999999999999
wearable,wet_to_wet,0.6,10,20260930,0.5416666666666667
wearable,wet_to_wet,0.6,11,20260930,0.5583333333333333
wearable,wet_to_wet,0.6,12,20260930,0.8916666666666667
wearable,wet_to_wet,0.6,13,20260930,0.4166666666666666
wearable,wet_to_wet,0.6,14,20260930,0.6583333333333333
wearable,wet_to_wet,0.6,15,20260930,0.43333333333333335
wearable,wet_to_wet,0.6,16,20260930,0.34166666666666673
wearable,wet_to_wet,0.6,17,20260930,0.7333333333333334
wearable,wet_to_wet,0.6,18,20260930,0.5416666666666666
wearable,wet_to_wet,0.6,19,20260930,0.75
wearable,wet_to_wet,0.6,20,20260930,0.6333333333333333
wearable,wet_to_wet,0.6,21,20260930,0.4416666666666666
wearable,wet_to_wet,0.6,22,20260930,0.30833333333333335
wearable,wet_to_wet,0.6,23,20260930,0.7666666666666666
wearable,wet_to_wet,0.6,24,20260930,0.5666666666666667
wearable,wet_to_wet,0.6,25,20260930,0.13333333333333336
wearable,wet_to_wet,0.6,26,20260930,0.9083333333333333
wearable,wet_to_wet,0.6,27,20260930,0.325
wearable,wet_to_wet,0.6,28,20260930,0.5333333333333333
wearable,wet_to_wet,0.6,29,20260930,0.875
wearable,wet_to_wet,0.6,30,20260930,0.85
wearable,wet_to_wet,0.6,31,20260930,0.775
wearable,wet_to_wet,0.6,32,20260930,0.7333333333333335
wearable,wet_to_wet,0.6,33,20260930,0.375
wearable,wet_to_wet,0.6,34,20260930,0.5083333333333334
wearable,wet_to_wet,0.6,35,20260930,0.4083333333333334
wearable,wet_to_wet,0.6,36,20260930,0.4749999999999999
wearable,wet_to_wet,0.6,37,20260930,0.21666666666666667
wearable,wet_to_wet,0.6,38,20260930,1.0
wearable,wet_to_wet,0.6,39,20260930,0.6749999999999999
wearable,wet_to_wet,0.6,40,20260930,0.8583333333333334
wearable,wet_to_wet,0.6,41,20260930,0.5416666666666666
wearable,wet_to_wet,0.6,42,20260930,0.36666666666666664
wearable,wet_to_wet,0.6,43,20260930,0.625
wearable,wet_to_wet,0.6,44,20260930,0.30833333333333335
wearable,wet_to_wet,0.6,45,20260930,0.3083333333333334
wearable,wet_to_wet,0.6,46,20260930,0.3083333333333333
wearable,wet_to_wet,0.6,47,20260930,0.20833333333333337
wearable,wet_to_wet,0.6,48,20260930,0.7583333333333333
wearable,wet_to_wet,0.6,49,20260930,0.2833333333333334
wearable,wet_to_wet,0.6,50,20260930,0.5000000000000001
wearable,wet_to_wet,0.6,51,20260930,0.6000000000000001
wearable,wet_to_wet,0.6,52,20260930,0.8416666666666668
wearable,wet_to_wet,0.6,53,20260930,0.8000000000000002
wearable,wet_to_wet,0.6,54,20260930,0.725
wearable,wet_to_wet,0.6,55,20260930,0.41666666666666674
wearable,wet_to_wet,0.6,56,20260930,0.9
wearable,wet_to_wet,0.6,57,20260930,0.44166666666666665
wearable,wet_to_wet,0.6,58,20260930,0.7166666666666667
wearable,wet_to_wet,0.6,59,20260930,0.15833333333333335
wearable,wet_to_wet,0.6,60,20260930,0.5833333333333334
wearable,wet_to_wet,0.6,61,20260930,0.5333333333333333
wearable,wet_to_wet,0.6,62,20260930,0.6083333333333334
wearable,wet_to_wet,0.6,63,20260930,0.8250000000000001
wearable,wet_to_wet,0.6,64,20260930,0.4916666666666667
wearable,wet_to_wet,0.6,65,20260930,0.5083333333333332
wearable,wet_to_wet,0.6,66,20260930,0.9
wearable,wet_to_wet,0.6,67,20260930,0.4583333333333333
wearable,wet_to_wet,0.6,68,20260930,0.8916666666666667
wearable,wet_to_wet,0.6,69,20260930,0.9833333333333334
wearable,wet_to_wet,0.6,70,20260930,0.4333333333333334
wearable,wet_to_wet,0.6,71,20260930,0.2833333333333333
wearable,wet_to_wet,0.6,72,20260930,0.6
wearable,wet_to_wet,0.6,73,20260930,0.3833333333333333
wearable,wet_to_wet,0.6,74,20260930,0.5
wearable,wet_to_wet,0.6,75,20260930,0.4916666666666667
wearable,wet_to_wet,0.6,76,20260930,0.14166666666666666
wearable,wet_to_wet,0.6,77,20260930,0.5
wearable,wet_to_wet,0.6,78,20260930,0.225
wearable,wet_to_wet,0.6,79,20260930,0.3333333333333333
wearable,wet_to_wet,0.6,80,20260930,0.875
wearable,wet_to_wet,0.6,81,20260930,0.8583333333333335
wearable,wet_to_wet,0.6,82,20260930,0.65
wearable,wet_to_wet,0.6,83,20260930,0.5166666666666665
wearable,wet_to_wet,0.6,84,20260930,0.9083333333333335
wearable,wet_to_wet,0.6,85,20260930,0.6166666666666667
wearable,wet_to_wet,0.6,86,20260930,0.8083333333333335
wearable,wet_to_wet,0.6,87,20260930,0.9
wearable,wet_to_wet,0.6,88,20260930,0.7083333333333334
wearable,wet_to_wet,0.6,89,20260930,0.7083333333333334
wearable,wet_to_wet,0.6,90,20260930,0.35833333333333334
wearable,wet_to_wet,0.6,91,20260930,0.6083333333333334
wearable,wet_to_wet,0.6,92,20260930,0.8583333333333334
wearable,wet_to_wet,0.6,93,20260930,0.7999999999999999
wearable,wet_to_wet,0.6,94,20260930,0.4666666666666666
wearable,wet_to_wet,0.6,95,20260930,0.2416666666666667
wearable,wet_to_wet,0.6,96,20260930,0.3666666666666667
wearable,wet_to_wet,0.6,97,20260930,0.225
wearable,wet_to_wet,0.6,98,20260930,0.8083333333333332
wearable,wet_to_wet,0.6,99,20260930,0.7083333333333334
wearable,wet_to_wet,0.6,100,20260930,0.5916666666666667
wearable,wet_to_wet,0.6,101,20260930,0.5666666666666668
wearable,wet_to_wet,0.6,102,20260930,0.5083333333333333
wearable,wet_to_wet,0.6,1,20260931,0.39999999999999997
wearable,wet_to_wet,0.6,2,20260931,0.6333333333333333
wearable,wet_to_wet,0.6,3,20260931,0.5750000000000001
wearable,wet_to_wet,0.6,4,20260931,0.8583333333333335
wearable,wet_to_wet,0.6,5,20260931,0.35833333333333334
wearable,wet_to_wet,0.6,6,20260931,0.20000000000000004
wearable,wet_to_wet,0.6,7,20260931,0.6833333333333332
wearable,wet_to_wet,0.6,8,20260931,0.6583333333333333
wearable,wet_to_wet,0.6,9,20260931,0.5416666666666666
wearable,wet_to_wet,0.6,10,20260931,0.5083333333333333
wearable,wet_to_wet,0.6,11,20260931,0.4666666666666666
wearable,wet_to_wet,0.6,12,20260931,0.8583333333333335
wearable,wet_to_wet,0.6,13,20260931,0.3583333333333334
wearable,wet_to_wet,0.6,14,20260931,0.6083333333333334
wearable,wet_to_wet,0.6,15,20260931,0.4583333333333333
wearable,wet_to_wet,0.6,16,20260931,0.3166666666666667
wearable,wet_to_wet,0.6,17,20260931,0.6583333333333334
wearable,wet_to_wet,0.6,18,20260931,0.5416666666666666
wearable,wet_to_wet,0.6,19,20260931,0.8416666666666667
wearable,wet_to_wet,0.6,20,20260931,0.5750000000000001
wearable,wet_to_wet,0.6,21,20260931,0.49166666666666664
wearable,wet_to_wet,0.6,22,20260931,0.3
wearable,wet_to_wet,0.6,23,20260931,0.7583333333333334
wearable,wet_to_wet,0.6,24,20260931,0.525
wearable,wet_to_wet,0.6,25,20260931,0.19166666666666668
wearable,wet_to_wet,0.6,26,20260931,0.875
wearable,wet_to_wet,0.6,27,20260931,0.3166666666666667
wearable,wet_to_wet,0.6,28,20260931,0.6083333333333333
wearable,wet_to_wet,0.6,29,20260931,0.8500000000000001
wearable,wet_to_wet,0.6,30,20260931,0.8333333333333334
wearable,wet_to_wet,0.6,31,20260931,0.7083333333333334
wearable,wet_to_wet,0.6,32,20260931,0.725
wearable,wet_to_wet,0.6,33,20260931,0.4083333333333334
wearable,wet_to_wet,0.6,34,20260931,0.5083333333333333
wearable,wet_to_wet,0.6,35,20260931,0.3
wearable,wet_to_wet,0.6,36,20260931,0.5499999999999999
wearable,wet_to_wet,0.6,37,20260931,0.15833333333333333
wearable,wet_to_wet,0.6,38,20260931,0.9833333333333334
wearable,wet_to_wet,0.6,39,20260931,0.7416666666666667
wearable,wet_to_wet,0.6,40,20260931,0.8166666666666668
wearable,wet_to_wet,0.6,41,20260931,0.44166666666666665
wearable,wet_to_wet,0.6,42,20260931,0.34166666666666673
wearable,wet_to_wet,0.6,43,20260931,0.5
wearable,wet_to_wet,0.6,44,20260931,0.25833333333333336
wearable,wet_to_wet,0.6,45,20260931,0.31666666666666665
wearable,wet_to_wet,0.6,46,20260931,0.29166666666666663
wearable,wet_to_wet,0.6,47,20260931,0.17500000000000002
wearable,wet_to_wet,0.6,48,20260931,0.75
wearable,wet_to_wet,0.6,49,20260931,0.20833333333333334
wearable,wet_to_wet,0.6,50,20260931,0.5083333333333333
wearable,wet_to_wet,0.6,51,20260931,0.5833333333333334
wearable,wet_to_wet,0.6,52,20260931,0.7916666666666669
wearable,wet_to_wet,0.6,53,20260931,0.7916666666666666
wearable,wet_to_wet,0.6,54,20260931,0.7666666666666666
wearable,wet_to_wet,0.6,55,20260931,0.36666666666666664
wearable,wet_to_wet,0.6,56,20260931,0.9083333333333333
wearable,wet_to_wet,0.6,57,20260931,0.43333333333333335
wearable,wet_to_wet,0.6,58,20260931,0.7166666666666667
wearable,wet_to_wet,0.6,59,20260931,0.19999999999999998
wearable,wet_to_wet,0.6,60,20260931,0.5666666666666667
wearable,wet_to_wet,0.6,61,20260931,0.5833333333333334
wearable,wet_to_wet,0.6,62,20260931,0.5166666666666667
wearable,wet_to_wet,0.6,63,20260931,0.7500000000000001
wearable,wet_to_wet,0.6,64,20260931,0.49166666666666664
wearable,wet_to_wet,0.6,65,20260931,0.4749999999999999
wearable,wet_to_wet,0.6,66,20260931,0.875
wearable,wet_to_wet,0.6,67,20260931,0.46666666666666673
wearable,wet_to_wet,0.6,68,20260931,0.8416666666666668
wearable,wet_to_wet,0.6,69,20260931,1.0
wearable,wet_to_wet,0.6,70,20260931,0.3
wearable,wet_to_wet,0.6,71,20260931,0.26666666666666666
wearable,wet_to_wet,0.6,72,20260931,0.5583333333333332
wearable,wet_to_wet,0.6,73,20260931,0.35000000000000003
wearable,wet_to_wet,0.6,74,20260931,0.4916666666666667
wearable,wet_to_wet,0.6,75,20260931,0.3333333333333333
wearable,wet_to_wet,0.6,76,20260931,0.13333333333333333
wearable,wet_to_wet,0.6,77,20260931,0.4333333333333334
wearable,wet_to_wet,0.6,78,20260931,0.18333333333333335
wearable,wet_to_wet,0.6,79,20260931,0.36666666666666664
wearable,wet_to_wet,0.6,80,20260931,0.8166666666666668
wearable,wet_to_wet,0.6,81,20260931,0.8416666666666668
wearable,wet_to_wet,0.6,82,20260931,0.6083333333333333
wearable,wet_to_wet,0.6,83,20260931,0.48333333333333334
wearable,wet_to_wet,0.6,84,20260931,0.9166666666666666
wearable,wet_to_wet,0.6,85,20260931,0.65
wearable,wet_to_wet,0.6,86,20260931,0.8250000000000002
wearable,wet_to_wet,0.6,87,20260931,0.9250000000000002
wearable,wet_to_wet,0.6,88,20260931,0.6833333333333332
wearable,wet_to_wet,0.6,89,20260931,0.7416666666666667
wearable,wet_to_wet,0.6,90,20260931,0.3416666666666666
wearable,wet_to_wet,0.6,91,20260931,0.6166666666666667
wearable,wet_to_wet,0.6,92,20260931,0.875
wearable,wet_to_wet,0.6,93,20260931,0.7583333333333332
wearable,wet_to_wet,0.6,94,20260931,0.44999999999999996
wearable,wet_to_wet,0.6,95,20260931,0.2833333333333333
wearable,wet_to_wet,0.6,96,20260931,0.3666666666666667
wearable,wet_to_wet,0.6,97,20260931,0.225
wearable,wet_to_wet,0.6,98,20260931,0.8333333333333335
wearable,wet_to_wet,0.6,99,20260931,0.7166666666666667
wearable,wet_to_wet,0.6,100,20260931,0.5666666666666667
wearable,wet_to_wet,0.6,101,20260931,0.5583333333333332
wearable,wet_to_wet,0.6,102,20260931,0.6083333333333333
wearable,wet_to_wet,0.8,1,20260929,0.39999999999999997
wearable,wet_to_wet,0.8,2,20260929,0.725
wearable,wet_to_wet,0.8,3,20260929,0.7500000000000001
wearable,wet_to_wet,0.8,4,20260929,0.9083333333333333
wearable,wet_to_wet,0.8,5,20260929,0.5000000000000001
wearable,wet_to_wet,0.8,6,20260929,0.3
wearable,wet_to_wet,0.8,7,20260929,0.875
wearable,wet_to_wet,0.8,8,20260929,0.8083333333333335
wearable,wet_to_wet,0.8,9,20260929,0.6833333333333332
wearable,wet_to_wet,0.8,10,20260929,0.6333333333333334
wearable,wet_to_wet,0.8,11,20260929,0.7166666666666667
wearable,wet_to_wet,0.8,12,20260929,0.9500000000000001
wearable,wet_to_wet,0.8,13,20260929,0.42500000000000004
wearable,wet_to_wet,0.8,14,20260929,0.7166666666666667
wearable,wet_to_wet,0.8,15,20260929,0.5500000000000002
wearable,wet_to_wet,0.8,16,20260929,0.3999999999999999
wearable,wet_to_wet,0.8,17,20260929,0.7333333333333334
wearable,wet_to_wet,0.8,18,20260929,0.6416666666666667
wearable,wet_to_wet,0.8,19,20260929,0.8666666666666667
wearable,wet_to_wet,0.8,20,20260929,0.7583333333333334
wearable,wet_to_wet,0.8,21,20260929,0.5750000000000001
wearable,wet_to_wet,0.8,22,20260929,0.42500000000000004
wearable,wet_to_wet,0.8,23,20260929,0.8666666666666667
wearable,wet_to_wet,0.8,24,20260929,0.6000000000000001
wearable,wet_to_wet,0.8,25,20260929,0.26666666666666666
wearable,wet_to_wet,0.8,26,20260929,0.8916666666666667
wearable,wet_to_wet,0.8,27,20260929,0.3333333333333333
wearable,wet_to_wet,0.8,28,20260929,0.7666666666666666
wearable,wet_to_wet,0.8,29,20260929,0.9
wearable,wet_to_wet,0.8,30,20260929,0.9249999999999999
wearable,wet_to_wet,0.8,31,20260929,0.8166666666666668
wearable,wet_to_wet,0.8,32,20260929,0.8583333333333335
wearable,wet_to_wet,0.8,33,20260929,0.42500000000000004
wearable,wet_to_wet,0.8,34,20260929,0.7333333333333334
wearable,wet_to_wet,0.8,35,20260929,0.36666666666666664
wearable,wet_to_wet,0.8,36,20260929,0.5750000000000001
wearable,wet_to_wet,0.8,37,20260929,0.2833333333333333
wearable,wet_to_wet,0.8,38,20260929,0.9916666666666667
wearable,wet_to_wet,0.8,39,20260929,0.7416666666666667
wearable,wet_to_wet,0.8,40,20260929,0.9333333333333332
wearable,wet_to_wet,0.8,41,20260929,0.5833333333333334
wearable,wet_to_wet,0.8,42,20260929,0.425
wearable,wet_to_wet,0.8,43,20260929,0.65
wearable,wet_to_wet,0.8,44,20260929,0.375
wearable,wet_to_wet,0.8,45,20260929,0.39166666666666666
wearable,wet_to_wet,0.8,46,20260929,0.39999999999999997
wearable,wet_to_wet,0.8,47,20260929,0.2416666666666667
wearable,wet_to_wet,0.8,48,20260929,0.8500000000000001
wearable,wet_to_wet,0.8,49,20260929,0.3916666666666666
wearable,wet_to_wet,0.8,50,20260929,0.6749999999999999
wearable,wet_to_wet,0.8,51,20260929,0.7083333333333334
wearable,wet_to_wet,0.8,52,20260929,0.9166666666666669
wearable,wet_to_wet,0.8,53,20260929,0.7916666666666666
wearable,wet_to_wet,0.8,54,20260929,0.8833333333333333
wearable,wet_to_wet,0.8,55,20260929,0.5083333333333333
wearable,wet_to_wet,0.8,56,20260929,0.9666666666666667
wearable,wet_to_wet,0.8,57,20260929,0.5083333333333333
wearable,wet_to_wet,0.8,58,20260929,0.8083333333333335
wearable,wet_to_wet,0.8,59,20260929,0.25
wearable,wet_to_wet,0.8,60,20260929,0.6916666666666668
wearable,wet_to_wet,0.8,61,20260929,0.6250000000000001
wearable,wet_to_wet,0.8,62,20260929,0.6583333333333333
wearable,wet_to_wet,0.8,63,20260929,0.8250000000000001
wearable,wet_to_wet,0.8,64,20260929,0.4583333333333333
wearable,wet_to_wet,0.8,65,20260929,0.6333333333333333
wearable,wet_to_wet,0.8,66,20260929,0.9416666666666668
wearable,wet_to_wet,0.8,67,20260929,0.4166666666666667
wearable,wet_to_wet,0.8,68,20260929,0.8833333333333333
wearable,wet_to_wet,0.8,69,20260929,1.0
wearable,wet_to_wet,0.8,70,20260929,0.425
wearable,wet_to_wet,0.8,71,20260929,0.3416666666666666
wearable,wet_to_wet,0.8,72,20260929,0.6750000000000002
wearable,wet_to_wet,0.8,73,20260929,0.39999999999999997
wearable,wet_to_wet,0.8,74,20260929,0.45833333333333326
wearable,wet_to_wet,0.8,75,20260929,0.5416666666666666
wearable,wet_to_wet,0.8,76,20260929,0.125
wearable,wet_to_wet,0.8,77,20260929,0.425
wearable,wet_to_wet,0.8,78,20260929,0.2333333333333333
wearable,wet_to_wet,0.8,79,20260929,0.3916666666666668
wearable,wet_to_wet,0.8,80,20260929,0.9750000000000001
wearable,wet_to_wet,0.8,81,20260929,0.9166666666666666
wearable,wet_to_wet,0.8,82,20260929,0.7333333333333333
wearable,wet_to_wet,0.8,83,20260929,0.49999999999999994
wearable,wet_to_wet,0.8,84,20260929,0.9500000000000001
wearable,wet_to_wet,0.8,85,20260929,0.7166666666666667
wearable,wet_to_wet,0.8,86,20260929,0.875
wearable,wet_to_wet,0.8,87,20260929,0.9500000000000001
wearable,wet_to_wet,0.8,88,20260929,0.8416666666666667
wearable,wet_to_wet,0.8,89,20260929,0.8833333333333333
wearable,wet_to_wet,0.8,90,20260929,0.36666666666666664
wearable,wet_to_wet,0.8,91,20260929,0.7999999999999999
wearable,wet_to_wet,0.8,92,20260929,0.9250000000000002
wearable,wet_to_wet,0.8,93,20260929,0.8916666666666666
wearable,wet_to_wet,0.8,94,20260929,0.49999999999999994
wearable,wet_to_wet,0.8,95,20260929,0.39166666666666666
wearable,wet_to_wet,0.8,96,20260929,0.525
wearable,wet_to_wet,0.8,97,20260929,0.2416666666666667
wearable,wet_to_wet,0.8,98,20260929,0.9416666666666668
wearable,wet_to_wet,0.8,99,20260929,0.7666666666666667
wearable,wet_to_wet,0.8,100,20260929,0.7083333333333334
wearable,wet_to_wet,0.8,101,20260929,0.6666666666666669
wearable,wet_to_wet,0.8,102,20260929,0.5499999999999999
wearable,wet_to_wet,0.8,1,20260930,0.40833333333333327
wearable,wet_to_wet,0.8,2,20260930,0.6749999999999999
wearable,wet_to_wet,0.8,3,20260930,0.7500000000000001
wearable,wet_to_wet,0.8,4,20260930,0.8750000000000001
wearable,wet_to_wet,0.8,5,20260930,0.4166666666666667
wearable,wet_to_wet,0.8,6,20260930,0.325
wearable,wet_to_wet,0.8,7,20260930,0.9
wearable,wet_to_wet,0.8,8,20260930,0.8166666666666668
wearable,wet_to_wet,0.8,9,20260930,0.5916666666666667
wearable,wet_to_wet,0.8,10,20260930,0.6416666666666667
wearable,wet_to_wet,0.8,11,20260930,0.6750000000000002
wearable,wet_to_wet,0.8,12,20260930,0.9416666666666668
wearable,wet_to_wet,0.8,13,20260930,0.5083333333333333
wearable,wet_to_wet,0.8,14,20260930,0.7083333333333334
wearable,wet_to_wet,0.8,15,20260930,0.5499999999999999
wearable,wet_to_wet,0.8,16,20260930,0.34166666666666673
wearable,wet_to_wet,0.8,17,20260930,0.7999999999999999
wearable,wet_to_wet,0.8,18,20260930,0.6333333333333333
wearable,wet_to_wet,0.8,19,20260930,0.8916666666666666
wearable,wet_to_wet,0.8,20,20260930,0.75
wearable,wet_to_wet,0.8,21,20260930,0.525
wearable,wet_to_wet,0.8,22,20260930,0.3666666666666667
wearable,wet_to_wet,0.8,23,20260930,0.8500000000000001
wearable,wet_to_wet,0.8,24,20260930,0.625
wearable,wet_to_wet,0.8,25,20260930,0.21666666666666667
wearable,wet_to_wet,0.8,26,20260930,0.9
wearable,wet_to_wet,0.8,27,20260930,0.34166666666666673
wearable,wet_to_wet,0.8,28,20260930,0.7416666666666666
wearable,wet_to_wet,0.8,29,20260930,0.9250000000000002
wearable,wet_to_wet,0.8,30,20260930,0.9166666666666666
wearable,wet_to_wet,0.8,31,20260930,0.8416666666666668
wearable,wet_to_wet,0.8,32,20260930,0.8333333333333335
wearable,wet_to_wet,0.8,33,20260930,0.4083333333333334
wearable,wet_to_wet,0.8,34,20260930,0.6416666666666667
wearable,wet_to_wet,0.8,35,20260930,0.45
wearable,wet_to_wet,0.8,36,20260930,0.6166666666666667
wearable,wet_to_wet,0.8,37,20260930,0.275
wearable,wet_to_wet,0.8,38,20260930,0.9916666666666667
wearable,wet_to_wet,0.8,39,20260930,0.8000000000000002
wearable,wet_to_wet,0.8,40,20260930,0.9083333333333333
wearable,wet_to_wet,0.8,41,20260930,0.625
wearable,wet_to_wet,0.8,42,20260930,0.525
wearable,wet_to_wet,0.8,43,20260930,0.7416666666666667
wearable,wet_to_wet,0.8,44,20260930,0.3666666666666667
wearable,wet_to_wet,0.8,45,20260930,0.39166666666666666
wearable,wet_to_wet,0.8,46,20260930,0.3333333333333333
wearable,wet_to_wet,0.8,47,20260930,0.23333333333333336
wearable,wet_to_wet,0.8,48,20260930,0.8833333333333333
wearable,wet_to_wet,0.8,49,20260930,0.3999999999999999
wearable,wet_to_wet,0.8,50,20260930,0.6083333333333333
wearable,wet_to_wet,0.8,51,20260930,0.6666666666666666
wearable,wet_to_wet,0.8,52,20260930,0.9250000000000002
wearable,wet_to_wet,0.8,53,20260930,0.8333333333333335
wearable,wet_to_wet,0.8,54,20260930,0.8416666666666667
wearable,wet_to_wet,0.8,55,20260930,0.5666666666666667
wearable,wet_to_wet,0.8,56,20260930,0.9500000000000001
wearable,wet_to_wet,0.8,57,20260930,0.4666666666666666
wearable,wet_to_wet,0.8,58,20260930,0.8083333333333332
wearable,wet_to_wet,0.8,59,20260930,0.19166666666666668
wearable,wet_to_wet,0.8,60,20260930,0.6916666666666665
wearable,wet_to_wet,0.8,61,20260930,0.5666666666666668
wearable,wet_to_wet,0.8,62,20260930,0.6750000000000002
wearable,wet_to_wet,0.8,63,20260930,0.8750000000000001
wearable,wet_to_wet,0.8,64,20260930,0.4666666666666666
wearable,wet_to_wet,0.8,65,20260930,0.5583333333333333
wearable,wet_to_wet,0.8,66,20260930,0.9583333333333334
wearable,wet_to_wet,0.8,67,20260930,0.5083333333333333
wearable,wet_to_wet,0.8,68,20260930,0.9500000000000001
wearable,wet_to_wet,0.8,69,20260930,1.0
wearable,wet_to_wet,0.8,70,20260930,0.4416666666666667
wearable,wet_to_wet,0.8,71,20260930,0.3166666666666667
wearable,wet_to_wet,0.8,72,20260930,0.6583333333333334
wearable,wet_to_wet,0.8,73,20260930,0.4666666666666666
wearable,wet_to_wet,0.8,74,20260930,0.5333333333333332
wearable,wet_to_wet,0.8,75,20260930,0.6749999999999999
wearable,wet_to_wet,0.8,76,20260930,0.15833333333333335
wearable,wet_to_wet,0.8,77,20260930,0.5333333333333333
wearable,wet_to_wet,0.8,78,20260930,0.19166666666666665
wearable,wet_to_wet,0.8,79,20260930,0.3666666666666667
wearable,wet_to_wet,0.8,80,20260930,0.9500000000000001
wearable,wet_to_wet,0.8,81,20260930,0.9166666666666666
wearable,wet_to_wet,0.8,82,20260930,0.7916666666666666
wearable,wet_to_wet,0.8,83,20260930,0.6416666666666666
wearable,wet_to_wet,0.8,84,20260930,0.9666666666666667
wearable,wet_to_wet,0.8,85,20260930,0.7333333333333334
wearable,wet_to_wet,0.8,86,20260930,0.8666666666666667
wearable,wet_to_wet,0.8,87,20260930,0.9666666666666667
wearable,wet_to_wet,0.8,88,20260930,0.7916666666666665
wearable,wet_to_wet,0.8,89,20260930,0.8583333333333334
wearable,wet_to_wet,0.8,90,20260930,0.39999999999999997
wearable,wet_to_wet,0.8,91,20260930,0.7083333333333334
wearable,wet_to_wet,0.8,92,20260930,0.9250000000000002
wearable,wet_to_wet,0.8,93,20260930,0.8666666666666666
wearable,wet_to_wet,0.8,94,20260930,0.5583333333333333
wearable,wet_to_wet,0.8,95,20260930,0.3
wearable,wet_to_wet,0.8,96,20260930,0.425
wearable,wet_to_wet,0.8,97,20260930,0.31666666666666665
wearable,wet_to_wet,0.8,98,20260930,0.9083333333333335
wearable,wet_to_wet,0.8,99,20260930,0.7999999999999999
wearable,wet_to_wet,0.8,100,20260930,0.7416666666666667
wearable,wet_to_wet,0.8,101,20260930,0.6666666666666666
wearable,wet_to_wet,0.8,102,20260930,0.5666666666666668
wearable,wet_to_wet,0.8,1,20260931,0.44999999999999996
wearable,wet_to_wet,0.8,2,20260931,0.7416666666666667
wearable,wet_to_wet,0.8,3,20260931,0.6916666666666665
wearable,wet_to_wet,0.8,4,20260931,0.9333333333333335
wearable,wet_to_wet,0.8,5,20260931,0.4333333333333333
wearable,wet_to_wet,0.8,6,20260931,0.325
wearable,wet_to_wet,0.8,7,20260931,0.8666666666666667
wearable,wet_to_wet,0.8,8,20260931,0.8083333333333332
wearable,wet_to_wet,0.8,9,20260931,0.65
wearable,wet_to_wet,0.8,10,20260931,0.5916666666666667
wearable,wet_to_wet,0.8,11,20260931,0.6833333333333332
wearable,wet_to_wet,0.8,12,20260931,0.9
wearable,wet_to_wet,0.8,13,20260931,0.425
wearable,wet_to_wet,0.8,14,20260931,0.7583333333333333
wearable,wet_to_wet,0.8,15,20260931,0.5833333333333334
wearable,wet_to_wet,0.8,16,20260931,0.3166666666666667
wearable,wet_to_wet,0.8,17,20260931,0.775
wearable,wet_to_wet,0.8,18,20260931,0.6249999999999999
wearable,wet_to_wet,0.8,19,20260931,0.9
wearable,wet_to_wet,0.8,20,20260931,0.6833333333333332
wearable,wet_to_wet,0.8,21,20260931,0.55
wearable,wet_to_wet,0.8,22,20260931,0.3416666666666666
wearable,wet_to_wet,0.8,23,20260931,0.8666666666666667
wearable,wet_to_wet,0.8,24,20260931,0.6083333333333333
wearable,wet_to_wet,0.8,25,20260931,0.2416666666666667
wearable,wet_to_wet,0.8,26,20260931,0.8833333333333334
wearable,wet_to_wet,0.8,27,20260931,0.3499999999999999
wearable,wet_to_wet,0.8,28,20260931,0.775
wearable,wet_to_wet,0.8,29,20260931,0.8916666666666667
wearable,wet_to_wet,0.8,30,20260931,0.9249999999999999
wearable,wet_to_wet,0.8,31,20260931,0.8333333333333335
wearable,wet_to_wet,0.8,32,20260931,0.8166666666666665
wearable,wet_to_wet,0.8,33,20260931,0.46666666666666673
wearable,wet_to_wet,0.8,34,20260931,0.5916666666666667
wearable,wet_to_wet,0.8,35,20260931,0.3833333333333333
wearable,wet_to_wet,0.8,36,20260931,0.6416666666666666
wearable,wet_to_wet,0.8,37,20260931,0.28333333333333327
wearable,wet_to_wet,0.8,38,20260931,0.9916666666666667
wearable,wet_to_wet,0.8,39,20260931,0.8333333333333334
wearable,wet_to_wet,0.8,40,20260931,0.9
wearable,wet_to_wet,0.8,41,20260931,0.5416666666666667
wearable,wet_to_wet,0.8,42,20260931,0.4083333333333334
wearable,wet_to_wet,0.8,43,20260931,0.6083333333333333
wearable,wet_to_wet,0.8,44,20260931,0.3083333333333333
wearable,wet_to_wet,0.8,45,20260931,0.3333333333333333
wearable,wet_to_wet,0.8,46,20260931,0.37500000000000006
wearable,wet_to_wet,0.8,47,20260931,0.25833333333333336
wearable,wet_to_wet,0.8,48,20260931,0.8333333333333334
wearable,wet_to_wet,0.8,49,20260931,0.40833333333333327
wearable,wet_to_wet,0.8,50,20260931,0.6333333333333334
wearable,wet_to_wet,0.8,51,20260931,0.6083333333333334
wearable,wet_to_wet,0.8,52,20260931,0.9083333333333333
wearable,wet_to_wet,0.8,53,20260931,0.8166666666666668
wearable,wet_to_wet,0.8,54,20260931,0.8666666666666668
wearable,wet_to_wet,0.8,55,20260931,0.5333333333333333
wearable,wet_to_wet,0.8,56,20260931,0.9833333333333334
wearable,wet_to_wet,0.8,57,20260931,0.5000000000000001
wearable,wet_to_wet,0.8,58,20260931,0.8250000000000001
wearable,wet_to_wet,0.8,59,20260931,0.30833333333333335
wearable,wet_to_wet,0.8,60,20260931,0.6916666666666668
wearable,wet_to_wet,0.8,61,20260931,0.6
wearable,wet_to_wet,0.8,62,20260931,0.6333333333333332
wearable,wet_to_wet,0.8,63,20260931,0.8833333333333334
wearable,wet_to_wet,0.8,64,20260931,0.4666666666666666
wearable,wet_to_wet,0.8,65,20260931,0.5833333333333334
wearable,wet_to_wet,0.8,66,20260931,0.875
wearable,wet_to_wet,0.8,67,20260931,0.5583333333333332
wearable,wet_to_wet,0.8,68,20260931,0.9
wearable,wet_to_wet,0.8,69,20260931,1.0
wearable,wet_to_wet,0.8,70,20260931,0.3166666666666667
wearable,wet_to_wet,0.8,71,20260931,0.30833333333333335
wearable,wet_to_wet,0.8,72,20260931,0.6333333333333333
wearable,wet_to_wet,0.8,73,20260931,0.425
wearable,wet_to_wet,0.8,74,20260931,0.5166666666666667
wearable,wet_to_wet,0.8,75,20260931,0.5000000000000001
wearable,wet_to_wet,0.8,76,20260931,0.15833333333333335
wearable,wet_to_wet,0.8,77,20260931,0.525
wearable,wet_to_wet,0.8,78,20260931,0.21666666666666665
wearable,wet_to_wet,0.8,79,20260931,0.39166666666666666
wearable,wet_to_wet,0.8,80,20260931,0.9416666666666668
wearable,wet_to_wet,0.8,81,20260931,0.9333333333333335
wearable,wet_to_wet,0.8,82,20260931,0.7166666666666667
wearable,wet_to_wet,0.8,83,20260931,0.5833333333333334
wearable,wet_to_wet,0.8,84,20260931,0.9583333333333334
wearable,wet_to_wet,0.8,85,20260931,0.8000000000000002
wearable,wet_to_wet,0.8,86,20260931,0.8583333333333334
wearable,wet_to_wet,0.8,87,20260931,0.975
wearable,wet_to_wet,0.8,88,20260931,0.7916666666666666
wearable,wet_to_wet,0.8,89,20260931,0.875
wearable,wet_to_wet,0.8,90,20260931,0.3666666666666667
wearable,wet_to_wet,0.8,91,20260931,0.7583333333333334
wearable,wet_to_wet,0.8,92,20260931,0.9333333333333335
wearable,wet_to_wet,0.8,93,20260931,0.8500000000000001
wearable,wet_to_wet,0.8,94,20260931,0.4916666666666667
wearable,wet_to_wet,0.8,95,20260931,0.3
wearable,wet_to_wet,0.8,96,20260931,0.48333333333333334
wearable,wet_to_wet,0.8,97,20260931,0.23333333333333336
wearable,wet_to_wet,0.8,98,20260931,0.9
wearable,wet_to_wet,0.8,99,20260931,0.7250000000000001
wearable,wet_to_wet,0.8,100,20260931,0.7083333333333334
wearable,wet_to_wet,0.8,101,20260931,0.6666666666666666
wearable,wet_to_wet,0.8,102,20260931,0.6583333333333333
wearable,wet_to_wet,1.0,1,20260929,0.44166666666666665
wearable,wet_to_wet,1.0,2,20260929,0.8250000000000001
wearable,wet_to_wet,1.0,3,20260929,0.8416666666666668
wearable,wet_to_wet,1.0,4,20260929,0.9833333333333334
wearable,wet_to_wet,1.0,5,20260929,0.575
wearable,wet_to_wet,1.0,6,20260929,0.3416666666666666
wearable,wet_to_wet,1.0,7,20260929,0.8666666666666667
wearable,wet_to_wet,1.0,8,20260929,0.8250000000000001
wearable,wet_to_wet,1.0,9,20260929,0.8250000000000001
wearable,wet_to_wet,1.0,10,20260929,0.6749999999999999
wearable,wet_to_wet,1.0,11,20260929,0.6916666666666665
wearable,wet_to_wet,1.0,12,20260929,0.9833333333333334
wearable,wet_to_wet,1.0,13,20260929,0.5166666666666666
wearable,wet_to_wet,1.0,14,20260929,0.7749999999999999
wearable,wet_to_wet,1.0,15,20260929,0.5833333333333334
wearable,wet_to_wet,1.0,16,20260929,0.39999999999999997
wearable,wet_to_wet,1.0,17,20260929,0.7916666666666666
wearable,wet_to_wet,1.0,18,20260929,0.7416666666666667
wearable,wet_to_wet,1.0,19,20260929,0.9250000000000002
wearable,wet_to_wet,1.0,20,20260929,0.7583333333333334
wearable,wet_to_wet,1.0,21,20260929,0.7083333333333334
wearable,wet_to_wet,1.0,22,20260929,0.4666666666666666
wearable,wet_to_wet,1.0,23,20260929,0.8833333333333333
wearable,wet_to_wet,1.0,24,20260929,0.6416666666666666
wearable,wet_to_wet,1.0,25,20260929,0.3
wearable,wet_to_wet,1.0,26,20260929,0.9500000000000002
wearable,wet_to_wet,1.0,27,20260929,0.3166666666666667
wearable,wet_to_wet,1.0,28,20260929,0.7916666666666666
wearable,wet_to_wet,1.0,29,20260929,0.9583333333333335
wearable,wet_to_wet,1.0,30,20260929,0.9583333333333334
wearable,wet_to_wet,1.0,31,20260929,0.8583333333333333
wearable,wet_to_wet,1.0,32,20260929,0.8833333333333334
wearable,wet_to_wet,1.0,33,20260929,0.5083333333333333
wearable,wet_to_wet,1.0,34,20260929,0.7999999999999999
wearable,wet_to_wet,1.0,35,20260929,0.48333333333333334
wearable,wet_to_wet,1.0,36,20260929,0.5416666666666666
wearable,wet_to_wet,1.0,37,20260929,0.39166666666666666
wearable,wet_to_wet,1.0,38,20260929,1.0
wearable,wet_to_wet,1.0,39,20260929,0.8250000000000001
wearable,wet_to_wet,1.0,40,20260929,0.9249999999999999
wearable,wet_to_wet,1.0,41,20260929,0.65
wearable,wet_to_wet,1.0,42,20260929,0.5583333333333333
wearable,wet_to_wet,1.0,43,20260929,0.75
wearable,wet_to_wet,1.0,44,20260929,0.4000000000000001
wearable,wet_to_wet,1.0,45,20260929,0.4500000000000001
wearable,wet_to_wet,1.0,46,20260929,0.42500000000000004
wearable,wet_to_wet,1.0,47,20260929,0.28333333333333327
wearable,wet_to_wet,1.0,48,20260929,0.9250000000000002
wearable,wet_to_wet,1.0,49,20260929,0.4916666666666667
wearable,wet_to_wet,1.0,50,20260929,0.75
wearable,wet_to_wet,1.0,51,20260929,0.7333333333333333
wearable,wet_to_wet,1.0,52,20260929,0.9083333333333333
wearable,wet_to_wet,1.0,53,20260929,0.8333333333333334
wearable,wet_to_wet,1.0,54,20260929,0.9250000000000002
wearable,wet_to_wet,1.0,55,20260929,0.5583333333333333
wearable,wet_to_wet,1.0,56,20260929,0.9916666666666667
wearable,wet_to_wet,1.0,57,20260929,0.5416666666666666
wearable,wet_to_wet,1.0,58,20260929,0.8333333333333335
wearable,wet_to_wet,1.0,59,20260929,0.31666666666666665
wearable,wet_to_wet,1.0,60,20260929,0.8083333333333335
wearable,wet_to_wet,1.0,61,20260929,0.5916666666666668
wearable,wet_to_wet,1.0,62,20260929,0.6666666666666666
wearable,wet_to_wet,1.0,63,20260929,0.9333333333333332
wearable,wet_to_wet,1.0,64,20260929,0.48333333333333334
wearable,wet_to_wet,1.0,65,20260929,0.65
wearable,wet_to_wet,1.0,66,20260929,0.9500000000000001
wearable,wet_to_wet,1.0,67,20260929,0.5499999999999999
wearable,wet_to_wet,1.0,68,20260929,0.9333333333333332
wearable,wet_to_wet,1.0,69,20260929,1.0
wearable,wet_to_wet,1.0,70,20260929,0.48333333333333334
wearable,wet_to_wet,1.0,71,20260929,0.2916666666666667
wearable,wet_to_wet,1.0,72,20260929,0.7833333333333333
wearable,wet_to_wet,1.0,73,20260929,0.6083333333333333
wearable,wet_to_wet,1.0,74,20260929,0.5583333333333333
wearable,wet_to_wet,1.0,75,20260929,0.5583333333333335
wearable,wet_to_wet,1.0,76,20260929,0.18333333333333332
wearable,wet_to_wet,1.0,77,20260929,0.4916666666666667
wearable,wet_to_wet,1.0,78,20260929,0.24999999999999997
wearable,wet_to_wet,1.0,79,20260929,0.39166666666666666
wearable,wet_to_wet,1.0,80,20260929,0.9750000000000001
wearable,wet_to_wet,1.0,81,20260929,0.9500000000000001
wearable,wet_to_wet,1.0,82,20260929,0.8000000000000002
wearable,wet_to_wet,1.0,83,20260929,0.6
wearable,wet_to_wet,1.0,84,20260929,0.9666666666666667
wearable,wet_to_wet,1.0,85,20260929,0.8666666666666667
wearable,wet_to_wet,1.0,86,20260929,0.9166666666666669
wearable,wet_to_wet,1.0,87,20260929,0.975
wearable,wet_to_wet,1.0,88,20260929,0.9
wearable,wet_to_wet,1.0,89,20260929,0.9249999999999999
wearable,wet_to_wet,1.0,90,20260929,0.4166666666666666
wearable,wet_to_wet,1.0,91,20260929,0.85
wearable,wet_to_wet,1.0,92,20260929,0.9666666666666667
wearable,wet_to_wet,1.0,93,20260929,0.8833333333333333
wearable,wet_to_wet,1.0,94,20260929,0.5583333333333333
wearable,wet_to_wet,1.0,95,20260929,0.4083333333333334
wearable,wet_to_wet,1.0,96,20260929,0.6416666666666667
wearable,wet_to_wet,1.0,97,20260929,0.26666666666666666
wearable,wet_to_wet,1.0,98,20260929,0.9583333333333334
wearable,wet_to_wet,1.0,99,20260929,0.8166666666666668
wearable,wet_to_wet,1.0,100,20260929,0.8166666666666665
wearable,wet_to_wet,1.0,101,20260929,0.6416666666666667
wearable,wet_to_wet,1.0,102,20260929,0.6166666666666666
wearable,wet_to_wet,1.0,1,20260930,0.45
wearable,wet_to_wet,1.0,2,20260930,0.725
wearable,wet_to_wet,1.0,3,20260930,0.8250000000000001
wearable,wet_to_wet,1.0,4,20260930,0.9416666666666668
wearable,wet_to_wet,1.0,5,20260930,0.42500000000000004
wearable,wet_to_wet,1.0,6,20260930,0.3083333333333333
wearable,wet_to_wet,1.0,7,20260930,0.8833333333333334
wearable,wet_to_wet,1.0,8,20260930,0.8500000000000001
wearable,wet_to_wet,1.0,9,20260930,0.6666666666666666
wearable,wet_to_wet,1.0,10,20260930,0.6833333333333332
wearable,wet_to_wet,1.0,11,20260930,0.7666666666666667
wearable,wet_to_wet,1.0,12,20260930,1.0
wearable,wet_to_wet,1.0,13,20260930,0.6333333333333334
wearable,wet_to_wet,1.0,14,20260930,0.7583333333333334
wearable,wet_to_wet,1.0,15,20260930,0.6
wearable,wet_to_wet,1.0,16,20260930,0.4083333333333334
wearable,wet_to_wet,1.0,17,20260930,0.8500000000000001
wearable,wet_to_wet,1.0,18,20260930,0.7416666666666666
wearable,wet_to_wet,1.0,19,20260930,0.9333333333333335
wearable,wet_to_wet,1.0,20,20260930,0.7666666666666666
wearable,wet_to_wet,1.0,21,20260930,0.625
wearable,wet_to_wet,1.0,22,20260930,0.4333333333333333
wearable,wet_to_wet,1.0,23,20260930,0.8416666666666668
wearable,wet_to_wet,1.0,24,20260930,0.7166666666666667
wearable,wet_to_wet,1.0,25,20260930,0.2333333333333333
wearable,wet_to_wet,1.0,26,20260930,0.9416666666666668
wearable,wet_to_wet,1.0,27,20260930,0.38333333333333336
wearable,wet_to_wet,1.0,28,20260930,0.7416666666666666
wearable,wet_to_wet,1.0,29,20260930,0.9333333333333335
wearable,wet_to_wet,1.0,30,20260930,0.9583333333333334
wearable,wet_to_wet,1.0,31,20260930,0.8833333333333334
wearable,wet_to_wet,1.0,32,20260930,0.8416666666666668
wearable,wet_to_wet,1.0,33,20260930,0.4583333333333333
wearable,wet_to_wet,1.0,34,20260930,0.7166666666666667
wearable,wet_to_wet,1.0,35,20260930,0.5333333333333333
wearable,wet_to_wet,1.0,36,20260930,0.5583333333333332
wearable,wet_to_wet,1.0,37,20260930,0.37499999999999994
wearable,wet_to_wet,1.0,38,20260930,1.0
wearable,wet_to_wet,1.0,39,20260930,0.8666666666666667
wearable,wet_to_wet,1.0,40,20260930,0.9583333333333334
wearable,wet_to_wet,1.0,41,20260930,0.6666666666666666
wearable,wet_to_wet,1.0,42,20260930,0.5416666666666666
wearable,wet_to_wet,1.0,43,20260930,0.8083333333333335
wearable,wet_to_wet,1.0,44,20260930,0.40833333333333327
wearable,wet_to_wet,1.0,45,20260930,0.3333333333333333
wearable,wet_to_wet,1.0,46,20260930,0.41666666666666674
wearable,wet_to_wet,1.0,47,20260930,0.3
wearable,wet_to_wet,1.0,48,20260930,0.9500000000000001
wearable,wet_to_wet,1.0,49,20260930,0.4249999999999999
wearable,wet_to_wet,1.0,50,20260930,0.725
wearable,wet_to_wet,1.0,51,20260930,0.725
wearable,wet_to_wet,1.0,52,20260930,0.9083333333333333
wearable,wet_to_wet,1.0,53,20260930,0.8416666666666668
wearable,wet_to_wet,1.0,54,20260930,0.9333333333333335
wearable,wet_to_wet,1.0,55,20260930,0.6083333333333333
wearable,wet_to_wet,1.0,56,20260930,0.9500000000000001
wearable,wet_to_wet,1.0,57,20260930,0.5916666666666667
wearable,wet_to_wet,1.0,58,20260930,0.85
wearable,wet_to_wet,1.0,59,20260930,0.17500000000000002
wearable,wet_to_wet,1.0,60,20260930,0.7583333333333334
wearable,wet_to_wet,1.0,61,20260930,0.6
wearable,wet_to_wet,1.0,62,20260930,0.7833333333333333
wearable,wet_to_wet,1.0,63,20260930,0.9333333333333335
wearable,wet_to_wet,1.0,64,20260930,0.5583333333333335
wearable,wet_to_wet,1.0,65,20260930,0.5916666666666667
wearable,wet_to_wet,1.0,66,20260930,0.9500000000000001
wearable,wet_to_wet,1.0,67,20260930,0.6166666666666666
wearable,wet_to_wet,1.0,68,20260930,0.9750000000000001
wearable,wet_to_wet,1.0,69,20260930,1.0
wearable,wet_to_wet,1.0,70,20260930,0.44999999999999996
wearable,wet_to_wet,1.0,71,20260930,0.2916666666666667
wearable,wet_to_wet,1.0,72,20260930,0.7250000000000001
wearable,wet_to_wet,1.0,73,20260930,0.5833333333333334
wearable,wet_to_wet,1.0,74,20260930,0.5499999999999999
wearable,wet_to_wet,1.0,75,20260930,0.7333333333333334
wearable,wet_to_wet,1.0,76,20260930,0.16666666666666666
wearable,wet_to_wet,1.0,77,20260930,0.4833333333333332
wearable,wet_to_wet,1.0,78,20260930,0.17500000000000002
wearable,wet_to_wet,1.0,79,20260930,0.4166666666666667
wearable,wet_to_wet,1.0,80,20260930,0.9666666666666668
wearable,wet_to_wet,1.0,81,20260930,0.9500000000000001
wearable,wet_to_wet,1.0,82,20260930,0.85
wearable,wet_to_wet,1.0,83,20260930,0.6916666666666665
wearable,wet_to_wet,1.0,84,20260930,0.9583333333333334
wearable,wet_to_wet,1.0,85,20260930,0.8500000000000001
wearable,wet_to_wet,1.0,86,20260930,0.9166666666666669
wearable,wet_to_wet,1.0,87,20260930,0.975
wearable,wet_to_wet,1.0,88,20260930,0.85
wearable,wet_to_wet,1.0,89,20260930,0.8916666666666667
wearable,wet_to_wet,1.0,90,20260930,0.4583333333333334
wearable,wet_to_wet,1.0,91,20260930,0.7999999999999999
wearable,wet_to_wet,1.0,92,20260930,0.9583333333333334
wearable,wet_to_wet,1.0,93,20260930,0.8916666666666666
wearable,wet_to_wet,1.0,94,20260930,0.6166666666666667
wearable,wet_to_wet,1.0,95,20260930,0.3666666666666667
wearable,wet_to_wet,1.0,96,20260930,0.4749999999999999
wearable,wet_to_wet,1.0,97,20260930,0.25833333333333336
wearable,wet_to_wet,1.0,98,20260930,0.9583333333333334
wearable,wet_to_wet,1.0,99,20260930,0.8666666666666667
wearable,wet_to_wet,1.0,100,20260930,0.8500000000000001
wearable,wet_to_wet,1.0,101,20260930,0.6833333333333335
wearable,wet_to_wet,1.0,102,20260930,0.55
wearable,wet_to_wet,1.0,1,20260931,0.4666666666666666
wearable,wet_to_wet,1.0,2,20260931,0.8333333333333334
wearable,wet_to_wet,1.0,3,20260931,0.8000000000000002
wearable,wet_to_wet,1.0,4,20260931,0.9666666666666667
wearable,wet_to_wet,1.0,5,20260931,0.5083333333333333
wearable,wet_to_wet,1.0,6,20260931,0.35000000000000003
wearable,wet_to_wet,1.0,7,20260931,0.9166666666666666
wearable,wet_to_wet,1.0,8,20260931,0.7916666666666666
wearable,wet_to_wet,1.0,9,20260931,0.7916666666666666
wearable,wet_to_wet,1.0,10,20260931,0.6416666666666667
wearable,wet_to_wet,1.0,11,20260931,0.75
wearable,wet_to_wet,1.0,12,20260931,0.9833333333333334
wearable,wet_to_wet,1.0,13,20260931,0.575
wearable,wet_to_wet,1.0,14,20260931,0.7833333333333333
wearable,wet_to_wet,1.0,15,20260931,0.6083333333333333
wearable,wet_to_wet,1.0,16,20260931,0.4000000000000001
wearable,wet_to_wet,1.0,17,20260931,0.8333333333333335
wearable,wet_to_wet,1.0,18,20260931,0.7083333333333334
wearable,wet_to_wet,1.0,19,20260931,0.9166666666666666
wearable,wet_to_wet,1.0,20,20260931,0.7333333333333334
wearable,wet_to_wet,1.0,21,20260931,0.6666666666666666
wearable,wet_to_wet,1.0,22,20260931,0.4000000000000001
wearable,wet_to_wet,1.0,23,20260931,0.8916666666666666
wearable,wet_to_wet,1.0,24,20260931,0.6416666666666667
wearable,wet_to_wet,1.0,25,20260931,0.26666666666666666
wearable,wet_to_wet,1.0,26,20260931,0.9250000000000002
wearable,wet_to_wet,1.0,27,20260931,0.3916666666666666
wearable,wet_to_wet,1.0,28,20260931,0.8500000000000001
wearable,wet_to_wet,1.0,29,20260931,0.9250000000000002
wearable,wet_to_wet,1.0,30,20260931,0.9499999999999998
wearable,wet_to_wet,1.0,31,20260931,0.8500000000000001
wearable,wet_to_wet,1.0,32,20260931,0.8583333333333334
wearable,wet_to_wet,1.0,33,20260931,0.5166666666666665
wearable,wet_to_wet,1.0,34,20260931,0.6666666666666666
wearable,wet_to_wet,1.0,35,20260931,0.4416666666666667
wearable,wet_to_wet,1.0,36,20260931,0.5999999999999999
wearable,wet_to_wet,1.0,37,20260931,0.3
wearable,wet_to_wet,1.0,38,20260931,0.9916666666666667
wearable,wet_to_wet,1.0,39,20260931,0.875
wearable,wet_to_wet,1.0,40,20260931,0.9583333333333334
wearable,wet_to_wet,1.0,41,20260931,0.6749999999999999
wearable,wet_to_wet,1.0,42,20260931,0.5083333333333334
wearable,wet_to_wet,1.0,43,20260931,0.75
wearable,wet_to_wet,1.0,44,20260931,0.40833333333333344
wearable,wet_to_wet,1.0,45,20260931,0.4083333333333334
wearable,wet_to_wet,1.0,46,20260931,0.4249999999999999
wearable,wet_to_wet,1.0,47,20260931,0.26666666666666666
wearable,wet_to_wet,1.0,48,20260931,0.8833333333333333
wearable,wet_to_wet,1.0,49,20260931,0.4333333333333333
wearable,wet_to_wet,1.0,50,20260931,0.725
wearable,wet_to_wet,1.0,51,20260931,0.7083333333333334
wearable,wet_to_wet,1.0,52,20260931,0.9333333333333335
wearable,wet_to_wet,1.0,53,20260931,0.8583333333333334
wearable,wet_to_wet,1.0,54,20260931,0.9250000000000002
wearable,wet_to_wet,1.0,55,20260931,0.575
wearable,wet_to_wet,1.0,56,20260931,1.0
wearable,wet_to_wet,1.0,57,20260931,0.525
wearable,wet_to_wet,1.0,58,20260931,0.85
wearable,wet_to_wet,1.0,59,20260931,0.325
wearable,wet_to_wet,1.0,60,20260931,0.7833333333333333
wearable,wet_to_wet,1.0,61,20260931,0.6000000000000001
wearable,wet_to_wet,1.0,62,20260931,0.725
wearable,wet_to_wet,1.0,63,20260931,0.8916666666666666
wearable,wet_to_wet,1.0,64,20260931,0.4749999999999999
wearable,wet_to_wet,1.0,65,20260931,0.6416666666666667
wearable,wet_to_wet,1.0,66,20260931,0.9166666666666666
wearable,wet_to_wet,1.0,67,20260931,0.6583333333333333
wearable,wet_to_wet,1.0,68,20260931,0.9250000000000002
wearable,wet_to_wet,1.0,69,20260931,1.0
wearable,wet_to_wet,1.0,70,20260931,0.44166666666666665
wearable,wet_to_wet,1.0,71,20260931,0.26666666666666666
wearable,wet_to_wet,1.0,72,20260931,0.7583333333333333
wearable,wet_to_wet,1.0,73,20260931,0.6
wearable,wet_to_wet,1.0,74,20260931,0.5666666666666668
wearable,wet_to_wet,1.0,75,20260931,0.5583333333333332
wearable,wet_to_wet,1.0,76,20260931,0.19999999999999998
wearable,wet_to_wet,1.0,77,20260931,0.5499999999999999
wearable,wet_to_wet,1.0,78,20260931,0.20000000000000004
wearable,wet_to_wet,1.0,79,20260931,0.45
wearable,wet_to_wet,1.0,80,20260931,0.9666666666666668
wearable,wet_to_wet,1.0,81,20260931,0.9583333333333335
wearable,wet_to_wet,1.0,82,20260931,0.8083333333333335
wearable,wet_to_wet,1.0,83,20260931,0.6833333333333332
wearable,wet_to_wet,1.0,84,20260931,0.9666666666666667
wearable,wet_to_wet,1.0,85,20260931,0.8583333333333334
wearable,wet_to_wet,1.0,86,20260931,0.9
wearable,wet_to_wet,1.0,87,20260931,0.9833333333333334
wearable,wet_to_wet,1.0,88,20260931,0.9
wearable,wet_to_wet,1.0,89,20260931,0.9083333333333333
wearable,wet_to_wet,1.0,90,20260931,0.4000000000000001
wearable,wet_to_wet,1.0,91,20260931,0.7416666666666667
wearable,wet_to_wet,1.0,92,20260931,0.9666666666666667
wearable,wet_to_wet,1.0,93,20260931,0.8833333333333333
wearable,wet_to_wet,1.0,94,20260931,0.5249999999999999
wearable,wet_to_wet,1.0,95,20260931,0.35000000000000003
wearable,wet_to_wet,1.0,96,20260931,0.5249999999999999
wearable,wet_to_wet,1.0,97,20260931,0.25000000000000006
wearable,wet_to_wet,1.0,98,20260931,0.9416666666666668
wearable,wet_to_wet,1.0,99,20260931,0.7833333333333333
wearable,wet_to_wet,1.0,100,20260931,0.8333333333333334
wearable,wet_to_wet,1.0,101,20260931,0.6666666666666666
wearable,wet_to_wet,1.0,102,20260931,0.7000000000000001
wearable,wet_to_wet,1.2,1,20260929,0.45
wearable,wet_to_wet,1.2,2,20260929,0.8833333333333333
wearable,wet_to_wet,1.2,3,20260929,0.9166666666666666
wearable,wet_to_wet,1.2,4,20260929,0.9666666666666667
wearable,wet_to_wet,1.2,5,20260929,0.6166666666666666
wearable,wet_to_wet,1.2,6,20260929,0.3666666666666667
wearable,wet_to_wet,1.2,7,20260929,0.8833333333333334
wearable,wet_to_wet,1.2,8,20260929,0.9083333333333335
wearable,wet_to_wet,1.2,9,20260929,0.8333333333333334
wearable,wet_to_wet,1.2,10,20260929,0.6083333333333333
wearable,wet_to_wet,1.2,11,20260929,0.775
wearable,wet_to_wet,1.2,12,20260929,0.9666666666666667
wearable,wet_to_wet,1.2,13,20260929,0.5833333333333334
wearable,wet_to_wet,1.2,14,20260929,0.8500000000000001
wearable,wet_to_wet,1.2,15,20260929,0.6083333333333333
wearable,wet_to_wet,1.2,16,20260929,0.43333333333333335
wearable,wet_to_wet,1.2,17,20260929,0.8750000000000001
wearable,wet_to_wet,1.2,18,20260929,0.7333333333333334
wearable,wet_to_wet,1.2,19,20260929,0.9500000000000001
wearable,wet_to_wet,1.2,20,20260929,0.7916666666666666
wearable,wet_to_wet,1.2,21,20260929,0.75
wearable,wet_to_wet,1.2,22,20260929,0.49166666666666664
wearable,wet_to_wet,1.2,23,20260929,0.9166666666666666
wearable,wet_to_wet,1.2,24,20260929,0.7000000000000001
wearable,wet_to_wet,1.2,25,20260929,0.2833333333333333
wearable,wet_to_wet,1.2,26,20260929,0.9666666666666668
wearable,wet_to_wet,1.2,27,20260929,0.3333333333333333
wearable,wet_to_wet,1.2,28,20260929,0.9250000000000002
wearable,wet_to_wet,1.2,29,20260929,0.975
wearable,wet_to_wet,1.2,30,20260929,0.9583333333333334
wearable,wet_to_wet,1.2,31,20260929,0.8833333333333334
wearable,wet_to_wet,1.2,32,20260929,0.9166666666666666
wearable,wet_to_wet,1.2,33,20260929,0.575
wearable,wet_to_wet,1.2,34,20260929,0.8416666666666668
wearable,wet_to_wet,1.2,35,20260929,0.5500000000000002
wearable,wet_to_wet,1.2,36,20260929,0.5666666666666668
wearable,wet_to_wet,1.2,37,20260929,0.39999999999999997
wearable,wet_to_wet,1.2,38,20260929,1.0
wearable,wet_to_wet,1.2,39,20260929,0.9250000000000002
wearable,wet_to_wet,1.2,40,20260929,0.975
wearable,wet_to_wet,1.2,41,20260929,0.7166666666666668
wearable,wet_to_wet,1.2,42,20260929,0.6
wearable,wet_to_wet,1.2,43,20260929,0.8416666666666668
wearable,wet_to_wet,1.2,44,20260929,0.43333333333333335
wearable,wet_to_wet,1.2,45,20260929,0.5
wearable,wet_to_wet,1.2,46,20260929,0.5000000000000001
wearable,wet_to_wet,1.2,47,20260929,0.2916666666666667
wearable,wet_to_wet,1.2,48,20260929,0.9583333333333334
wearable,wet_to_wet,1.2,49,20260929,0.4916666666666667
wearable,wet_to_wet,1.2,50,20260929,0.7999999999999999
wearable,wet_to_wet,1.2,51,20260929,0.8083333333333335
wearable,wet_to_wet,1.2,52,20260929,0.9500000000000001
wearable,wet_to_wet,1.2,53,20260929,0.8750000000000001
wearable,wet_to_wet,1.2,54,20260929,0.9750000000000001
wearable,wet_to_wet,1.2,55,20260929,0.6250000000000001
wearable,wet_to_wet,1.2,56,20260929,1.0
wearable,wet_to_wet,1.2,57,20260929,0.5916666666666667
wearable,wet_to_wet,1.2,58,20260929,0.8916666666666667
wearable,wet_to_wet,1.2,59,20260929,0.3666666666666667
wearable,wet_to_wet,1.2,60,20260929,0.8500000000000001
wearable,wet_to_wet,1.2,61,20260929,0.6083333333333335
wearable,wet_to_wet,1.2,62,20260929,0.7583333333333334
wearable,wet_to_wet,1.2,63,20260929,0.9333333333333332
wearable,wet_to_wet,1.2,64,20260929,0.5
wearable,wet_to_wet,1.2,65,20260929,0.6916666666666668
wearable,wet_to_wet,1.2,66,20260929,0.9666666666666667
wearable,wet_to_wet,1.2,67,20260929,0.6333333333333334
wearable,wet_to_wet,1.2,68,20260929,0.9500000000000001
wearable,wet_to_wet,1.2,69,20260929,1.0
wearable,wet_to_wet,1.2,70,20260929,0.5583333333333333
wearable,wet_to_wet,1.2,71,20260929,0.34166666666666673
wearable,wet_to_wet,1.2,72,20260929,0.8166666666666668
wearable,wet_to_wet,1.2,73,20260929,0.7166666666666667
wearable,wet_to_wet,1.2,74,20260929,0.6166666666666667
wearable,wet_to_wet,1.2,75,20260929,0.6333333333333334
wearable,wet_to_wet,1.2,76,20260929,0.15000000000000002
wearable,wet_to_wet,1.2,77,20260929,0.5166666666666667
wearable,wet_to_wet,1.2,78,20260929,0.3416666666666666
wearable,wet_to_wet,1.2,79,20260929,0.4583333333333334
wearable,wet_to_wet,1.2,80,20260929,0.9916666666666667
wearable,wet_to_wet,1.2,81,20260929,0.975
wearable,wet_to_wet,1.2,82,20260929,0.875
wearable,wet_to_wet,1.2,83,20260929,0.6416666666666666
wearable,wet_to_wet,1.2,84,20260929,0.9833333333333334
wearable,wet_to_wet,1.2,85,20260929,0.8500000000000001
wearable,wet_to_wet,1.2,86,20260929,0.9416666666666668
wearable,wet_to_wet,1.2,87,20260929,0.9833333333333334
wearable,wet_to_wet,1.2,88,20260929,0.9083333333333333
wearable,wet_to_wet,1.2,89,20260929,0.9250000000000002
wearable,wet_to_wet,1.2,90,20260929,0.5416666666666666
wearable,wet_to_wet,1.2,91,20260929,0.8333333333333334
wearable,wet_to_wet,1.2,92,20260929,0.975
wearable,wet_to_wet,1.2,93,20260929,0.9333333333333335
wearable,wet_to_wet,1.2,94,20260929,0.6083333333333335
wearable,wet_to_wet,1.2,95,20260929,0.4249999999999999
wearable,wet_to_wet,1.2,96,20260929,0.6333333333333333
wearable,wet_to_wet,1.2,97,20260929,0.29166666666666663
wearable,wet_to_wet,1.2,98,20260929,0.975
wearable,wet_to_wet,1.2,99,20260929,0.8333333333333335
wearable,wet_to_wet,1.2,100,20260929,0.8833333333333334
wearable,wet_to_wet,1.2,101,20260929,0.65
wearable,wet_to_wet,1.2,102,20260929,0.6166666666666666
wearable,wet_to_wet,1.2,1,20260930,0.4333333333333333
wearable,wet_to_wet,1.2,2,20260930,0.7583333333333333
wearable,wet_to_wet,1.2,3,20260930,0.9166666666666666
wearable,wet_to_wet,1.2,4,20260930,0.9166666666666666
wearable,wet_to_wet,1.2,5,20260930,0.46666666666666673
wearable,wet_to_wet,1.2,6,20260930,0.3499999999999999
wearable,wet_to_wet,1.2,7,20260930,0.9583333333333334
wearable,wet_to_wet,1.2,8,20260930,0.8916666666666667
wearable,wet_to_wet,1.2,9,20260930,0.725
wearable,wet_to_wet,1.2,10,20260930,0.65
wearable,wet_to_wet,1.2,11,20260930,0.7000000000000001
wearable,wet_to_wet,1.2,12,20260930,0.9833333333333334
wearable,wet_to_wet,1.2,13,20260930,0.6583333333333333
wearable,wet_to_wet,1.2,14,20260930,0.8250000000000002
wearable,wet_to_wet,1.2,15,20260930,0.6249999999999999
wearable,wet_to_wet,1.2,16,20260930,0.4666666666666666
wearable,wet_to_wet,1.2,17,20260930,0.8833333333333334
wearable,wet_to_wet,1.2,18,20260930,0.7749999999999999
wearable,wet_to_wet,1.2,19,20260930,0.9333333333333335
wearable,wet_to_wet,1.2,20,20260930,0.8250000000000001
wearable,wet_to_wet,1.2,21,20260930,0.7333333333333334
wearable,wet_to_wet,1.2,22,20260930,0.5
wearable,wet_to_wet,1.2,23,20260930,0.8416666666666667
wearable,wet_to_wet,1.2,24,20260930,0.7416666666666667
wearable,wet_to_wet,1.2,25,20260930,0.2833333333333333
wearable,wet_to_wet,1.2,26,20260930,0.9500000000000001
wearable,wet_to_wet,1.2,27,20260930,0.4083333333333334
wearable,wet_to_wet,1.2,28,20260930,0.775
wearable,wet_to_wet,1.2,29,20260930,0.9916666666666667
wearable,wet_to_wet,1.2,30,20260930,0.9583333333333334
wearable,wet_to_wet,1.2,31,20260930,0.8666666666666668
wearable,wet_to_wet,1.2,32,20260930,0.8666666666666667
wearable,wet_to_wet,1.2,33,20260930,0.5666666666666667
wearable,wet_to_wet,1.2,34,20260930,0.7666666666666666
wearable,wet_to_wet,1.2,35,20260930,0.6333333333333333
wearable,wet_to_wet,1.2,36,20260930,0.6333333333333333
wearable,wet_to_wet,1.2,37,20260930,0.45
wearable,wet_to_wet,1.2,38,20260930,0.9916666666666667
wearable,wet_to_wet,1.2,39,20260930,0.8916666666666667
wearable,wet_to_wet,1.2,40,20260930,0.9583333333333334
wearable,wet_to_wet,1.2,41,20260930,0.6666666666666666
wearable,wet_to_wet,1.2,42,20260930,0.6416666666666667
wearable,wet_to_wet,1.2,43,20260930,0.8583333333333334
wearable,wet_to_wet,1.2,44,20260930,0.42500000000000004
wearable,wet_to_wet,1.2,45,20260930,0.4583333333333333
wearable,wet_to_wet,1.2,46,20260930,0.39999999999999997
wearable,wet_to_wet,1.2,47,20260930,0.2916666666666667
wearable,wet_to_wet,1.2,48,20260930,0.9416666666666665
wearable,wet_to_wet,1.2,49,20260930,0.4666666666666666
wearable,wet_to_wet,1.2,50,20260930,0.7416666666666667
wearable,wet_to_wet,1.2,51,20260930,0.8250000000000001
wearable,wet_to_wet,1.2,52,20260930,0.9250000000000002
wearable,wet_to_wet,1.2,53,20260930,0.8500000000000001
wearable,wet_to_wet,1.2,54,20260930,0.9666666666666668
wearable,wet_to_wet,1.2,55,20260930,0.6916666666666668
wearable,wet_to_wet,1.2,56,20260930,0.9500000000000001
wearable,wet_to_wet,1.2,57,20260930,0.6583333333333333
wearable,wet_to_wet,1.2,58,20260930,0.8583333333333334
wearable,wet_to_wet,1.2,59,20260930,0.21666666666666667
wearable,wet_to_wet,1.2,60,20260930,0.8333333333333331
wearable,wet_to_wet,1.2,61,20260930,0.6666666666666666
wearable,wet_to_wet,1.2,62,20260930,0.8500000000000001
wearable,wet_to_wet,1.2,63,20260930,0.975
wearable,wet_to_wet,1.2,64,20260930,0.5416666666666667
wearable,wet_to_wet,1.2,65,20260930,0.6333333333333334
wearable,wet_to_wet,1.2,66,20260930,0.9583333333333334
wearable,wet_to_wet,1.2,67,20260930,0.6583333333333333
wearable,wet_to_wet,1.2,68,20260930,0.9666666666666667
wearable,wet_to_wet,1.2,69,20260930,1.0
wearable,wet_to_wet,1.2,70,20260930,0.5583333333333333
wearable,wet_to_wet,1.2,71,20260930,0.3333333333333333
wearable,wet_to_wet,1.2,72,20260930,0.7583333333333334
wearable,wet_to_wet,1.2,73,20260930,0.6666666666666666
wearable,wet_to_wet,1.2,74,20260930,0.5916666666666667
wearable,wet_to_wet,1.2,75,20260930,0.7666666666666667
wearable,wet_to_wet,1.2,76,20260930,0.18333333333333335
wearable,wet_to_wet,1.2,77,20260930,0.4666666666666666
wearable,wet_to_wet,1.2,78,20260930,0.19999999999999998
wearable,wet_to_wet,1.2,79,20260930,0.4583333333333333
wearable,wet_to_wet,1.2,80,20260930,0.9916666666666667
wearable,wet_to_wet,1.2,81,20260930,0.9666666666666667
wearable,wet_to_wet,1.2,82,20260930,0.8916666666666667
wearable,wet_to_wet,1.2,83,20260930,0.7333333333333334
wearable,wet_to_wet,1.2,84,20260930,0.975
wearable,wet_to_wet,1.2,85,20260930,0.9
wearable,wet_to_wet,1.2,86,20260930,0.9250000000000002
wearable,wet_to_wet,1.2,87,20260930,0.9833333333333334
wearable,wet_to_wet,1.2,88,20260930,0.85
wearable,wet_to_wet,1.2,89,20260930,0.9416666666666668
wearable,wet_to_wet,1.2,90,20260930,0.5083333333333334
wearable,wet_to_wet,1.2,91,20260930,0.7916666666666666
wearable,wet_to_wet,1.2,92,20260930,0.9666666666666667
wearable,wet_to_wet,1.2,93,20260930,0.8666666666666667
wearable,wet_to_wet,1.2,94,20260930,0.7000000000000001
wearable,wet_to_wet,1.2,95,20260930,0.35000000000000003
wearable,wet_to_wet,1.2,96,20260930,0.6
wearable,wet_to_wet,1.2,97,20260930,0.3333333333333333
wearable,wet_to_wet,1.2,98,20260930,0.9583333333333334
wearable,wet_to_wet,1.2,99,20260930,0.875
wearable,wet_to_wet,1.2,100,20260930,0.8750000000000001
wearable,wet_to_wet,1.2,101,20260930,0.7166666666666668
wearable,wet_to_wet,1.2,102,20260930,0.6
wearable,wet_to_wet,1.2,1,20260931,0.4833333333333334
wearable,wet_to_wet,1.2,2,20260931,0.8750000000000001
wearable,wet_to_wet,1.2,3,20260931,0.8500000000000001
wearable,wet_to_wet,1.2,4,20260931,0.9833333333333334
wearable,wet_to_wet,1.2,5,20260931,0.46666666666666673
wearable,wet_to_wet,1.2,6,20260931,0.3916666666666666
wearable,wet_to_wet,1.2,7,20260931,0.9416666666666668
wearable,wet_to_wet,1.2,8,20260931,0.8666666666666667
wearable,wet_to_wet,1.2,9,20260931,0.8250000000000001
wearable,wet_to_wet,1.2,10,20260931,0.6416666666666667
wearable,wet_to_wet,1.2,11,20260931,0.7666666666666667
wearable,wet_to_wet,1.2,12,20260931,0.9833333333333334
wearable,wet_to_wet,1.2,13,20260931,0.6416666666666667
wearable,wet_to_wet,1.2,14,20260931,0.8500000000000002
wearable,wet_to_wet,1.2,15,20260931,0.625
wearable,wet_to_wet,1.2,16,20260931,0.5333333333333333
wearable,wet_to_wet,1.2,17,20260931,0.8333333333333335
wearable,wet_to_wet,1.2,18,20260931,0.6833333333333332
wearable,wet_to_wet,1.2,19,20260931,0.9416666666666668
wearable,wet_to_wet,1.2,20,20260931,0.8083333333333335
wearable,wet_to_wet,1.2,21,20260931,0.6749999999999999
wearable,wet_to_wet,1.2,22,20260931,0.47500000000000003
wearable,wet_to_wet,1.2,23,20260931,0.8999999999999999
wearable,wet_to_wet,1.2,24,20260931,0.6583333333333333
wearable,wet_to_wet,1.2,25,20260931,0.2916666666666667
wearable,wet_to_wet,1.2,26,20260931,0.9500000000000001
wearable,wet_to_wet,1.2,27,20260931,0.4083333333333334
wearable,wet_to_wet,1.2,28,20260931,0.8833333333333333
wearable,wet_to_wet,1.2,29,20260931,0.9666666666666668
wearable,wet_to_wet,1.2,30,20260931,0.9666666666666667
wearable,wet_to_wet,1.2,31,20260931,0.8666666666666667
wearable,wet_to_wet,1.2,32,20260931,0.9166666666666669
wearable,wet_to_wet,1.2,33,20260931,0.55
wearable,wet_to_wet,1.2,34,20260931,0.7666666666666667
wearable,wet_to_wet,1.2,35,20260931,0.5416666666666667
wearable,wet_to_wet,1.2,36,20260931,0.5833333333333331
wearable,wet_to_wet,1.2,37,20260931,0.375
wearable,wet_to_wet,1.2,38,20260931,0.9916666666666667
wearable,wet_to_wet,1.2,39,20260931,0.9333333333333335
wearable,wet_to_wet,1.2,40,20260931,0.9833333333333334
wearable,wet_to_wet,1.2,41,20260931,0.6916666666666668
wearable,wet_to_wet,1.2,42,20260931,0.575
wearable,wet_to_wet,1.2,43,20260931,0.8250000000000001
wearable,wet_to_wet,1.2,44,20260931,0.3916666666666666
wearable,wet_to_wet,1.2,45,20260931,0.4666666666666666
wearable,wet_to_wet,1.2,46,20260931,0.4416666666666666
wearable,wet_to_wet,1.2,47,20260931,0.25833333333333336
wearable,wet_to_wet,1.2,48,20260931,0.9500000000000001
wearable,wet_to_wet,1.2,49,20260931,0.5333333333333333
wearable,wet_to_wet,1.2,50,20260931,0.7999999999999999
wearable,wet_to_wet,1.2,51,20260931,0.8250000000000001
wearable,wet_to_wet,1.2,52,20260931,0.9416666666666668
wearable,wet_to_wet,1.2,53,20260931,0.875
wearable,wet_to_wet,1.2,54,20260931,0.9666666666666667
wearable,wet_to_wet,1.2,55,20260931,0.6416666666666667
wearable,wet_to_wet,1.2,56,20260931,1.0
wearable,wet_to_wet,1.2,57,20260931,0.6333333333333333
wearable,wet_to_wet,1.2,58,20260931,0.9166666666666669
wearable,wet_to_wet,1.2,59,20260931,0.3333333333333333
wearable,wet_to_wet,1.2,60,20260931,0.8833333333333334
wearable,wet_to_wet,1.2,61,20260931,0.6333333333333334
wearable,wet_to_wet,1.2,62,20260931,0.7583333333333333
wearable,wet_to_wet,1.2,63,20260931,0.9666666666666667
wearable,wet_to_wet,1.2,64,20260931,0.4666666666666666
wearable,wet_to_wet,1.2,65,20260931,0.6416666666666666
wearable,wet_to_wet,1.2,66,20260931,0.9249999999999999
wearable,wet_to_wet,1.2,67,20260931,0.7250000000000001
wearable,wet_to_wet,1.2,68,20260931,0.9666666666666668
wearable,wet_to_wet,1.2,69,20260931,1.0
wearable,wet_to_wet,1.2,70,20260931,0.5166666666666667
wearable,wet_to_wet,1.2,71,20260931,0.325
wearable,wet_to_wet,1.2,72,20260931,0.7666666666666667
wearable,wet_to_wet,1.2,73,20260931,0.7000000000000001
wearable,wet_to_wet,1.2,74,20260931,0.5666666666666667
wearable,wet_to_wet,1.2,75,20260931,0.625
wearable,wet_to_wet,1.2,76,20260931,0.18333333333333335
wearable,wet_to_wet,1.2,77,20260931,0.5333333333333333
wearable,wet_to_wet,1.2,78,20260931,0.25
wearable,wet_to_wet,1.2,79,20260931,0.5416666666666666
wearable,wet_to_wet,1.2,80,20260931,0.9833333333333334
wearable,wet_to_wet,1.2,81,20260931,0.9666666666666668
wearable,wet_to_wet,1.2,82,20260931,0.875
wearable,wet_to_wet,1.2,83,20260931,0.7000000000000001
wearable,wet_to_wet,1.2,84,20260931,0.975
wearable,wet_to_wet,1.2,85,20260931,0.9249999999999999
wearable,wet_to_wet,1.2,86,20260931,0.9666666666666668
wearable,wet_to_wet,1.2,87,20260931,0.9833333333333334
wearable,wet_to_wet,1.2,88,20260931,0.8999999999999999
wearable,wet_to_wet,1.2,89,20260931,0.9416666666666668
wearable,wet_to_wet,1.2,90,20260931,0.47500000000000003
wearable,wet_to_wet,1.2,91,20260931,0.8250000000000001
wearable,wet_to_wet,1.2,92,20260931,0.975
wearable,wet_to_wet,1.2,93,20260931,0.9083333333333333
wearable,wet_to_wet,1.2,94,20260931,0.6416666666666667
wearable,wet_to_wet,1.2,95,20260931,0.36666666666666664
wearable,wet_to_wet,1.2,96,20260931,0.6
wearable,wet_to_wet,1.2,97,20260931,0.3
wearable,wet_to_wet,1.2,98,20260931,0.9583333333333334
wearable,wet_to_wet,1.2,99,20260931,0.8333333333333334
wearable,wet_to_wet,1.2,100,20260931,0.8500000000000001
wearable,wet_to_wet,1.2,101,20260931,0.6916666666666668
wearable,wet_to_wet,1.2,102,20260931,0.7166666666666667
wearable,wet_to_wet,1.5,1,20260929,0.5
wearable,wet_to_wet,1.5,2,20260929,0.8833333333333333
wearable,wet_to_wet,1.5,3,20260929,0.9583333333333334
wearable,wet_to_wet,1.5,4,20260929,0.9916666666666667
wearable,wet_to_wet,1.5,5,20260929,0.5916666666666666
wearable,wet_to_wet,1.5,6,20260929,0.38333333333333336
wearable,wet_to_wet,1.5,7,20260929,0.9250000000000002
wearable,wet_to_wet,1.5,8,20260929,0.9250000000000002
wearable,wet_to_wet,1.5,9,20260929,0.8916666666666667
wearable,wet_to_wet,1.5,10,20260929,0.7000000000000001
wearable,wet_to_wet,1.5,11,20260929,0.8333333333333335
wearable,wet_to_wet,1.5,12,20260929,0.9916666666666667
wearable,wet_to_wet,1.5,13,20260929,0.6416666666666666
wearable,wet_to_wet,1.5,14,20260929,0.8333333333333334
wearable,wet_to_wet,1.5,15,20260929,0.6583333333333333
wearable,wet_to_wet,1.5,16,20260929,0.4666666666666666
wearable,wet_to_wet,1.5,17,20260929,0.8916666666666667
wearable,wet_to_wet,1.5,18,20260929,0.7166666666666667
wearable,wet_to_wet,1.5,19,20260929,0.975
wearable,wet_to_wet,1.5,20,20260929,0.8583333333333334
wearable,wet_to_wet,1.5,21,20260929,0.7666666666666667
wearable,wet_to_wet,1.5,22,20260929,0.5333333333333333
wearable,wet_to_wet,1.5,23,20260929,0.9
wearable,wet_to_wet,1.5,24,20260929,0.7666666666666667
wearable,wet_to_wet,1.5,25,20260929,0.29166666666666663
wearable,wet_to_wet,1.5,26,20260929,0.9416666666666668
wearable,wet_to_wet,1.5,27,20260929,0.34166666666666673
wearable,wet_to_wet,1.5,28,20260929,0.8833333333333334
wearable,wet_to_wet,1.5,29,20260929,0.9666666666666667
wearable,wet_to_wet,1.5,30,20260929,0.9833333333333334
wearable,wet_to_wet,1.5,31,20260929,0.875
wearable,wet_to_wet,1.5,32,20260929,0.9500000000000001
wearable,wet_to_wet,1.5,33,20260929,0.5499999999999999
wearable,wet_to_wet,1.5,34,20260929,0.8583333333333334
wearable,wet_to_wet,1.5,35,20260929,0.6416666666666666
wearable,wet_to_wet,1.5,36,20260929,0.6083333333333333
wearable,wet_to_wet,1.5,37,20260929,0.4666666666666666
wearable,wet_to_wet,1.5,38,20260929,1.0
wearable,wet_to_wet,1.5,39,20260929,0.9500000000000002
wearable,wet_to_wet,1.5,40,20260929,0.9750000000000001
wearable,wet_to_wet,1.5,41,20260929,0.7916666666666666
wearable,wet_to_wet,1.5,42,20260929,0.6416666666666666
wearable,wet_to_wet,1.5,43,20260929,0.9
wearable,wet_to_wet,1.5,44,20260929,0.4916666666666667
wearable,wet_to_wet,1.5,45,20260929,0.5666666666666668
wearable,wet_to_wet,1.5,46,20260929,0.5333333333333333
wearable,wet_to_wet,1.5,47,20260929,0.35833333333333334
wearable,wet_to_wet,1.5,48,20260929,0.9833333333333334
wearable,wet_to_wet,1.5,49,20260929,0.5499999999999999
wearable,wet_to_wet,1.5,50,20260929,0.8000000000000002
wearable,wet_to_wet,1.5,51,20260929,0.8416666666666668
wearable,wet_to_wet,1.5,52,20260929,0.9583333333333334
wearable,wet_to_wet,1.5,53,20260929,0.875
wearable,wet_to_wet,1.5,54,20260929,0.9833333333333334
wearable,wet_to_wet,1.5,55,20260929,0.6666666666666666
wearable,wet_to_wet,1.5,56,20260929,1.0
wearable,wet_to_wet,1.5,57,20260929,0.6666666666666666
wearable,wet_to_wet,1.5,58,20260929,0.9249999999999999
wearable,wet_to_wet,1.5,59,20260929,0.34166666666666673
wearable,wet_to_wet,1.5,60,20260929,0.8999999999999999
wearable,wet_to_wet,1.5,61,20260929,0.6333333333333334
wearable,wet_to_wet,1.5,62,20260929,0.8000000000000002
wearable,wet_to_wet,1.5,63,20260929,0.9583333333333334
wearable,wet_to_wet,1.5,64,20260929,0.5
wearable,wet_to_wet,1.5,65,20260929,0.6750000000000002
wearable,wet_to_wet,1.5,66,20260929,0.9750000000000001
wearable,wet_to_wet,1.5,67,20260929,0.7333333333333334
wearable,wet_to_wet,1.5,68,20260929,0.9916666666666667
wearable,wet_to_wet,1.5,69,20260929,1.0
wearable,wet_to_wet,1.5,70,20260929,0.5833333333333334
wearable,wet_to_wet,1.5,71,20260929,0.3166666666666667
wearable,wet_to_wet,1.5,72,20260929,0.7666666666666667
wearable,wet_to_wet,1.5,73,20260929,0.7166666666666667
wearable,wet_to_wet,1.5,74,20260929,0.5416666666666666
wearable,wet_to_wet,1.5,75,20260929,0.6750000000000002
wearable,wet_to_wet,1.5,76,20260929,0.18333333333333332
wearable,wet_to_wet,1.5,77,20260929,0.65
wearable,wet_to_wet,1.5,78,20260929,0.30833333333333335
wearable,wet_to_wet,1.5,79,20260929,0.48333333333333334
wearable,wet_to_wet,1.5,80,20260929,1.0
wearable,wet_to_wet,1.5,81,20260929,0.975
wearable,wet_to_wet,1.5,82,20260929,0.9750000000000001
wearable,wet_to_wet,1.5,83,20260929,0.7166666666666667
wearable,wet_to_wet,1.5,84,20260929,0.9833333333333334
wearable,wet_to_wet,1.5,85,20260929,0.8833333333333334
wearable,wet_to_wet,1.5,86,20260929,0.9583333333333334
wearable,wet_to_wet,1.5,87,20260929,0.9833333333333334
wearable,wet_to_wet,1.5,88,20260929,0.9083333333333332
wearable,wet_to_wet,1.5,89,20260929,0.9666666666666667
wearable,wet_to_wet,1.5,90,20260929,0.5416666666666666
wearable,wet_to_wet,1.5,91,20260929,0.8916666666666666
wearable,wet_to_wet,1.5,92,20260929,0.975
wearable,wet_to_wet,1.5,93,20260929,0.9166666666666666
wearable,wet_to_wet,1.5,94,20260929,0.6083333333333334
wearable,wet_to_wet,1.5,95,20260929,0.375
wearable,wet_to_wet,1.5,96,20260929,0.6
wearable,wet_to_wet,1.5,97,20260929,0.2916666666666667
wearable,wet_to_wet,1.5,98,20260929,0.9833333333333334
wearable,wet_to_wet,1.5,99,20260929,0.8416666666666668
wearable,wet_to_wet,1.5,100,20260929,0.9166666666666666
wearable,wet_to_wet,1.5,101,20260929,0.7166666666666667
wearable,wet_to_wet,1.5,102,20260929,0.6333333333333334
wearable,wet_to_wet,1.5,1,20260930,0.5249999999999999
wearable,wet_to_wet,1.5,2,20260930,0.7833333333333335
wearable,wet_to_wet,1.5,3,20260930,0.9416666666666668
wearable,wet_to_wet,1.5,4,20260930,0.9833333333333334
wearable,wet_to_wet,1.5,5,20260930,0.4416666666666667
wearable,wet_to_wet,1.5,6,20260930,0.3416666666666666
wearable,wet_to_wet,1.5,7,20260930,0.9916666666666667
wearable,wet_to_wet,1.5,8,20260930,0.8833333333333333
wearable,wet_to_wet,1.5,9,20260930,0.7000000000000001
wearable,wet_to_wet,1.5,10,20260930,0.6833333333333332
wearable,wet_to_wet,1.5,11,20260930,0.7666666666666667
wearable,wet_to_wet,1.5,12,20260930,0.9916666666666667
wearable,wet_to_wet,1.5,13,20260930,0.7416666666666666
wearable,wet_to_wet,1.5,14,20260930,0.8833333333333334
wearable,wet_to_wet,1.5,15,20260930,0.65
wearable,wet_to_wet,1.5,16,20260930,0.5
wearable,wet_to_wet,1.5,17,20260930,0.8750000000000001
wearable,wet_to_wet,1.5,18,20260930,0.7833333333333333
wearable,wet_to_wet,1.5,19,20260930,0.9833333333333334
wearable,wet_to_wet,1.5,20,20260930,0.8166666666666668
wearable,wet_to_wet,1.5,21,20260930,0.7916666666666666
wearable,wet_to_wet,1.5,22,20260930,0.4916666666666667
wearable,wet_to_wet,1.5,23,20260930,0.8500000000000001
wearable,wet_to_wet,1.5,24,20260930,0.775
wearable,wet_to_wet,1.5,25,20260930,0.31666666666666665
wearable,wet_to_wet,1.5,26,20260930,0.9583333333333334
wearable,wet_to_wet,1.5,27,20260930,0.39999999999999997
wearable,wet_to_wet,1.5,28,20260930,0.7583333333333333
wearable,wet_to_wet,1.5,29,20260930,0.9833333333333334
wearable,wet_to_wet,1.5,30,20260930,0.9833333333333334
wearable,wet_to_wet,1.5,31,20260930,0.875
wearable,wet_to_wet,1.5,32,20260930,0.9250000000000002
wearable,wet_to_wet,1.5,33,20260930,0.6166666666666668
wearable,wet_to_wet,1.5,34,20260930,0.7999999999999999
wearable,wet_to_wet,1.5,35,20260930,0.65
wearable,wet_to_wet,1.5,36,20260930,0.6166666666666666
wearable,wet_to_wet,1.5,37,20260930,0.4916666666666667
wearable,wet_to_wet,1.5,38,20260930,1.0
wearable,wet_to_wet,1.5,39,20260930,0.9166666666666669
wearable,wet_to_wet,1.5,40,20260930,0.975
wearable,wet_to_wet,1.5,41,20260930,0.7333333333333334
wearable,wet_to_wet,1.5,42,20260930,0.6749999999999999
wearable,wet_to_wet,1.5,43,20260930,0.9249999999999999
wearable,wet_to_wet,1.5,44,20260930,0.5083333333333333
wearable,wet_to_wet,1.5,45,20260930,0.4583333333333334
wearable,wet_to_wet,1.5,46,20260930,0.44166666666666665
wearable,wet_to_wet,1.5,47,20260930,0.4000000000000001
wearable,wet_to_wet,1.5,48,20260930,0.9833333333333334
wearable,wet_to_wet,1.5,49,20260930,0.5499999999999999
wearable,wet_to_wet,1.5,50,20260930,0.7416666666666666
wearable,wet_to_wet,1.5,51,20260930,0.8416666666666667
wearable,wet_to_wet,1.5,52,20260930,0.9416666666666668
wearable,wet_to_wet,1.5,53,20260930,0.8333333333333334
wearable,wet_to_wet,1.5,54,20260930,0.9833333333333334
wearable,wet_to_wet,1.5,55,20260930,0.6999999999999998
wearable,wet_to_wet,1.5,56,20260930,0.9583333333333334
wearable,wet_to_wet,1.5,57,20260930,0.6833333333333332
wearable,wet_to_wet,1.5,58,20260930,0.9250000000000002
wearable,wet_to_wet,1.5,59,20260930,0.19999999999999998
wearable,wet_to_wet,1.5,60,20260930,0.8416666666666667
wearable,wet_to_wet,1.5,61,20260930,0.6333333333333334
wearable,wet_to_wet,1.5,62,20260930,0.8500000000000001
wearable,wet_to_wet,1.5,63,20260930,0.975
wearable,wet_to_wet,1.5,64,20260930,0.4833333333333334
wearable,wet_to_wet,1.5,65,20260930,0.6
wearable,wet_to_wet,1.5,66,20260930,0.9666666666666667
wearable,wet_to_wet,1.5,67,20260930,0.7416666666666667
wearable,wet_to_wet,1.5,68,20260930,0.9916666666666667
wearable,wet_to_wet,1.5,69,20260930,1.0
wearable,wet_to_wet,1.5,70,20260930,0.5499999999999999
wearable,wet_to_wet,1.5,71,20260930,0.35000000000000003
wearable,wet_to_wet,1.5,72,20260930,0.7666666666666667
wearable,wet_to_wet,1.5,73,20260930,0.7416666666666667
wearable,wet_to_wet,1.5,74,20260930,0.625
wearable,wet_to_wet,1.5,75,20260930,0.8500000000000001
wearable,wet_to_wet,1.5,76,20260930,0.17500000000000002
wearable,wet_to_wet,1.5,77,20260930,0.625
wearable,wet_to_wet,1.5,78,20260930,0.19999999999999998
wearable,wet_to_wet,1.5,79,20260930,0.4833333333333332
wearable,wet_to_wet,1.5,80,20260930,0.9916666666666667
wearable,wet_to_wet,1.5,81,20260930,0.975
wearable,wet_to_wet,1.5,82,20260930,0.9333333333333335
wearable,wet_to_wet,1.5,83,20260930,0.75
wearable,wet_to_wet,1.5,84,20260930,0.9833333333333334
wearable,wet_to_wet,1.5,85,20260930,0.9
wearable,wet_to_wet,1.5,86,20260930,0.9333333333333335
wearable,wet_to_wet,1.5,87,20260930,0.975
wearable,wet_to_wet,1.5,88,20260930,0.8833333333333333
wearable,wet_to_wet,1.5,89,20260930,0.9666666666666667
wearable,wet_to_wet,1.5,90,20260930,0.45
wearable,wet_to_wet,1.5,91,20260930,0.85
wearable,wet_to_wet,1.5,92,20260930,0.9833333333333334
wearable,wet_to_wet,1.5,93,20260930,0.9000000000000002
wearable,wet_to_wet,1.5,94,20260930,0.6666666666666666
wearable,wet_to_wet,1.5,95,20260930,0.31666666666666665
wearable,wet_to_wet,1.5,96,20260930,0.6
wearable,wet_to_wet,1.5,97,20260930,0.35000000000000003
wearable,wet_to_wet,1.5,98,20260930,0.9583333333333334
wearable,wet_to_wet,1.5,99,20260930,0.9083333333333333
wearable,wet_to_wet,1.5,100,20260930,0.9166666666666669
wearable,wet_to_wet,1.5,101,20260930,0.7333333333333334
wearable,wet_to_wet,1.5,102,20260930,0.6166666666666667
wearable,wet_to_wet,1.5,1,20260931,0.5
wearable,wet_to_wet,1.5,2,20260931,0.9083333333333333
wearable,wet_to_wet,1.5,3,20260931,0.8916666666666667
wearable,wet_to_wet,1.5,4,20260931,1.0
wearable,wet_to_wet,1.5,5,20260931,0.5166666666666666
wearable,wet_to_wet,1.5,6,20260931,0.38333333333333336
wearable,wet_to_wet,1.5,7,20260931,0.9500000000000001
wearable,wet_to_wet,1.5,8,20260931,0.9083333333333333
wearable,wet_to_wet,1.5,9,20260931,0.9
wearable,wet_to_wet,1.5,10,20260931,0.6916666666666665
wearable,wet_to_wet,1.5,11,20260931,0.8000000000000002
wearable,wet_to_wet,1.5,12,20260931,0.9916666666666667
wearable,wet_to_wet,1.5,13,20260931,0.6416666666666667
wearable,wet_to_wet,1.5,14,20260931,0.8583333333333335
wearable,wet_to_wet,1.5,15,20260931,0.65
wearable,wet_to_wet,1.5,16,20260931,0.4749999999999999
wearable,wet_to_wet,1.5,17,20260931,0.8916666666666666
wearable,wet_to_wet,1.5,18,20260931,0.7916666666666666
wearable,wet_to_wet,1.5,19,20260931,0.975
wearable,wet_to_wet,1.5,20,20260931,0.8166666666666668
wearable,wet_to_wet,1.5,21,20260931,0.7416666666666667
wearable,wet_to_wet,1.5,22,20260931,0.5333333333333333
wearable,wet_to_wet,1.5,23,20260931,0.9083333333333333
wearable,wet_to_wet,1.5,24,20260931,0.7166666666666667
wearable,wet_to_wet,1.5,25,20260931,0.31666666666666665
wearable,wet_to_wet,1.5,26,20260931,0.9583333333333334
wearable,wet_to_wet,1.5,27,20260931,0.3833333333333333
wearable,wet_to_wet,1.5,28,20260931,0.8666666666666667
wearable,wet_to_wet,1.5,29,20260931,0.9583333333333334
wearable,wet_to_wet,1.5,30,20260931,0.9750000000000001
wearable,wet_to_wet,1.5,31,20260931,0.85
wearable,wet_to_wet,1.5,32,20260931,0.9500000000000001
wearable,wet_to_wet,1.5,33,20260931,0.5583333333333335
wearable,wet_to_wet,1.5,34,20260931,0.8249999999999998
wearable,wet_to_wet,1.5,35,20260931,0.6249999999999999
wearable,wet_to_wet,1.5,36,20260931,0.625
wearable,wet_to_wet,1.5,37,20260931,0.4166666666666667
wearable,wet_to_wet,1.5,38,20260931,0.9916666666666667
wearable,wet_to_wet,1.5,39,20260931,0.9250000000000002
wearable,wet_to_wet,1.5,40,20260931,0.975
wearable,wet_to_wet,1.5,41,20260931,0.6916666666666668
wearable,wet_to_wet,1.5,42,20260931,0.6083333333333333
wearable,wet_to_wet,1.5,43,20260931,0.9249999999999999
wearable,wet_to_wet,1.5,44,20260931,0.425
wearable,wet_to_wet,1.5,45,20260931,0.5583333333333333
wearable,wet_to_wet,1.5,46,20260931,0.4916666666666667
wearable,wet_to_wet,1.5,47,20260931,0.3166666666666667
wearable,wet_to_wet,1.5,48,20260931,0.9750000000000001
wearable,wet_to_wet,1.5,49,20260931,0.5416666666666666
wearable,wet_to_wet,1.5,50,20260931,0.7999999999999998
wearable,wet_to_wet,1.5,51,20260931,0.8833333333333334
wearable,wet_to_wet,1.5,52,20260931,0.9583333333333334
wearable,wet_to_wet,1.5,53,20260931,0.8666666666666667
wearable,wet_to_wet,1.5,54,20260931,0.9833333333333334
wearable,wet_to_wet,1.5,55,20260931,0.6583333333333333
wearable,wet_to_wet,1.5,56,20260931,1.0
wearable,wet_to_wet,1.5,57,20260931,0.6666666666666666
wearable,wet_to_wet,1.5,58,20260931,0.9083333333333333
wearable,wet_to_wet,1.5,59,20260931,0.3166666666666667
wearable,wet_to_wet,1.5,60,20260931,0.8583333333333334
wearable,wet_to_wet,1.5,61,20260931,0.6166666666666668
wearable,wet_to_wet,1.5,62,20260931,0.8083333333333335
wearable,wet_to_wet,1.5,63,20260931,0.9500000000000001
wearable,wet_to_wet,1.5,64,20260931,0.5166666666666667
wearable,wet_to_wet,1.5,65,20260931,0.6583333333333333
wearable,wet_to_wet,1.5,66,20260931,0.9666666666666667
wearable,wet_to_wet,1.5,67,20260931,0.7999999999999999
wearable,wet_to_wet,1.5,68,20260931,0.9666666666666667
wearable,wet_to_wet,1.5,69,20260931,1.0
wearable,wet_to_wet,1.5,70,20260931,0.5583333333333333
wearable,wet_to_wet,1.5,71,20260931,0.3
wearable,wet_to_wet,1.5,72,20260931,0.7666666666666667
wearable,wet_to_wet,1.5,73,20260931,0.7166666666666667
wearable,wet_to_wet,1.5,74,20260931,0.5333333333333333
wearable,wet_to_wet,1.5,75,20260931,0.6750000000000002
wearable,wet_to_wet,1.5,76,20260931,0.18333333333333332
wearable,wet_to_wet,1.5,77,20260931,0.6499999999999999
wearable,wet_to_wet,1.5,78,20260931,0.2583333333333333
wearable,wet_to_wet,1.5,79,20260931,0.5499999999999999
wearable,wet_to_wet,1.5,80,20260931,0.9916666666666667
wearable,wet_to_wet,1.5,81,20260931,0.9833333333333334
wearable,wet_to_wet,1.5,82,20260931,0.9083333333333333
wearable,wet_to_wet,1.5,83,20260931,0.7583333333333333
wearable,wet_to_wet,1.5,84,20260931,0.9750000000000001
wearable,wet_to_wet,1.5,85,20260931,0.8916666666666667
wearable,wet_to_wet,1.5,86,20260931,0.9833333333333334
wearable,wet_to_wet,1.5,87,20260931,0.9833333333333334
wearable,wet_to_wet,1.5,88,20260931,0.9333333333333332
wearable,wet_to_wet,1.5,89,20260931,0.9833333333333334
wearable,wet_to_wet,1.5,90,20260931,0.525
wearable,wet_to_wet,1.5,91,20260931,0.8666666666666667
wearable,wet_to_wet,1.5,92,20260931,0.9833333333333334
wearable,wet_to_wet,1.5,93,20260931,0.8916666666666666
wearable,wet_to_wet,1.5,94,20260931,0.6833333333333335
wearable,wet_to_wet,1.5,95,20260931,0.325
wearable,wet_to_wet,1.5,96,20260931,0.5083333333333333
wearable,wet_to_wet,1.5,97,20260931,0.2916666666666667
wearable,wet_to_wet,1.5,98,20260931,0.9666666666666667
wearable,wet_to_wet,1.5,99,20260931,0.8583333333333334
wearable,wet_to_wet,1.5,100,20260931,0.9
wearable,wet_to_wet,1.5,101,20260931,0.6666666666666666
wearable,wet_to_wet,1.5,102,20260931,0.75
wearable,wet_to_wet,2.0,1,20260929,0.5333333333333333
wearable,wet_to_wet,2.0,2,20260929,0.8666666666666667
wearable,wet_to_wet,2.0,3,20260929,0.9833333333333334
wearable,wet_to_wet,2.0,4,20260929,0.9916666666666667
wearable,wet_to_wet,2.0,5,20260929,0.6333333333333332
wearable,wet_to_wet,2.0,6,20260929,0.39999999999999997
wearable,wet_to_wet,2.0,7,20260929,0.9333333333333335
wearable,wet_to_wet,2.0,8,20260929,0.9500000000000001
wearable,wet_to_wet,2.0,9,20260929,0.9333333333333335
wearable,wet_to_wet,2.0,10,20260929,0.7083333333333334
wearable,wet_to_wet,2.0,11,20260929,0.875
wearable,wet_to_wet,2.0,12,20260929,0.9916666666666667
wearable,wet_to_wet,2.0,13,20260929,0.7000000000000001
wearable,wet_to_wet,2.0,14,20260929,0.9166666666666669
wearable,wet_to_wet,2.0,15,20260929,0.6749999999999999
wearable,wet_to_wet,2.0,16,20260929,0.4916666666666667
wearable,wet_to_wet,2.0,17,20260929,0.8916666666666667
wearable,wet_to_wet,2.0,18,20260929,0.8166666666666668
wearable,wet_to_wet,2.0,19,20260929,0.9750000000000001
wearable,wet_to_wet,2.0,20,20260929,0.8666666666666667
wearable,wet_to_wet,2.0,21,20260929,0.8666666666666667
wearable,wet_to_wet,2.0,22,20260929,0.6
wearable,wet_to_wet,2.0,23,20260929,0.8666666666666667
wearable,wet_to_wet,2.0,24,20260929,0.7916666666666666
wearable,wet_to_wet,2.0,25,20260929,0.275
wearable,wet_to_wet,2.0,26,20260929,0.9833333333333334
wearable,wet_to_wet,2.0,27,20260929,0.35833333333333334
wearable,wet_to_wet,2.0,28,20260929,0.8916666666666666
wearable,wet_to_wet,2.0,29,20260929,0.9666666666666667
wearable,wet_to_wet,2.0,30,20260929,0.9916666666666667
wearable,wet_to_wet,2.0,31,20260929,0.875
wearable,wet_to_wet,2.0,32,20260929,0.9416666666666668
wearable,wet_to_wet,2.0,33,20260929,0.5416666666666666
wearable,wet_to_wet,2.0,34,20260929,0.8833333333333334
wearable,wet_to_wet,2.0,35,20260929,0.6416666666666666
wearable,wet_to_wet,2.0,36,20260929,0.6416666666666666
wearable,wet_to_wet,2.0,37,20260929,0.6333333333333334
wearable,wet_to_wet,2.0,38,20260929,1.0
wearable,wet_to_wet,2.0,39,20260929,0.9666666666666668
wearable,wet_to_wet,2.0,40,20260929,0.9833333333333334
wearable,wet_to_wet,2.0,41,20260929,0.85
wearable,wet_to_wet,2.0,42,20260929,0.6916666666666668
wearable,wet_to_wet,2.0,43,20260929,0.9583333333333334
wearable,wet_to_wet,2.0,44,20260929,0.5166666666666667
wearable,wet_to_wet,2.0,45,20260929,0.6416666666666666
wearable,wet_to_wet,2.0,46,20260929,0.5833333333333334
wearable,wet_to_wet,2.0,47,20260929,0.32500000000000007
wearable,wet_to_wet,2.0,48,20260929,0.9833333333333334
wearable,wet_to_wet,2.0,49,20260929,0.6
wearable,wet_to_wet,2.0,50,20260929,0.85
wearable,wet_to_wet,2.0,51,20260929,0.8416666666666668
wearable,wet_to_wet,2.0,52,20260929,0.9583333333333334
wearable,wet_to_wet,2.0,53,20260929,0.8666666666666667
wearable,wet_to_wet,2.0,54,20260929,0.9916666666666667
wearable,wet_to_wet,2.0,55,20260929,0.7916666666666666
wearable,wet_to_wet,2.0,56,20260929,1.0
wearable,wet_to_wet,2.0,57,20260929,0.6749999999999999
wearable,wet_to_wet,2.0,58,20260929,0.9166666666666669
wearable,wet_to_wet,2.0,59,20260929,0.35833333333333334
wearable,wet_to_wet,2.0,60,20260929,0.9583333333333334
wearable,wet_to_wet,2.0,61,20260929,0.6750000000000002
wearable,wet_to_wet,2.0,62,20260929,0.8500000000000001
wearable,wet_to_wet,2.0,63,20260929,0.9666666666666667
wearable,wet_to_wet,2.0,64,20260929,0.5000000000000001
wearable,wet_to_wet,2.0,65,20260929,0.7416666666666667
wearable,wet_to_wet,2.0,66,20260929,0.9916666666666667
wearable,wet_to_wet,2.0,67,20260929,0.75
wearable,wet_to_wet,2.0,68,20260929,0.9916666666666667
wearable,wet_to_wet,2.0,69,20260929,1.0
wearable,wet_to_wet,2.0,70,20260929,0.6416666666666667
wearable,wet_to_wet,2.0,71,20260929,0.36666666666666664
wearable,wet_to_wet,2.0,72,20260929,0.8166666666666668
wearable,wet_to_wet,2.0,73,20260929,0.7166666666666667
wearable,wet_to_wet,2.0,74,20260929,0.6333333333333334
wearable,wet_to_wet,2.0,75,20260929,0.6833333333333332
wearable,wet_to_wet,2.0,76,20260929,0.18333333333333335
wearable,wet_to_wet,2.0,77,20260929,0.6916666666666668
wearable,wet_to_wet,2.0,78,20260929,0.44999999999999996
wearable,wet_to_wet,2.0,79,20260929,0.55
wearable,wet_to_wet,2.0,80,20260929,1.0
wearable,wet_to_wet,2.0,81,20260929,0.9916666666666667
wearable,wet_to_wet,2.0,82,20260929,0.9500000000000001
wearable,wet_to_wet,2.0,83,20260929,0.7583333333333333
wearable,wet_to_wet,2.0,84,20260929,0.9833333333333334
wearable,wet_to_wet,2.0,85,20260929,0.9666666666666667
wearable,wet_to_wet,2.0,86,20260929,0.9750000000000001
wearable,wet_to_wet,2.0,87,20260929,0.9916666666666667
wearable,wet_to_wet,2.0,88,20260929,0.9333333333333335
wearable,wet_to_wet,2.0,89,20260929,0.975
wearable,wet_to_wet,2.0,90,20260929,0.5083333333333334
wearable,wet_to_wet,2.0,91,20260929,0.9083333333333332
wearable,wet_to_wet,2.0,92,20260929,1.0
wearable,wet_to_wet,2.0,93,20260929,0.9500000000000001
wearable,wet_to_wet,2.0,94,20260929,0.6
wearable,wet_to_wet,2.0,95,20260929,0.44166666666666665
wearable,wet_to_wet,2.0,96,20260929,0.6666666666666666
wearable,wet_to_wet,2.0,97,20260929,0.31666666666666665
wearable,wet_to_wet,2.0,98,20260929,0.9833333333333334
wearable,wet_to_wet,2.0,99,20260929,0.9083333333333335
wearable,wet_to_wet,2.0,100,20260929,0.9583333333333334
wearable,wet_to_wet,2.0,101,20260929,0.7083333333333334
wearable,wet_to_wet,2.0,102,20260929,0.725
wearable,wet_to_wet,2.0,1,20260930,0.525
wearable,wet_to_wet,2.0,2,20260930,0.8083333333333335
wearable,wet_to_wet,2.0,3,20260930,0.9916666666666667
wearable,wet_to_wet,2.0,4,20260930,0.9916666666666667
wearable,wet_to_wet,2.0,5,20260930,0.4750000000000001
wearable,wet_to_wet,2.0,6,20260930,0.375
wearable,wet_to_wet,2.0,7,20260930,0.9833333333333334
wearable,wet_to_wet,2.0,8,20260930,0.9249999999999999
wearable,wet_to_wet,2.0,9,20260930,0.6749999999999999
wearable,wet_to_wet,2.0,10,20260930,0.7583333333333333
wearable,wet_to_wet,2.0,11,20260930,0.8250000000000002
wearable,wet_to_wet,2.0,12,20260930,0.9916666666666667
wearable,wet_to_wet,2.0,13,20260930,0.7666666666666666
wearable,wet_to_wet,2.0,14,20260930,0.8916666666666667
wearable,wet_to_wet,2.0,15,20260930,0.6250000000000001
wearable,wet_to_wet,2.0,16,20260930,0.5
wearable,wet_to_wet,2.0,17,20260930,0.9083333333333333
wearable,wet_to_wet,2.0,18,20260930,0.8416666666666667
wearable,wet_to_wet,2.0,19,20260930,0.9833333333333334
wearable,wet_to_wet,2.0,20,20260930,0.8583333333333334
wearable,wet_to_wet,2.0,21,20260930,0.8166666666666668
wearable,wet_to_wet,2.0,22,20260930,0.6249999999999999
wearable,wet_to_wet,2.0,23,20260930,0.8250000000000001
wearable,wet_to_wet,2.0,24,20260930,0.8083333333333335
wearable,wet_to_wet,2.0,25,20260930,0.3416666666666666
wearable,wet_to_wet,2.0,26,20260930,0.9750000000000001
wearable,wet_to_wet,2.0,27,20260930,0.39166666666666666
wearable,wet_to_wet,2.0,28,20260930,0.75
wearable,wet_to_wet,2.0,29,20260930,0.9916666666666667
wearable,wet_to_wet,2.0,30,20260930,0.9916666666666667
wearable,wet_to_wet,2.0,31,20260930,0.8500000000000001
wearable,wet_to_wet,2.0,32,20260930,0.9500000000000001
wearable,wet_to_wet,2.0,33,20260930,0.5916666666666666
wearable,wet_to_wet,2.0,34,20260930,0.8583333333333333
wearable,wet_to_wet,2.0,35,20260930,0.6583333333333333
wearable,wet_to_wet,2.0,36,20260930,0.6083333333333333
wearable,wet_to_wet,2.0,37,20260930,0.5499999999999999
wearable,wet_to_wet,2.0,38,20260930,1.0
wearable,wet_to_wet,2.0,39,20260930,0.9833333333333334
wearable,wet_to_wet,2.0,40,20260930,0.9666666666666668
wearable,wet_to_wet,2.0,41,20260930,0.7833333333333332
wearable,wet_to_wet,2.0,42,20260930,0.7000000000000001
wearable,wet_to_wet,2.0,43,20260930,0.9333333333333332
wearable,wet_to_wet,2.0,44,20260930,0.6166666666666667
wearable,wet_to_wet,2.0,45,20260930,0.6000000000000001
wearable,wet_to_wet,2.0,46,20260930,0.55
wearable,wet_to_wet,2.0,47,20260930,0.3416666666666666
wearable,wet_to_wet,2.0,48,20260930,0.9833333333333334
wearable,wet_to_wet,2.0,49,20260930,0.575
wearable,wet_to_wet,2.0,50,20260930,0.7666666666666667
wearable,wet_to_wet,2.0,51,20260930,0.9
wearable,wet_to_wet,2.0,52,20260930,0.9666666666666667
wearable,wet_to_wet,2.0,53,20260930,0.875
wearable,wet_to_wet,2.0,54,20260930,0.9833333333333334
wearable,wet_to_wet,2.0,55,20260930,0.7999999999999999
wearable,wet_to_wet,2.0,56,20260930,0.9833333333333334
wearable,wet_to_wet,2.0,57,20260930,0.7583333333333334
wearable,wet_to_wet,2.0,58,20260930,0.9249999999999999
wearable,wet_to_wet,2.0,59,20260930,0.19166666666666668
wearable,wet_to_wet,2.0,60,20260930,0.8666666666666667
wearable,wet_to_wet,2.0,61,20260930,0.6500000000000001
wearable,wet_to_wet,2.0,62,20260930,0.9
wearable,wet_to_wet,2.0,63,20260930,0.9833333333333334
wearable,wet_to_wet,2.0,64,20260930,0.5166666666666667
wearable,wet_to_wet,2.0,65,20260930,0.65
wearable,wet_to_wet,2.0,66,20260930,0.9833333333333334
wearable,wet_to_wet,2.0,67,20260930,0.7749999999999999
wearable,wet_to_wet,2.0,68,20260930,0.9916666666666667
wearable,wet_to_wet,2.0,69,20260930,1.0
wearable,wet_to_wet,2.0,70,20260930,0.6166666666666666
wearable,wet_to_wet,2.0,71,20260930,0.3166666666666667
wearable,wet_to_wet,2.0,72,20260930,0.8083333333333332
wearable,wet_to_wet,2.0,73,20260930,0.7833333333333333
wearable,wet_to_wet,2.0,74,20260930,0.6833333333333332
wearable,wet_to_wet,2.0,75,20260930,0.8083333333333335
wearable,wet_to_wet,2.0,76,20260930,0.20833333333333334
wearable,wet_to_wet,2.0,77,20260930,0.6750000000000002
wearable,wet_to_wet,2.0,78,20260930,0.15833333333333335
wearable,wet_to_wet,2.0,79,20260930,0.6083333333333333
wearable,wet_to_wet,2.0,80,20260930,1.0
wearable,wet_to_wet,2.0,81,20260930,0.9666666666666667
wearable,wet_to_wet,2.0,82,20260930,0.9666666666666667
wearable,wet_to_wet,2.0,83,20260930,0.8583333333333334
wearable,wet_to_wet,2.0,84,20260930,0.9833333333333334
wearable,wet_to_wet,2.0,85,20260930,0.9416666666666668
wearable,wet_to_wet,2.0,86,20260930,0.9666666666666667
wearable,wet_to_wet,2.0,87,20260930,0.9916666666666667
wearable,wet_to_wet,2.0,88,20260930,0.8833333333333332
wearable,wet_to_wet,2.0,89,20260930,0.9666666666666667
wearable,wet_to_wet,2.0,90,20260930,0.5166666666666666
wearable,wet_to_wet,2.0,91,20260930,0.8500000000000001
wearable,wet_to_wet,2.0,92,20260930,0.9916666666666667
wearable,wet_to_wet,2.0,93,20260930,0.9166666666666666
wearable,wet_to_wet,2.0,94,20260930,0.6749999999999999
wearable,wet_to_wet,2.0,95,20260930,0.3833333333333333
wearable,wet_to_wet,2.0,96,20260930,0.6666666666666666
wearable,wet_to_wet,2.0,97,20260930,0.375
wearable,wet_to_wet,2.0,98,20260930,0.975
wearable,wet_to_wet,2.0,99,20260930,0.9166666666666666
wearable,wet_to_wet,2.0,100,20260930,0.9583333333333334
wearable,wet_to_wet,2.0,101,20260930,0.7000000000000001
wearable,wet_to_wet,2.0,102,20260930,0.6416666666666667
wearable,wet_to_wet,2.0,1,20260931,0.5333333333333333
wearable,wet_to_wet,2.0,2,20260931,0.8999999999999999
wearable,wet_to_wet,2.0,3,20260931,0.9666666666666667
wearable,wet_to_wet,2.0,4,20260931,0.9833333333333334
wearable,wet_to_wet,2.0,5,20260931,0.49166666666666664
wearable,wet_to_wet,2.0,6,20260931,0.46666666666666656
wearable,wet_to_wet,2.0,7,20260931,0.9416666666666668
wearable,wet_to_wet,2.0,8,20260931,0.9083333333333333
wearable,wet_to_wet,2.0,9,20260931,0.9416666666666668
wearable,wet_to_wet,2.0,10,20260931,0.7000000000000001
wearable,wet_to_wet,2.0,11,20260931,0.8250000000000002
wearable,wet_to_wet,2.0,12,20260931,0.9916666666666667
wearable,wet_to_wet,2.0,13,20260931,0.6916666666666668
wearable,wet_to_wet,2.0,14,20260931,0.8750000000000001
wearable,wet_to_wet,2.0,15,20260931,0.6583333333333333
wearable,wet_to_wet,2.0,16,20260931,0.44166666666666665
wearable,wet_to_wet,2.0,17,20260931,0.9083333333333333
wearable,wet_to_wet,2.0,18,20260931,0.775
wearable,wet_to_wet,2.0,19,20260931,0.9916666666666667
wearable,wet_to_wet,2.0,20,20260931,0.8999999999999999
wearable,wet_to_wet,2.0,21,20260931,0.7999999999999999
wearable,wet_to_wet,2.0,22,20260931,0.6083333333333333
wearable,wet_to_wet,2.0,23,20260931,0.875
wearable,wet_to_wet,2.0,24,20260931,0.7749999999999999
wearable,wet_to_wet,2.0,25,20260931,0.275
wearable,wet_to_wet,2.0,26,20260931,0.9666666666666667
wearable,wet_to_wet,2.0,27,20260931,0.36666666666666664
wearable,wet_to_wet,2.0,28,20260931,0.9333333333333332
wearable,wet_to_wet,2.0,29,20260931,0.9916666666666667
wearable,wet_to_wet,2.0,30,20260931,0.9916666666666667
wearable,wet_to_wet,2.0,31,20260931,0.8416666666666667
wearable,wet_to_wet,2.0,32,20260931,0.9416666666666668
wearable,wet_to_wet,2.0,33,20260931,0.5916666666666667
wearable,wet_to_wet,2.0,34,20260931,0.9
wearable,wet_to_wet,2.0,35,20260931,0.6083333333333333
wearable,wet_to_wet,2.0,36,20260931,0.6333333333333332
wearable,wet_to_wet,2.0,37,20260931,0.525
wearable,wet_to_wet,2.0,38,20260931,1.0
wearable,wet_to_wet,2.0,39,20260931,0.9750000000000001
wearable,wet_to_wet,2.0,40,20260931,0.9916666666666667
wearable,wet_to_wet,2.0,41,20260931,0.8416666666666668
wearable,wet_to_wet,2.0,42,20260931,0.7083333333333334
wearable,wet_to_wet,2.0,43,20260931,0.9333333333333335
wearable,wet_to_wet,2.0,44,20260931,0.5666666666666665
wearable,wet_to_wet,2.0,45,20260931,0.6249999999999999
wearable,wet_to_wet,2.0,46,20260931,0.5750000000000001
wearable,wet_to_wet,2.0,47,20260931,0.325
wearable,wet_to_wet,2.0,48,20260931,0.9666666666666668
wearable,wet_to_wet,2.0,49,20260931,0.6166666666666666
wearable,wet_to_wet,2.0,50,20260931,0.8166666666666668
wearable,wet_to_wet,2.0,51,20260931,0.875
wearable,wet_to_wet,2.0,52,20260931,0.9666666666666667
wearable,wet_to_wet,2.0,53,20260931,0.8833333333333333
wearable,wet_to_wet,2.0,54,20260931,0.9916666666666667
wearable,wet_to_wet,2.0,55,20260931,0.8416666666666667
wearable,wet_to_wet,2.0,56,20260931,1.0
wearable,wet_to_wet,2.0,57,20260931,0.6749999999999999
wearable,wet_to_wet,2.0,58,20260931,0.8833333333333333
wearable,wet_to_wet,2.0,59,20260931,0.39166666666666666
wearable,wet_to_wet,2.0,60,20260931,0.8916666666666666
wearable,wet_to_wet,2.0,61,20260931,0.6250000000000001
wearable,wet_to_wet,2.0,62,20260931,0.8500000000000001
wearable,wet_to_wet,2.0,63,20260931,0.9666666666666667
wearable,wet_to_wet,2.0,64,20260931,0.5500000000000002
wearable,wet_to_wet,2.0,65,20260931,0.7333333333333334
wearable,wet_to_wet,2.0,66,20260931,0.9833333333333334
wearable,wet_to_wet,2.0,67,20260931,0.8250000000000001
wearable,wet_to_wet,2.0,68,20260931,0.9750000000000001
wearable,wet_to_wet,2.0,69,20260931,1.0
wearable,wet_to_wet,2.0,70,20260931,0.6
wearable,wet_to_wet,2.0,71,20260931,0.25833333333333336
wearable,wet_to_wet,2.0,72,20260931,0.7916666666666669
wearable,wet_to_wet,2.0,73,20260931,0.725
wearable,wet_to_wet,2.0,74,20260931,0.5499999999999999
wearable,wet_to_wet,2.0,75,20260931,0.6833333333333332
wearable,wet_to_wet,2.0,76,20260931,0.19999999999999998
wearable,wet_to_wet,2.0,77,20260931,0.6833333333333332
wearable,wet_to_wet,2.0,78,20260931,0.25
wearable,wet_to_wet,2.0,79,20260931,0.5916666666666667
wearable,wet_to_wet,2.0,80,20260931,1.0
wearable,wet_to_wet,2.0,81,20260931,0.9750000000000001
wearable,wet_to_wet,2.0,82,20260931,0.9250000000000002
wearable,wet_to_wet,2.0,83,20260931,0.8083333333333335
wearable,wet_to_wet,2.0,84,20260931,0.9916666666666667
wearable,wet_to_wet,2.0,85,20260931,0.975
wearable,wet_to_wet,2.0,86,20260931,0.9833333333333334
wearable,wet_to_wet,2.0,87,20260931,0.9916666666666667
wearable,wet_to_wet,2.0,88,20260931,0.9500000000000001
wearable,wet_to_wet,2.0,89,20260931,0.9666666666666667
wearable,wet_to_wet,2.0,90,20260931,0.5083333333333333
wearable,wet_to_wet,2.0,91,20260931,0.8333333333333334
wearable,wet_to_wet,2.0,92,20260931,0.9833333333333334
wearable,wet_to_wet,2.0,93,20260931,0.8833333333333333
wearable,wet_to_wet,2.0,94,20260931,0.6666666666666666
wearable,wet_to_wet,2.0,95,20260931,0.4166666666666667
wearable,wet_to_wet,2.0,96,20260931,0.575
wearable,wet_to_wet,2.0,97,20260931,0.3583333333333334
wearable,wet_to_wet,2.0,98,20260931,0.975
wearable,wet_to_wet,2.0,99,20260931,0.9000000000000002
wearable,wet_to_wet,2.0,100,20260931,0.9500000000000001
wearable,wet_to_wet,2.0,101,20260931,0.7000000000000001
wearable,wet_to_wet,2.0,102,20260931,0.775
