dataset,condition,window_s,participant,seeds_averaged,balanced_accuracy
wearable,dry_to_dry,0.4,1,3,0.11944444444444446
wearable,dry_to_dry,0.4,2,3,0.12222222222222225
wearable,dry_to_dry,0.4,3,3,0.28611111111111115
wearable,dry_to_dry,0.4,4,3,0.42777777777777776
wearable,dry_to_dry,0.4,5,3,0.34722222222222215
wearable,dry_to_dry,0.4,6,3,0.14722222222222223
wearable,dry_to_dry,0.4,7,3,0.25833333333333336
wearable,dry_to_dry,0.4,8,3,0.31666666666666665
wearable,dry_to_dry,0.4,9,3,0.11388888888888889
wearable,dry_to_dry,0.4,10,3,0.23611111111111113
wearable,dry_to_dry,0.4,11,3,0.3444444444444444
wearable,dry_to_dry,0.4,12,3,0.2416666666666667
wearable,dry_to_dry,0.4,13,3,0.3527777777777778
wearable,dry_to_dry,0.4,14,3,0.2638888888888889
wearable,dry_to_dry,0.4,15,3,0.20833333333333337
wearable,dry_to_dry,0.4,16,3,0.20555555555555557
wearable,dry_to_dry,0.4,17,3,0.3111111111111111
wearable,dry_to_dry,0.4,18,3,0.27222222222222225
wearable,dry_to_dry,0.4,19,3,0.4305555555555556
wearable,dry_to_dry,0.4,20,3,0.23888888888888893
wearable,dry_to_dry,0.4,21,3,0.19999999999999998
wearable,dry_to_dry,0.4,22,3,0.12222222222222223
wearable,dry_to_dry,0.4,23,3,0.7444444444444445
wearable,dry_to_dry,0.4,24,3,0.4861111111111111
wearable,dry_to_dry,0.4,25,3,0.1388888888888889
wearable,dry_to_dry,0.4,26,3,0.28333333333333327
wearable,dry_to_dry,0.4,27,3,0.10277777777777779
wearable,dry_to_dry,0.4,28,3,0.28611111111111104
wearable,dry_to_dry,0.4,29,3,0.44166666666666665
wearable,dry_to_dry,0.4,30,3,0.4166666666666667
wearable,dry_to_dry,0.4,31,3,0.4305555555555555
wearable,dry_to_dry,0.4,32,3,0.21666666666666667
wearable,dry_to_dry,0.4,33,3,0.21666666666666667
wearable,dry_to_dry,0.4,34,3,0.23611111111111108
wearable,dry_to_dry,0.4,35,3,0.125
wearable,dry_to_dry,0.4,36,3,0.21666666666666667
wearable,dry_to_dry,0.4,37,3,0.2472222222222222
wearable,dry_to_dry,0.4,38,3,0.7694444444444444
wearable,dry_to_dry,0.4,39,3,0.18888888888888888
wearable,dry_to_dry,0.4,40,3,0.2805555555555555
wearable,dry_to_dry,0.4,41,3,0.33888888888888885
wearable,dry_to_dry,0.4,42,3,0.19444444444444445
wearable,dry_to_dry,0.4,43,3,0.16944444444444443
wearable,dry_to_dry,0.4,44,3,0.09722222222222221
wearable,dry_to_dry,0.4,45,3,0.11111111111111112
wearable,dry_to_dry,0.4,46,3,0.18333333333333332
wearable,dry_to_dry,0.4,47,3,0.09444444444444444
wearable,dry_to_dry,0.4,48,3,0.21666666666666667
wearable,dry_to_dry,0.4,49,3,0.09444444444444446
wearable,dry_to_dry,0.4,50,3,0.22777777777777777
wearable,dry_to_dry,0.4,51,3,0.23055555555555554
wearable,dry_to_dry,0.4,52,3,0.5111111111111111
wearable,dry_to_dry,0.4,53,3,0.4861111111111111
wearable,dry_to_dry,0.4,54,3,0.44999999999999996
wearable,dry_to_dry,0.4,55,3,0.2027777777777778
wearable,dry_to_dry,0.4,56,3,0.2527777777777778
wearable,dry_to_dry,0.4,57,3,0.17777777777777778
wearable,dry_to_dry,0.4,58,3,0.3333333333333333
wearable,dry_to_dry,0.4,59,3,0.049999999999999996
wearable,dry_to_dry,0.4,60,3,0.09722222222222222
wearable,dry_to_dry,0.4,61,3,0.34722222222222215
wearable,dry_to_dry,0.4,62,3,0.41111111111111104
wearable,dry_to_dry,0.4,63,3,0.17222222222222225
wearable,dry_to_dry,0.4,64,3,0.09722222222222221
wearable,dry_to_dry,0.4,65,3,0.19444444444444445
wearable,dry_to_dry,0.4,66,3,0.2722222222222222
wearable,dry_to_dry,0.4,67,3,0.09722222222222225
wearable,dry_to_dry,0.4,68,3,0.47222222222222215
wearable,dry_to_dry,0.4,69,3,0.8666666666666667
wearable,dry_to_dry,0.4,70,3,0.2166666666666667
wearable,dry_to_dry,0.4,71,3,0.22222222222222224
wearable,dry_to_dry,0.4,72,3,0.26944444444444443
wearable,dry_to_dry,0.4,73,3,0.16944444444444443
wearable,dry_to_dry,0.4,74,3,0.1638888888888889
wearable,dry_to_dry,0.4,75,3,0.15555555555555556
wearable,dry_to_dry,0.4,76,3,0.10833333333333334
wearable,dry_to_dry,0.4,77,3,0.325
wearable,dry_to_dry,0.4,78,3,0.09722222222222222
wearable,dry_to_dry,0.4,79,3,0.4222222222222222
wearable,dry_to_dry,0.4,80,3,0.26944444444444443
wearable,dry_to_dry,0.4,81,3,0.3138888888888889
wearable,dry_to_dry,0.4,82,3,0.3416666666666666
wearable,dry_to_dry,0.4,83,3,0.2888888888888889
wearable,dry_to_dry,0.4,84,3,0.48888888888888893
wearable,dry_to_dry,0.4,85,3,0.2722222222222222
wearable,dry_to_dry,0.4,86,3,0.2861111111111111
wearable,dry_to_dry,0.4,87,3,0.4361111111111111
wearable,dry_to_dry,0.4,88,3,0.2111111111111111
wearable,dry_to_dry,0.4,89,3,0.3444444444444444
wearable,dry_to_dry,0.4,90,3,0.14722222222222223
wearable,dry_to_dry,0.4,91,3,0.29444444444444445
wearable,dry_to_dry,0.4,92,3,0.3805555555555556
wearable,dry_to_dry,0.4,93,3,0.24722222222222223
wearable,dry_to_dry,0.4,94,3,0.2333333333333333
wearable,dry_to_dry,0.4,95,3,0.19722222222222227
wearable,dry_to_dry,0.4,96,3,0.16111111111111112
wearable,dry_to_dry,0.4,97,3,0.13055555555555556
wearable,dry_to_dry,0.4,98,3,0.5138888888888888
wearable,dry_to_dry,0.4,99,3,0.38055555555555554
wearable,dry_to_dry,0.4,100,3,0.45555555555555555
wearable,dry_to_dry,0.4,101,3,0.325
wearable,dry_to_dry,0.4,102,3,0.47222222222222215
wearable,dry_to_dry,0.6,1,3,0.10277777777777779
wearable,dry_to_dry,0.6,2,3,0.14444444444444446
wearable,dry_to_dry,0.6,3,3,0.37499999999999994
wearable,dry_to_dry,0.6,4,3,0.5611111111111112
wearable,dry_to_dry,0.6,5,3,0.4444444444444445
wearable,dry_to_dry,0.6,6,3,0.20000000000000004
wearable,dry_to_dry,0.6,7,3,0.42500000000000004
wearable,dry_to_dry,0.6,8,3,0.39166666666666666
wearable,dry_to_dry,0.6,9,3,0.15833333333333333
wearable,dry_to_dry,0.6,10,3,0.375
wearable,dry_to_dry,0.6,11,3,0.4944444444444444
wearable,dry_to_dry,0.6,12,3,0.2972222222222223
wearable,dry_to_dry,0.6,13,3,0.48888888888888893
wearable,dry_to_dry,0.6,14,3,0.4166666666666667
wearable,dry_to_dry,0.6,15,3,0.23611111111111113
wearable,dry_to_dry,0.6,16,3,0.25833333333333325
wearable,dry_to_dry,0.6,17,3,0.31666666666666665
wearable,dry_to_dry,0.6,18,3,0.4694444444444445
wearable,dry_to_dry,0.6,19,3,0.6
wearable,dry_to_dry,0.6,20,3,0.31666666666666665
wearable,dry_to_dry,0.6,21,3,0.24999999999999997
wearable,dry_to_dry,0.6,22,3,0.15000000000000002
wearable,dry_to_dry,0.6,23,3,0.9083333333333333
wearable,dry_to_dry,0.6,24,3,0.6166666666666666
wearable,dry_to_dry,0.6,25,3,0.1305555555555556
wearable,dry_to_dry,0.6,26,3,0.46388888888888885
wearable,dry_to_dry,0.6,27,3,0.1416666666666667
wearable,dry_to_dry,0.6,28,3,0.3833333333333333
wearable,dry_to_dry,0.6,29,3,0.5944444444444444
wearable,dry_to_dry,0.6,30,3,0.6083333333333333
wearable,dry_to_dry,0.6,31,3,0.6527777777777777
wearable,dry_to_dry,0.6,32,3,0.29166666666666674
wearable,dry_to_dry,0.6,33,3,0.26944444444444443
wearable,dry_to_dry,0.6,34,3,0.30277777777777776
wearable,dry_to_dry,0.6,35,3,0.1361111111111111
wearable,dry_to_dry,0.6,36,3,0.2555555555555556
wearable,dry_to_dry,0.6,37,3,0.3527777777777778
wearable,dry_to_dry,0.6,38,3,0.9222222222222222
wearable,dry_to_dry,0.6,39,3,0.24722222222222223
wearable,dry_to_dry,0.6,40,3,0.3777777777777777
wearable,dry_to_dry,0.6,41,3,0.4138888888888889
wearable,dry_to_dry,0.6,42,3,0.2805555555555555
wearable,dry_to_dry,0.6,43,3,0.30000000000000004
wearable,dry_to_dry,0.6,44,3,0.1277777777777778
wearable,dry_to_dry,0.6,45,3,0.09722222222222221
wearable,dry_to_dry,0.6,46,3,0.22777777777777777
wearable,dry_to_dry,0.6,47,3,0.11666666666666668
wearable,dry_to_dry,0.6,48,3,0.26944444444444443
wearable,dry_to_dry,0.6,49,3,0.15555555555555556
wearable,dry_to_dry,0.6,50,3,0.33055555555555555
wearable,dry_to_dry,0.6,51,3,0.3
wearable,dry_to_dry,0.6,52,3,0.6694444444444444
wearable,dry_to_dry,0.6,53,3,0.5472222222222222
wearable,dry_to_dry,0.6,54,3,0.6138888888888889
wearable,dry_to_dry,0.6,55,3,0.22777777777777777
wearable,dry_to_dry,0.6,56,3,0.4472222222222222
wearable,dry_to_dry,0.6,57,3,0.18888888888888888
wearable,dry_to_dry,0.6,58,3,0.4444444444444445
wearable,dry_to_dry,0.6,59,3,0.13611111111111113
wearable,dry_to_dry,0.6,60,3,0.1361111111111111
wearable,dry_to_dry,0.6,61,3,0.38055555555555554
wearable,dry_to_dry,0.6,62,3,0.5
wearable,dry_to_dry,0.6,63,3,0.425
wearable,dry_to_dry,0.6,64,3,0.20277777777777775
wearable,dry_to_dry,0.6,65,3,0.2916666666666667
wearable,dry_to_dry,0.6,66,3,0.42777777777777776
wearable,dry_to_dry,0.6,67,3,0.13055555555555556
wearable,dry_to_dry,0.6,68,3,0.5333333333333333
wearable,dry_to_dry,0.6,69,3,0.9611111111111111
wearable,dry_to_dry,0.6,70,3,0.25
wearable,dry_to_dry,0.6,71,3,0.20277777777777775
wearable,dry_to_dry,0.6,72,3,0.48055555555555557
wearable,dry_to_dry,0.6,73,3,0.22222222222222224
wearable,dry_to_dry,0.6,74,3,0.20555555555555557
wearable,dry_to_dry,0.6,75,3,0.2611111111111111
wearable,dry_to_dry,0.6,76,3,0.10833333333333335
wearable,dry_to_dry,0.6,77,3,0.3916666666666666
wearable,dry_to_dry,0.6,78,3,0.11388888888888891
wearable,dry_to_dry,0.6,79,3,0.5888888888888889
wearable,dry_to_dry,0.6,80,3,0.35000000000000003
wearable,dry_to_dry,0.6,81,3,0.37777777777777777
wearable,dry_to_dry,0.6,82,3,0.4666666666666666
wearable,dry_to_dry,0.6,83,3,0.30277777777777776
wearable,dry_to_dry,0.6,84,3,0.6000000000000001
wearable,dry_to_dry,0.6,85,3,0.4305555555555556
wearable,dry_to_dry,0.6,86,3,0.5416666666666666
wearable,dry_to_dry,0.6,87,3,0.525
wearable,dry_to_dry,0.6,88,3,0.26944444444444443
wearable,dry_to_dry,0.6,89,3,0.4222222222222223
wearable,dry_to_dry,0.6,90,3,0.17222222222222225
wearable,dry_to_dry,0.6,91,3,0.39999999999999997
wearable,dry_to_dry,0.6,92,3,0.4138888888888889
wearable,dry_to_dry,0.6,93,3,0.3499999999999999
wearable,dry_to_dry,0.6,94,3,0.375
wearable,dry_to_dry,0.6,95,3,0.2638888888888889
wearable,dry_to_dry,0.6,96,3,0.14722222222222223
wearable,dry_to_dry,0.6,97,3,0.1416666666666667
wearable,dry_to_dry,0.6,98,3,0.5694444444444445
wearable,dry_to_dry,0.6,99,3,0.5194444444444445
wearable,dry_to_dry,0.6,100,3,0.5944444444444446
wearable,dry_to_dry,0.6,101,3,0.39444444444444443
wearable,dry_to_dry,0.6,102,3,0.6638888888888889
wearable,dry_to_dry,0.8,1,3,0.17222222222222225
wearable,dry_to_dry,0.8,2,3,0.19166666666666665
wearable,dry_to_dry,0.8,3,3,0.5416666666666666
wearable,dry_to_dry,0.8,4,3,0.7083333333333335
wearable,dry_to_dry,0.8,5,3,0.5388888888888889
wearable,dry_to_dry,0.8,6,3,0.23055555555555554
wearable,dry_to_dry,0.8,7,3,0.45555555555555555
wearable,dry_to_dry,0.8,8,3,0.5361111111111111
wearable,dry_to_dry,0.8,9,3,0.18333333333333335
wearable,dry_to_dry,0.8,10,3,0.5444444444444444
wearable,dry_to_dry,0.8,11,3,0.5777777777777778
wearable,dry_to_dry,0.8,12,3,0.3444444444444444
wearable,dry_to_dry,0.8,13,3,0.5444444444444444
wearable,dry_to_dry,0.8,14,3,0.5499999999999999
wearable,dry_to_dry,0.8,15,3,0.2833333333333334
wearable,dry_to_dry,0.8,16,3,0.2833333333333334
wearable,dry_to_dry,0.8,17,3,0.3833333333333333
wearable,dry_to_dry,0.8,18,3,0.5305555555555556
wearable,dry_to_dry,0.8,19,3,0.7027777777777778
wearable,dry_to_dry,0.8,20,3,0.4138888888888889
wearable,dry_to_dry,0.8,21,3,0.24722222222222223
wearable,dry_to_dry,0.8,22,3,0.19444444444444445
wearable,dry_to_dry,0.8,23,3,0.9444444444444445
wearable,dry_to_dry,0.8,24,3,0.7777777777777777
wearable,dry_to_dry,0.8,25,3,0.1527777777777778
wearable,dry_to_dry,0.8,26,3,0.6472222222222223
wearable,dry_to_dry,0.8,27,3,0.2166666666666667
wearable,dry_to_dry,0.8,28,3,0.49444444444444446
wearable,dry_to_dry,0.8,29,3,0.7250000000000001
wearable,dry_to_dry,0.8,30,3,0.7166666666666667
wearable,dry_to_dry,0.8,31,3,0.7833333333333333
wearable,dry_to_dry,0.8,32,3,0.3361111111111111
wearable,dry_to_dry,0.8,33,3,0.3527777777777778
wearable,dry_to_dry,0.8,34,3,0.36944444444444446
wearable,dry_to_dry,0.8,35,3,0.14722222222222223
wearable,dry_to_dry,0.8,36,3,0.34722222222222227
wearable,dry_to_dry,0.8,37,3,0.4166666666666667
wearable,dry_to_dry,0.8,38,3,0.9638888888888889
wearable,dry_to_dry,0.8,39,3,0.3
wearable,dry_to_dry,0.8,40,3,0.5527777777777777
wearable,dry_to_dry,0.8,41,3,0.47222222222222227
wearable,dry_to_dry,0.8,42,3,0.36388888888888893
wearable,dry_to_dry,0.8,43,3,0.36111111111111116
wearable,dry_to_dry,0.8,44,3,0.10277777777777779
wearable,dry_to_dry,0.8,45,3,0.13055555555555556
wearable,dry_to_dry,0.8,46,3,0.29444444444444445
wearable,dry_to_dry,0.8,47,3,0.11666666666666668
wearable,dry_to_dry,0.8,48,3,0.31111111111111106
wearable,dry_to_dry,0.8,49,3,0.2166666666666667
wearable,dry_to_dry,0.8,50,3,0.4305555555555555
wearable,dry_to_dry,0.8,51,3,0.35555555555555557
wearable,dry_to_dry,0.8,52,3,0.8250000000000002
wearable,dry_to_dry,0.8,53,3,0.6638888888888891
wearable,dry_to_dry,0.8,54,3,0.7444444444444445
wearable,dry_to_dry,0.8,55,3,0.3027777777777778
wearable,dry_to_dry,0.8,56,3,0.6111111111111112
wearable,dry_to_dry,0.8,57,3,0.275
wearable,dry_to_dry,0.8,58,3,0.5638888888888888
wearable,dry_to_dry,0.8,59,3,0.16944444444444443
wearable,dry_to_dry,0.8,60,3,0.20000000000000004
wearable,dry_to_dry,0.8,61,3,0.4666666666666666
wearable,dry_to_dry,0.8,62,3,0.6
wearable,dry_to_dry,0.8,63,3,0.5277777777777778
wearable,dry_to_dry,0.8,64,3,0.28611111111111115
wearable,dry_to_dry,0.8,65,3,0.3583333333333334
wearable,dry_to_dry,0.8,66,3,0.5055555555555554
wearable,dry_to_dry,0.8,67,3,0.13888888888888892
wearable,dry_to_dry,0.8,68,3,0.6972222222222223
wearable,dry_to_dry,0.8,69,3,0.9777777777777779
wearable,dry_to_dry,0.8,70,3,0.32222222222222224
wearable,dry_to_dry,0.8,71,3,0.2888888888888889
wearable,dry_to_dry,0.8,72,3,0.6388888888888888
wearable,dry_to_dry,0.8,73,3,0.3055555555555555
wearable,dry_to_dry,0.8,74,3,0.19444444444444445
wearable,dry_to_dry,0.8,75,3,0.38888888888888884
wearable,dry_to_dry,0.8,76,3,0.13055555555555556
wearable,dry_to_dry,0.8,77,3,0.4083333333333334
wearable,dry_to_dry,0.8,78,3,0.10555555555555556
wearable,dry_to_dry,0.8,79,3,0.763888888888889
wearable,dry_to_dry,0.8,80,3,0.3777777777777778
wearable,dry_to_dry,0.8,81,3,0.5249999999999999
wearable,dry_to_dry,0.8,82,3,0.588888888888889
wearable,dry_to_dry,0.8,83,3,0.37222222222222223
wearable,dry_to_dry,0.8,84,3,0.6833333333333332
wearable,dry_to_dry,0.8,85,3,0.5833333333333334
wearable,dry_to_dry,0.8,86,3,0.6222222222222222
wearable,dry_to_dry,0.8,87,3,0.6527777777777778
wearable,dry_to_dry,0.8,88,3,0.2944444444444445
wearable,dry_to_dry,0.8,89,3,0.5499999999999999
wearable,dry_to_dry,0.8,90,3,0.2166666666666667
wearable,dry_to_dry,0.8,91,3,0.5444444444444446
wearable,dry_to_dry,0.8,92,3,0.49722222222222223
wearable,dry_to_dry,0.8,93,3,0.4000000000000001
wearable,dry_to_dry,0.8,94,3,0.5944444444444444
wearable,dry_to_dry,0.8,95,3,0.3583333333333334
wearable,dry_to_dry,0.8,96,3,0.28888888888888886
wearable,dry_to_dry,0.8,97,3,0.13055555555555556
wearable,dry_to_dry,0.8,98,3,0.6722222222222222
wearable,dry_to_dry,0.8,99,3,0.7055555555555557
wearable,dry_to_dry,0.8,100,3,0.6388888888888888
wearable,dry_to_dry,0.8,101,3,0.5333333333333333
wearable,dry_to_dry,0.8,102,3,0.7777777777777778
wearable,dry_to_dry,1.0,1,3,0.20555555555555557
wearable,dry_to_dry,1.0,2,3,0.2611111111111111
wearable,dry_to_dry,1.0,3,3,0.6722222222222222
wearable,dry_to_dry,1.0,4,3,0.7805555555555556
wearable,dry_to_dry,1.0,5,3,0.5694444444444443
wearable,dry_to_dry,1.0,6,3,0.28888888888888886
wearable,dry_to_dry,1.0,7,3,0.5527777777777777
wearable,dry_to_dry,1.0,8,3,0.5777777777777778
wearable,dry_to_dry,1.0,9,3,0.23055555555555554
wearable,dry_to_dry,1.0,10,3,0.6277777777777778
wearable,dry_to_dry,1.0,11,3,0.6361111111111111
wearable,dry_to_dry,1.0,12,3,0.4333333333333333
wearable,dry_to_dry,1.0,13,3,0.6194444444444445
wearable,dry_to_dry,1.0,14,3,0.6583333333333333
wearable,dry_to_dry,1.0,15,3,0.2916666666666667
wearable,dry_to_dry,1.0,16,3,0.2888888888888889
wearable,dry_to_dry,1.0,17,3,0.45
wearable,dry_to_dry,1.0,18,3,0.5916666666666667
wearable,dry_to_dry,1.0,19,3,0.763888888888889
wearable,dry_to_dry,1.0,20,3,0.47222222222222215
wearable,dry_to_dry,1.0,21,3,0.3138888888888889
wearable,dry_to_dry,1.0,22,3,0.19722222222222227
wearable,dry_to_dry,1.0,23,3,0.9555555555555556
wearable,dry_to_dry,1.0,24,3,0.7805555555555556
wearable,dry_to_dry,1.0,25,3,0.17777777777777778
wearable,dry_to_dry,1.0,26,3,0.775
wearable,dry_to_dry,1.0,27,3,0.25
wearable,dry_to_dry,1.0,28,3,0.6388888888888888
wearable,dry_to_dry,1.0,29,3,0.7833333333333332
wearable,dry_to_dry,1.0,30,3,0.8194444444444443
wearable,dry_to_dry,1.0,31,3,0.8083333333333335
wearable,dry_to_dry,1.0,32,3,0.40277777777777773
wearable,dry_to_dry,1.0,33,3,0.4277777777777778
wearable,dry_to_dry,1.0,34,3,0.4444444444444444
wearable,dry_to_dry,1.0,35,3,0.18333333333333335
wearable,dry_to_dry,1.0,36,3,0.36944444444444446
wearable,dry_to_dry,1.0,37,3,0.5138888888888888
wearable,dry_to_dry,1.0,38,3,0.9805555555555556
wearable,dry_to_dry,1.0,39,3,0.4055555555555555
wearable,dry_to_dry,1.0,40,3,0.6611111111111111
wearable,dry_to_dry,1.0,41,3,0.5055555555555555
wearable,dry_to_dry,1.0,42,3,0.43333333333333335
wearable,dry_to_dry,1.0,43,3,0.41944444444444445
wearable,dry_to_dry,1.0,44,3,0.1777777777777778
wearable,dry_to_dry,1.0,45,3,0.13333333333333333
wearable,dry_to_dry,1.0,46,3,0.3111111111111111
wearable,dry_to_dry,1.0,47,3,0.10555555555555557
wearable,dry_to_dry,1.0,48,3,0.41111111111111115
wearable,dry_to_dry,1.0,49,3,0.2222222222222222
wearable,dry_to_dry,1.0,50,3,0.49722222222222223
wearable,dry_to_dry,1.0,51,3,0.4444444444444444
wearable,dry_to_dry,1.0,52,3,0.8805555555555556
wearable,dry_to_dry,1.0,53,3,0.6527777777777778
wearable,dry_to_dry,1.0,54,3,0.8500000000000001
wearable,dry_to_dry,1.0,55,3,0.3944444444444444
wearable,dry_to_dry,1.0,56,3,0.7805555555555558
wearable,dry_to_dry,1.0,57,3,0.3361111111111111
wearable,dry_to_dry,1.0,58,3,0.7583333333333332
wearable,dry_to_dry,1.0,59,3,0.2611111111111111
wearable,dry_to_dry,1.0,60,3,0.3194444444444444
wearable,dry_to_dry,1.0,61,3,0.45555555555555555
wearable,dry_to_dry,1.0,62,3,0.7027777777777778
wearable,dry_to_dry,1.0,63,3,0.6777777777777777
wearable,dry_to_dry,1.0,64,3,0.3416666666666666
wearable,dry_to_dry,1.0,65,3,0.40277777777777785
wearable,dry_to_dry,1.0,66,3,0.5638888888888888
wearable,dry_to_dry,1.0,67,3,0.13055555555555554
wearable,dry_to_dry,1.0,68,3,0.775
wearable,dry_to_dry,1.0,69,3,0.9777777777777779
wearable,dry_to_dry,1.0,70,3,0.4277777777777778
wearable,dry_to_dry,1.0,71,3,0.2972222222222222
wearable,dry_to_dry,1.0,72,3,0.7111111111111111
wearable,dry_to_dry,1.0,73,3,0.3138888888888889
wearable,dry_to_dry,1.0,74,3,0.21666666666666665
wearable,dry_to_dry,1.0,75,3,0.49722222222222223
wearable,dry_to_dry,1.0,76,3,0.125
wearable,dry_to_dry,1.0,77,3,0.4444444444444444
wearable,dry_to_dry,1.0,78,3,0.13888888888888887
wearable,dry_to_dry,1.0,79,3,0.8611111111111112
wearable,dry_to_dry,1.0,80,3,0.45
wearable,dry_to_dry,1.0,81,3,0.6166666666666667
wearable,dry_to_dry,1.0,82,3,0.6361111111111111
wearable,dry_to_dry,1.0,83,3,0.4388888888888889
wearable,dry_to_dry,1.0,84,3,0.7444444444444445
wearable,dry_to_dry,1.0,85,3,0.6305555555555555
wearable,dry_to_dry,1.0,86,3,0.7888888888888888
wearable,dry_to_dry,1.0,87,3,0.7305555555555556
wearable,dry_to_dry,1.0,88,3,0.3972222222222222
wearable,dry_to_dry,1.0,89,3,0.6444444444444444
wearable,dry_to_dry,1.0,90,3,0.2166666666666667
wearable,dry_to_dry,1.0,91,3,0.6222222222222222
wearable,dry_to_dry,1.0,92,3,0.5555555555555555
wearable,dry_to_dry,1.0,93,3,0.4861111111111111
wearable,dry_to_dry,1.0,94,3,0.7861111111111111
wearable,dry_to_dry,1.0,95,3,0.38055555555555554
wearable,dry_to_dry,1.0,96,3,0.3416666666666666
wearable,dry_to_dry,1.0,97,3,0.18333333333333332
wearable,dry_to_dry,1.0,98,3,0.7805555555555556
wearable,dry_to_dry,1.0,99,3,0.7472222222222222
wearable,dry_to_dry,1.0,100,3,0.7666666666666666
wearable,dry_to_dry,1.0,101,3,0.5638888888888888
wearable,dry_to_dry,1.0,102,3,0.8611111111111112
wearable,dry_to_dry,1.2,1,3,0.23333333333333336
wearable,dry_to_dry,1.2,2,3,0.2805555555555555
wearable,dry_to_dry,1.2,3,3,0.7111111111111111
wearable,dry_to_dry,1.2,4,3,0.838888888888889
wearable,dry_to_dry,1.2,5,3,0.6583333333333333
wearable,dry_to_dry,1.2,6,3,0.2638888888888889
wearable,dry_to_dry,1.2,7,3,0.6166666666666667
wearable,dry_to_dry,1.2,8,3,0.6416666666666666
wearable,dry_to_dry,1.2,9,3,0.25000000000000006
wearable,dry_to_dry,1.2,10,3,0.6777777777777779
wearable,dry_to_dry,1.2,11,3,0.6777777777777777
wearable,dry_to_dry,1.2,12,3,0.5222222222222221
wearable,dry_to_dry,1.2,13,3,0.6916666666666665
wearable,dry_to_dry,1.2,14,3,0.7277777777777779
wearable,dry_to_dry,1.2,15,3,0.3444444444444444
wearable,dry_to_dry,1.2,16,3,0.3222222222222222
wearable,dry_to_dry,1.2,17,3,0.5194444444444445
wearable,dry_to_dry,1.2,18,3,0.6083333333333333
wearable,dry_to_dry,1.2,19,3,0.8194444444444445
wearable,dry_to_dry,1.2,20,3,0.4777777777777778
wearable,dry_to_dry,1.2,21,3,0.325
wearable,dry_to_dry,1.2,22,3,0.17777777777777778
wearable,dry_to_dry,1.2,23,3,0.9722222222222222
wearable,dry_to_dry,1.2,24,3,0.827777777777778
wearable,dry_to_dry,1.2,25,3,0.21111111111111114
wearable,dry_to_dry,1.2,26,3,0.7972222222222222
wearable,dry_to_dry,1.2,27,3,0.3027777777777778
wearable,dry_to_dry,1.2,28,3,0.6833333333333335
wearable,dry_to_dry,1.2,29,3,0.8472222222222223
wearable,dry_to_dry,1.2,30,3,0.8666666666666667
wearable,dry_to_dry,1.2,31,3,0.813888888888889
wearable,dry_to_dry,1.2,32,3,0.48888888888888893
wearable,dry_to_dry,1.2,33,3,0.49722222222222223
wearable,dry_to_dry,1.2,34,3,0.5166666666666666
wearable,dry_to_dry,1.2,35,3,0.18055555555555555
wearable,dry_to_dry,1.2,36,3,0.4138888888888889
wearable,dry_to_dry,1.2,37,3,0.5388888888888889
wearable,dry_to_dry,1.2,38,3,0.9805555555555556
wearable,dry_to_dry,1.2,39,3,0.4805555555555556
wearable,dry_to_dry,1.2,40,3,0.7055555555555554
wearable,dry_to_dry,1.2,41,3,0.6027777777777779
wearable,dry_to_dry,1.2,42,3,0.49999999999999994
wearable,dry_to_dry,1.2,43,3,0.4777777777777777
wearable,dry_to_dry,1.2,44,3,0.16388888888888892
wearable,dry_to_dry,1.2,45,3,0.11388888888888889
wearable,dry_to_dry,1.2,46,3,0.3583333333333334
wearable,dry_to_dry,1.2,47,3,0.1416666666666667
wearable,dry_to_dry,1.2,48,3,0.4138888888888889
wearable,dry_to_dry,1.2,49,3,0.22777777777777777
wearable,dry_to_dry,1.2,50,3,0.5388888888888888
wearable,dry_to_dry,1.2,51,3,0.5277777777777778
wearable,dry_to_dry,1.2,52,3,0.9083333333333333
wearable,dry_to_dry,1.2,53,3,0.7138888888888889
wearable,dry_to_dry,1.2,54,3,0.9361111111111112
wearable,dry_to_dry,1.2,55,3,0.4527777777777777
wearable,dry_to_dry,1.2,56,3,0.8361111111111112
wearable,dry_to_dry,1.2,57,3,0.3972222222222222
wearable,dry_to_dry,1.2,58,3,0.7722222222222221
wearable,dry_to_dry,1.2,59,3,0.3055555555555555
wearable,dry_to_dry,1.2,60,3,0.32222222222222224
wearable,dry_to_dry,1.2,61,3,0.48888888888888893
wearable,dry_to_dry,1.2,62,3,0.7361111111111112
wearable,dry_to_dry,1.2,63,3,0.7916666666666666
wearable,dry_to_dry,1.2,64,3,0.3277777777777778
wearable,dry_to_dry,1.2,65,3,0.4472222222222222
wearable,dry_to_dry,1.2,66,3,0.6305555555555555
wearable,dry_to_dry,1.2,67,3,0.1638888888888889
wearable,dry_to_dry,1.2,68,3,0.8111111111111112
wearable,dry_to_dry,1.2,69,3,0.9916666666666667
wearable,dry_to_dry,1.2,70,3,0.38888888888888884
wearable,dry_to_dry,1.2,71,3,0.35555555555555557
wearable,dry_to_dry,1.2,72,3,0.7638888888888888
wearable,dry_to_dry,1.2,73,3,0.32499999999999996
wearable,dry_to_dry,1.2,74,3,0.23611111111111113
wearable,dry_to_dry,1.2,75,3,0.5111111111111111
wearable,dry_to_dry,1.2,76,3,0.13888888888888892
wearable,dry_to_dry,1.2,77,3,0.4472222222222222
wearable,dry_to_dry,1.2,78,3,0.1527777777777778
wearable,dry_to_dry,1.2,79,3,0.9027777777777778
wearable,dry_to_dry,1.2,80,3,0.49444444444444446
wearable,dry_to_dry,1.2,81,3,0.6527777777777778
wearable,dry_to_dry,1.2,82,3,0.702777777777778
wearable,dry_to_dry,1.2,83,3,0.4222222222222222
wearable,dry_to_dry,1.2,84,3,0.8305555555555556
wearable,dry_to_dry,1.2,85,3,0.7166666666666668
wearable,dry_to_dry,1.2,86,3,0.8638888888888889
wearable,dry_to_dry,1.2,87,3,0.7916666666666666
wearable,dry_to_dry,1.2,88,3,0.4222222222222223
wearable,dry_to_dry,1.2,89,3,0.6583333333333333
wearable,dry_to_dry,1.2,90,3,0.27777777777777785
wearable,dry_to_dry,1.2,91,3,0.6666666666666666
wearable,dry_to_dry,1.2,92,3,0.6388888888888888
wearable,dry_to_dry,1.2,93,3,0.5055555555555555
wearable,dry_to_dry,1.2,94,3,0.7833333333333333
wearable,dry_to_dry,1.2,95,3,0.4388888888888889
wearable,dry_to_dry,1.2,96,3,0.39166666666666666
wearable,dry_to_dry,1.2,97,3,0.18055555555555558
wearable,dry_to_dry,1.2,98,3,0.813888888888889
wearable,dry_to_dry,1.2,99,3,0.7583333333333333
wearable,dry_to_dry,1.2,100,3,0.7833333333333332
wearable,dry_to_dry,1.2,101,3,0.6333333333333333
wearable,dry_to_dry,1.2,102,3,0.8916666666666666
wearable,dry_to_dry,1.5,1,3,0.2638888888888889
wearable,dry_to_dry,1.5,2,3,0.2638888888888889
wearable,dry_to_dry,1.5,3,3,0.7666666666666667
wearable,dry_to_dry,1.5,4,3,0.8611111111111112
wearable,dry_to_dry,1.5,5,3,0.6777777777777777
wearable,dry_to_dry,1.5,6,3,0.2750000000000001
wearable,dry_to_dry,1.5,7,3,0.6472222222222221
wearable,dry_to_dry,1.5,8,3,0.7166666666666667
wearable,dry_to_dry,1.5,9,3,0.2694444444444445
wearable,dry_to_dry,1.5,10,3,0.7333333333333334
wearable,dry_to_dry,1.5,11,3,0.7111111111111112
wearable,dry_to_dry,1.5,12,3,0.5388888888888888
wearable,dry_to_dry,1.5,13,3,0.7444444444444445
wearable,dry_to_dry,1.5,14,3,0.7749999999999999
wearable,dry_to_dry,1.5,15,3,0.34722222222222227
wearable,dry_to_dry,1.5,16,3,0.32222222222222224
wearable,dry_to_dry,1.5,17,3,0.5361111111111111
wearable,dry_to_dry,1.5,18,3,0.6666666666666666
wearable,dry_to_dry,1.5,19,3,0.8500000000000001
wearable,dry_to_dry,1.5,20,3,0.5305555555555554
wearable,dry_to_dry,1.5,21,3,0.35000000000000003
wearable,dry_to_dry,1.5,22,3,0.19166666666666665
wearable,dry_to_dry,1.5,23,3,0.9750000000000001
wearable,dry_to_dry,1.5,24,3,0.8777777777777778
wearable,dry_to_dry,1.5,25,3,0.22222222222222224
wearable,dry_to_dry,1.5,26,3,0.8055555555555557
wearable,dry_to_dry,1.5,27,3,0.3222222222222222
wearable,dry_to_dry,1.5,28,3,0.7138888888888889
wearable,dry_to_dry,1.5,29,3,0.9166666666666669
wearable,dry_to_dry,1.5,30,3,0.9055555555555556
wearable,dry_to_dry,1.5,31,3,0.8361111111111111
wearable,dry_to_dry,1.5,32,3,0.5249999999999999
wearable,dry_to_dry,1.5,33,3,0.5
wearable,dry_to_dry,1.5,34,3,0.5194444444444445
wearable,dry_to_dry,1.5,35,3,0.19999999999999998
wearable,dry_to_dry,1.5,36,3,0.3916666666666666
wearable,dry_to_dry,1.5,37,3,0.5638888888888889
wearable,dry_to_dry,1.5,38,3,0.9861111111111112
wearable,dry_to_dry,1.5,39,3,0.5027777777777779
wearable,dry_to_dry,1.5,40,3,0.7638888888888888
wearable,dry_to_dry,1.5,41,3,0.688888888888889
wearable,dry_to_dry,1.5,42,3,0.5166666666666666
wearable,dry_to_dry,1.5,43,3,0.49444444444444446
wearable,dry_to_dry,1.5,44,3,0.1388888888888889
wearable,dry_to_dry,1.5,45,3,0.16944444444444448
wearable,dry_to_dry,1.5,46,3,0.35833333333333334
wearable,dry_to_dry,1.5,47,3,0.15555555555555556
wearable,dry_to_dry,1.5,48,3,0.4444444444444444
wearable,dry_to_dry,1.5,49,3,0.25833333333333336
wearable,dry_to_dry,1.5,50,3,0.6055555555555556
wearable,dry_to_dry,1.5,51,3,0.5361111111111111
wearable,dry_to_dry,1.5,52,3,0.9249999999999999
wearable,dry_to_dry,1.5,53,3,0.7305555555555556
wearable,dry_to_dry,1.5,54,3,0.9527777777777778
wearable,dry_to_dry,1.5,55,3,0.5083333333333333
wearable,dry_to_dry,1.5,56,3,0.8500000000000001
wearable,dry_to_dry,1.5,57,3,0.4138888888888889
wearable,dry_to_dry,1.5,58,3,0.8083333333333332
wearable,dry_to_dry,1.5,59,3,0.30833333333333335
wearable,dry_to_dry,1.5,60,3,0.3333333333333333
wearable,dry_to_dry,1.5,61,3,0.48333333333333334
wearable,dry_to_dry,1.5,62,3,0.7833333333333333
wearable,dry_to_dry,1.5,63,3,0.7861111111111111
wearable,dry_to_dry,1.5,64,3,0.32222222222222224
wearable,dry_to_dry,1.5,65,3,0.46666666666666673
wearable,dry_to_dry,1.5,66,3,0.6499999999999999
wearable,dry_to_dry,1.5,67,3,0.16666666666666666
wearable,dry_to_dry,1.5,68,3,0.8222222222222224
wearable,dry_to_dry,1.5,69,3,0.9916666666666667
wearable,dry_to_dry,1.5,70,3,0.3888888888888889
wearable,dry_to_dry,1.5,71,3,0.3361111111111112
wearable,dry_to_dry,1.5,72,3,0.7833333333333333
wearable,dry_to_dry,1.5,73,3,0.375
wearable,dry_to_dry,1.5,74,3,0.24722222222222223
wearable,dry_to_dry,1.5,75,3,0.4444444444444444
wearable,dry_to_dry,1.5,76,3,0.1722222222222222
wearable,dry_to_dry,1.5,77,3,0.45
wearable,dry_to_dry,1.5,78,3,0.18333333333333335
wearable,dry_to_dry,1.5,79,3,0.9194444444444446
wearable,dry_to_dry,1.5,80,3,0.5555555555555556
wearable,dry_to_dry,1.5,81,3,0.7138888888888889
wearable,dry_to_dry,1.5,82,3,0.7388888888888889
wearable,dry_to_dry,1.5,83,3,0.5083333333333333
wearable,dry_to_dry,1.5,84,3,0.8694444444444445
wearable,dry_to_dry,1.5,85,3,0.7472222222222222
wearable,dry_to_dry,1.5,86,3,0.9277777777777779
wearable,dry_to_dry,1.5,87,3,0.8166666666666668
wearable,dry_to_dry,1.5,88,3,0.4083333333333334
wearable,dry_to_dry,1.5,89,3,0.6666666666666666
wearable,dry_to_dry,1.5,90,3,0.3361111111111111
wearable,dry_to_dry,1.5,91,3,0.7222222222222222
wearable,dry_to_dry,1.5,92,3,0.6777777777777777
wearable,dry_to_dry,1.5,93,3,0.5472222222222222
wearable,dry_to_dry,1.5,94,3,0.7305555555555555
wearable,dry_to_dry,1.5,95,3,0.47500000000000003
wearable,dry_to_dry,1.5,96,3,0.39999999999999997
wearable,dry_to_dry,1.5,97,3,0.20277777777777775
wearable,dry_to_dry,1.5,98,3,0.8583333333333334
wearable,dry_to_dry,1.5,99,3,0.7861111111111111
wearable,dry_to_dry,1.5,100,3,0.7944444444444443
wearable,dry_to_dry,1.5,101,3,0.65
wearable,dry_to_dry,1.5,102,3,0.9222222222222224
wearable,dry_to_dry,2.0,1,3,0.35833333333333334
wearable,dry_to_dry,2.0,2,3,0.29444444444444445
wearable,dry_to_dry,2.0,3,3,0.8055555555555557
wearable,dry_to_dry,2.0,4,3,0.8694444444444446
wearable,dry_to_dry,2.0,5,3,0.7083333333333334
wearable,dry_to_dry,2.0,6,3,0.3138888888888889
wearable,dry_to_dry,2.0,7,3,0.6833333333333335
wearable,dry_to_dry,2.0,8,3,0.75
wearable,dry_to_dry,2.0,9,3,0.37777777777777777
wearable,dry_to_dry,2.0,10,3,0.7833333333333335
wearable,dry_to_dry,2.0,11,3,0.7972222222222222
wearable,dry_to_dry,2.0,12,3,0.6194444444444445
wearable,dry_to_dry,2.0,13,3,0.7555555555555555
wearable,dry_to_dry,2.0,14,3,0.7833333333333333
wearable,dry_to_dry,2.0,15,3,0.3527777777777777
wearable,dry_to_dry,2.0,16,3,0.3527777777777778
wearable,dry_to_dry,2.0,17,3,0.5666666666666665
wearable,dry_to_dry,2.0,18,3,0.686111111111111
wearable,dry_to_dry,2.0,19,3,0.8750000000000001
wearable,dry_to_dry,2.0,20,3,0.6333333333333333
wearable,dry_to_dry,2.0,21,3,0.3333333333333333
wearable,dry_to_dry,2.0,22,3,0.17777777777777773
wearable,dry_to_dry,2.0,23,3,0.9944444444444445
wearable,dry_to_dry,2.0,24,3,0.9333333333333335
wearable,dry_to_dry,2.0,25,3,0.2416666666666667
wearable,dry_to_dry,2.0,26,3,0.8638888888888889
wearable,dry_to_dry,2.0,27,3,0.3444444444444444
wearable,dry_to_dry,2.0,28,3,0.7777777777777778
wearable,dry_to_dry,2.0,29,3,0.9111111111111111
wearable,dry_to_dry,2.0,30,3,0.9194444444444444
wearable,dry_to_dry,2.0,31,3,0.8305555555555556
wearable,dry_to_dry,2.0,32,3,0.5222222222222223
wearable,dry_to_dry,2.0,33,3,0.5055555555555555
wearable,dry_to_dry,2.0,34,3,0.563888888888889
wearable,dry_to_dry,2.0,35,3,0.22222222222222224
wearable,dry_to_dry,2.0,36,3,0.3638888888888889
wearable,dry_to_dry,2.0,37,3,0.5972222222222222
wearable,dry_to_dry,2.0,38,3,0.9888888888888889
wearable,dry_to_dry,2.0,39,3,0.5861111111111111
wearable,dry_to_dry,2.0,40,3,0.7472222222222222
wearable,dry_to_dry,2.0,41,3,0.7055555555555556
wearable,dry_to_dry,2.0,42,3,0.5500000000000002
wearable,dry_to_dry,2.0,43,3,0.513888888888889
wearable,dry_to_dry,2.0,44,3,0.13888888888888892
wearable,dry_to_dry,2.0,45,3,0.16111111111111112
wearable,dry_to_dry,2.0,46,3,0.4222222222222221
wearable,dry_to_dry,2.0,47,3,0.18055555555555558
wearable,dry_to_dry,2.0,48,3,0.4583333333333333
wearable,dry_to_dry,2.0,49,3,0.2888888888888889
wearable,dry_to_dry,2.0,50,3,0.6444444444444445
wearable,dry_to_dry,2.0,51,3,0.5722222222222222
wearable,dry_to_dry,2.0,52,3,0.9083333333333333
wearable,dry_to_dry,2.0,53,3,0.7527777777777779
wearable,dry_to_dry,2.0,54,3,0.9555555555555556
wearable,dry_to_dry,2.0,55,3,0.5777777777777778
wearable,dry_to_dry,2.0,56,3,0.8777777777777778
wearable,dry_to_dry,2.0,57,3,0.46666666666666673
wearable,dry_to_dry,2.0,58,3,0.7916666666666666
wearable,dry_to_dry,2.0,59,3,0.36388888888888893
wearable,dry_to_dry,2.0,60,3,0.30833333333333335
wearable,dry_to_dry,2.0,61,3,0.4388888888888889
wearable,dry_to_dry,2.0,62,3,0.8527777777777779
wearable,dry_to_dry,2.0,63,3,0.7861111111111111
wearable,dry_to_dry,2.0,64,3,0.3
wearable,dry_to_dry,2.0,65,3,0.48055555555555557
wearable,dry_to_dry,2.0,66,3,0.7277777777777779
wearable,dry_to_dry,2.0,67,3,0.18055555555555555
wearable,dry_to_dry,2.0,68,3,0.838888888888889
wearable,dry_to_dry,2.0,69,3,0.9916666666666667
wearable,dry_to_dry,2.0,70,3,0.4305555555555555
wearable,dry_to_dry,2.0,71,3,0.36111111111111116
wearable,dry_to_dry,2.0,72,3,0.7777777777777778
wearable,dry_to_dry,2.0,73,3,0.4166666666666667
wearable,dry_to_dry,2.0,74,3,0.2916666666666667
wearable,dry_to_dry,2.0,75,3,0.4805555555555556
wearable,dry_to_dry,2.0,76,3,0.2138888888888889
wearable,dry_to_dry,2.0,77,3,0.4749999999999999
wearable,dry_to_dry,2.0,78,3,0.1527777777777778
wearable,dry_to_dry,2.0,79,3,0.9638888888888889
wearable,dry_to_dry,2.0,80,3,0.5694444444444444
wearable,dry_to_dry,2.0,81,3,0.7694444444444445
wearable,dry_to_dry,2.0,82,3,0.8305555555555557
wearable,dry_to_dry,2.0,83,3,0.5361111111111111
wearable,dry_to_dry,2.0,84,3,0.9083333333333335
wearable,dry_to_dry,2.0,85,3,0.7999999999999999
wearable,dry_to_dry,2.0,86,3,0.9222222222222224
wearable,dry_to_dry,2.0,87,3,0.8388888888888889
wearable,dry_to_dry,2.0,88,3,0.4777777777777777
wearable,dry_to_dry,2.0,89,3,0.7166666666666668
wearable,dry_to_dry,2.0,90,3,0.38055555555555554
wearable,dry_to_dry,2.0,91,3,0.6666666666666666
wearable,dry_to_dry,2.0,92,3,0.7083333333333334
wearable,dry_to_dry,2.0,93,3,0.6083333333333334
wearable,dry_to_dry,2.0,94,3,0.7055555555555556
wearable,dry_to_dry,2.0,95,3,0.48611111111111116
wearable,dry_to_dry,2.0,96,3,0.39166666666666666
wearable,dry_to_dry,2.0,97,3,0.19722222222222222
wearable,dry_to_dry,2.0,98,3,0.8944444444444444
wearable,dry_to_dry,2.0,99,3,0.813888888888889
wearable,dry_to_dry,2.0,100,3,0.8055555555555557
wearable,dry_to_dry,2.0,101,3,0.6861111111111112
wearable,dry_to_dry,2.0,102,3,0.9222222222222222
wearable,dry_to_wet,0.4,1,3,0.42500000000000004
wearable,dry_to_wet,0.4,2,3,0.25277777777777777
wearable,dry_to_wet,0.4,3,3,0.3527777777777778
wearable,dry_to_wet,0.4,4,3,0.3861111111111111
wearable,dry_to_wet,0.4,5,3,0.1722222222222222
wearable,dry_to_wet,0.4,6,3,0.1638888888888889
wearable,dry_to_wet,0.4,7,3,0.3361111111111112
wearable,dry_to_wet,0.4,8,3,0.33888888888888885
wearable,dry_to_wet,0.4,9,3,0.2111111111111111
wearable,dry_to_wet,0.4,10,3,0.3527777777777778
wearable,dry_to_wet,0.4,11,3,0.35555555555555557
wearable,dry_to_wet,0.4,12,3,0.6638888888888889
wearable,dry_to_wet,0.4,13,3,0.27499999999999997
wearable,dry_to_wet,0.4,14,3,0.36666666666666664
wearable,dry_to_wet,0.4,15,3,0.18055555555555555
wearable,dry_to_wet,0.4,16,3,0.13611111111111113
wearable,dry_to_wet,0.4,17,3,0.3055555555555556
wearable,dry_to_wet,0.4,18,3,0.28333333333333327
wearable,dry_to_wet,0.4,19,3,0.48055555555555546
wearable,dry_to_wet,0.4,20,3,0.3444444444444444
wearable,dry_to_wet,0.4,21,3,0.2638888888888889
wearable,dry_to_wet,0.4,22,3,0.15555555555555559
wearable,dry_to_wet,0.4,23,3,0.5750000000000001
wearable,dry_to_wet,0.4,24,3,0.3361111111111111
wearable,dry_to_wet,0.4,25,3,0.1388888888888889
wearable,dry_to_wet,0.4,26,3,0.7111111111111111
wearable,dry_to_wet,0.4,27,3,0.2416666666666667
wearable,dry_to_wet,0.4,28,3,0.4694444444444445
wearable,dry_to_wet,0.4,29,3,0.5694444444444443
wearable,dry_to_wet,0.4,30,3,0.513888888888889
wearable,dry_to_wet,0.4,31,3,0.3222222222222222
wearable,dry_to_wet,0.4,32,3,0.5583333333333332
wearable,dry_to_wet,0.4,33,3,0.3111111111111111
wearable,dry_to_wet,0.4,34,3,0.29444444444444445
wearable,dry_to_wet,0.4,35,3,0.2472222222222222
wearable,dry_to_wet,0.4,36,3,0.25833333333333336
wearable,dry_to_wet,0.4,37,3,0.2833333333333333
wearable,dry_to_wet,0.4,38,3,0.6694444444444444
wearable,dry_to_wet,0.4,39,3,0.3444444444444445
wearable,dry_to_wet,0.4,40,3,0.5361111111111111
wearable,dry_to_wet,0.4,41,3,0.2638888888888889
wearable,dry_to_wet,0.4,42,3,0.27777777777777773
wearable,dry_to_wet,0.4,43,3,0.31666666666666665
wearable,dry_to_wet,0.4,44,3,0.14722222222222223
wearable,dry_to_wet,0.4,45,3,0.14444444444444446
wearable,dry_to_wet,0.4,46,3,0.20000000000000004
wearable,dry_to_wet,0.4,47,3,0.14444444444444446
wearable,dry_to_wet,0.4,48,3,0.3805555555555556
wearable,dry_to_wet,0.4,49,3,0.10833333333333334
wearable,dry_to_wet,0.4,50,3,0.3416666666666666
wearable,dry_to_wet,0.4,51,3,0.4083333333333334
wearable,dry_to_wet,0.4,52,3,0.4861111111111111
wearable,dry_to_wet,0.4,53,3,0.5333333333333333
wearable,dry_to_wet,0.4,54,3,0.49444444444444446
wearable,dry_to_wet,0.4,55,3,0.22777777777777777
wearable,dry_to_wet,0.4,56,3,0.625
wearable,dry_to_wet,0.4,57,3,0.24722222222222226
wearable,dry_to_wet,0.4,58,3,0.49166666666666664
wearable,dry_to_wet,0.4,59,3,0.10000000000000002
wearable,dry_to_wet,0.4,60,3,0.2916666666666667
wearable,dry_to_wet,0.4,61,3,0.4138888888888889
wearable,dry_to_wet,0.4,62,3,0.39166666666666666
wearable,dry_to_wet,0.4,63,3,0.5833333333333334
wearable,dry_to_wet,0.4,64,3,0.3361111111111111
wearable,dry_to_wet,0.4,65,3,0.16111111111111112
wearable,dry_to_wet,0.4,66,3,0.6222222222222222
wearable,dry_to_wet,0.4,67,3,0.37777777777777777
wearable,dry_to_wet,0.4,68,3,0.5499999999999999
wearable,dry_to_wet,0.4,69,3,0.9638888888888889
wearable,dry_to_wet,0.4,70,3,0.22222222222222224
wearable,dry_to_wet,0.4,71,3,0.13888888888888892
wearable,dry_to_wet,0.4,72,3,0.3277777777777778
wearable,dry_to_wet,0.4,73,3,0.1944444444444445
wearable,dry_to_wet,0.4,74,3,0.3666666666666667
wearable,dry_to_wet,0.4,75,3,0.10833333333333335
wearable,dry_to_wet,0.4,76,3,0.09722222222222222
wearable,dry_to_wet,0.4,77,3,0.2916666666666667
wearable,dry_to_wet,0.4,78,3,0.10555555555555557
wearable,dry_to_wet,0.4,79,3,0.2222222222222222
wearable,dry_to_wet,0.4,80,3,0.6777777777777777
wearable,dry_to_wet,0.4,81,3,0.5333333333333333
wearable,dry_to_wet,0.4,82,3,0.3222222222222222
wearable,dry_to_wet,0.4,83,3,0.24722222222222223
wearable,dry_to_wet,0.4,84,3,0.7055555555555556
wearable,dry_to_wet,0.4,85,3,0.4333333333333333
wearable,dry_to_wet,0.4,86,3,0.5416666666666666
wearable,dry_to_wet,0.4,87,3,0.6583333333333333
wearable,dry_to_wet,0.4,88,3,0.2916666666666667
wearable,dry_to_wet,0.4,89,3,0.5083333333333333
wearable,dry_to_wet,0.4,90,3,0.18333333333333335
wearable,dry_to_wet,0.4,91,3,0.2833333333333333
wearable,dry_to_wet,0.4,92,3,0.5472222222222222
wearable,dry_to_wet,0.4,93,3,0.3972222222222222
wearable,dry_to_wet,0.4,94,3,0.2611111111111111
wearable,dry_to_wet,0.4,95,3,0.17500000000000002
wearable,dry_to_wet,0.4,96,3,0.2027777777777778
wearable,dry_to_wet,0.4,97,3,0.11666666666666668
wearable,dry_to_wet,0.4,98,3,0.5972222222222222
wearable,dry_to_wet,0.4,99,3,0.4916666666666667
wearable,dry_to_wet,0.4,100,3,0.41111111111111104
wearable,dry_to_wet,0.4,101,3,0.3583333333333334
wearable,dry_to_wet,0.4,102,3,0.525
wearable,dry_to_wet,0.6,1,3,0.44722222222222224
wearable,dry_to_wet,0.6,2,3,0.3055555555555556
wearable,dry_to_wet,0.6,3,3,0.49722222222222223
wearable,dry_to_wet,0.6,4,3,0.6555555555555556
wearable,dry_to_wet,0.6,5,3,0.275
wearable,dry_to_wet,0.6,6,3,0.23611111111111113
wearable,dry_to_wet,0.6,7,3,0.47500000000000003
wearable,dry_to_wet,0.6,8,3,0.4388888888888889
wearable,dry_to_wet,0.6,9,3,0.29444444444444445
wearable,dry_to_wet,0.6,10,3,0.4361111111111111
wearable,dry_to_wet,0.6,11,3,0.4666666666666666
wearable,dry_to_wet,0.6,12,3,0.8055555555555557
wearable,dry_to_wet,0.6,13,3,0.4138888888888889
wearable,dry_to_wet,0.6,14,3,0.5027777777777778
wearable,dry_to_wet,0.6,15,3,0.2611111111111111
wearable,dry_to_wet,0.6,16,3,0.2027777777777778
wearable,dry_to_wet,0.6,17,3,0.32499999999999996
wearable,dry_to_wet,0.6,18,3,0.4388888888888889
wearable,dry_to_wet,0.6,19,3,0.7194444444444444
wearable,dry_to_wet,0.6,20,3,0.4055555555555556
wearable,dry_to_wet,0.6,21,3,0.33888888888888885
wearable,dry_to_wet,0.6,22,3,0.20555555555555557
wearable,dry_to_wet,0.6,23,3,0.7027777777777778
wearable,dry_to_wet,0.6,24,3,0.46388888888888885
wearable,dry_to_wet,0.6,25,3,0.125
wearable,dry_to_wet,0.6,26,3,0.8055555555555557
wearable,dry_to_wet,0.6,27,3,0.2888888888888889
wearable,dry_to_wet,0.6,28,3,0.7222222222222223
wearable,dry_to_wet,0.6,29,3,0.7388888888888889
wearable,dry_to_wet,0.6,30,3,0.7305555555555556
wearable,dry_to_wet,0.6,31,3,0.5194444444444445
wearable,dry_to_wet,0.6,32,3,0.7000000000000001
wearable,dry_to_wet,0.6,33,3,0.34722222222222215
wearable,dry_to_wet,0.6,34,3,0.33888888888888885
wearable,dry_to_wet,0.6,35,3,0.26944444444444443
wearable,dry_to_wet,0.6,36,3,0.3638888888888889
wearable,dry_to_wet,0.6,37,3,0.28611111111111104
wearable,dry_to_wet,0.6,38,3,0.8611111111111112
wearable,dry_to_wet,0.6,39,3,0.4694444444444444
wearable,dry_to_wet,0.6,40,3,0.7277777777777779
wearable,dry_to_wet,0.6,41,3,0.3194444444444444
wearable,dry_to_wet,0.6,42,3,0.38055555555555554
wearable,dry_to_wet,0.6,43,3,0.5666666666666667
wearable,dry_to_wet,0.6,44,3,0.2305555555555556
wearable,dry_to_wet,0.6,45,3,0.28055555555555556
wearable,dry_to_wet,0.6,46,3,0.2888888888888889
wearable,dry_to_wet,0.6,47,3,0.1416666666666667
wearable,dry_to_wet,0.6,48,3,0.5861111111111111
wearable,dry_to_wet,0.6,49,3,0.13611111111111113
wearable,dry_to_wet,0.6,50,3,0.4055555555555555
wearable,dry_to_wet,0.6,51,3,0.5111111111111112
wearable,dry_to_wet,0.6,52,3,0.6333333333333333
wearable,dry_to_wet,0.6,53,3,0.6833333333333335
wearable,dry_to_wet,0.6,54,3,0.6777777777777777
wearable,dry_to_wet,0.6,55,3,0.32499999999999996
wearable,dry_to_wet,0.6,56,3,0.811111111111111
wearable,dry_to_wet,0.6,57,3,0.3222222222222222
wearable,dry_to_wet,0.6,58,3,0.6555555555555556
wearable,dry_to_wet,0.6,59,3,0.12500000000000003
wearable,dry_to_wet,0.6,60,3,0.36944444444444446
wearable,dry_to_wet,0.6,61,3,0.4861111111111111
wearable,dry_to_wet,0.6,62,3,0.5416666666666666
wearable,dry_to_wet,0.6,63,3,0.7416666666666667
wearable,dry_to_wet,0.6,64,3,0.43888888888888894
wearable,dry_to_wet,0.6,65,3,0.25833333333333336
wearable,dry_to_wet,0.6,66,3,0.775
wearable,dry_to_wet,0.6,67,3,0.525
wearable,dry_to_wet,0.6,68,3,0.7527777777777778
wearable,dry_to_wet,0.6,69,3,1.0
wearable,dry_to_wet,0.6,70,3,0.28611111111111115
wearable,dry_to_wet,0.6,71,3,0.18055555555555558
wearable,dry_to_wet,0.6,72,3,0.49444444444444446
wearable,dry_to_wet,0.6,73,3,0.3
wearable,dry_to_wet,0.6,74,3,0.46388888888888885
wearable,dry_to_wet,0.6,75,3,0.13611111111111115
wearable,dry_to_wet,0.6,76,3,0.10833333333333335
wearable,dry_to_wet,0.6,77,3,0.26111111111111107
wearable,dry_to_wet,0.6,78,3,0.11111111111111112
wearable,dry_to_wet,0.6,79,3,0.2833333333333333
wearable,dry_to_wet,0.6,80,3,0.8138888888888888
wearable,dry_to_wet,0.6,81,3,0.7222222222222223
wearable,dry_to_wet,0.6,82,3,0.44166666666666665
wearable,dry_to_wet,0.6,83,3,0.3138888888888889
wearable,dry_to_wet,0.6,84,3,0.7944444444444443
wearable,dry_to_wet,0.6,85,3,0.6138888888888889
wearable,dry_to_wet,0.6,86,3,0.7250000000000001
wearable,dry_to_wet,0.6,87,3,0.8500000000000001
wearable,dry_to_wet,0.6,88,3,0.39999999999999997
wearable,dry_to_wet,0.6,89,3,0.6222222222222222
wearable,dry_to_wet,0.6,90,3,0.2111111111111111
wearable,dry_to_wet,0.6,91,3,0.38888888888888884
wearable,dry_to_wet,0.6,92,3,0.7166666666666667
wearable,dry_to_wet,0.6,93,3,0.4611111111111112
wearable,dry_to_wet,0.6,94,3,0.3333333333333333
wearable,dry_to_wet,0.6,95,3,0.13333333333333333
wearable,dry_to_wet,0.6,96,3,0.3194444444444445
wearable,dry_to_wet,0.6,97,3,0.1638888888888889
wearable,dry_to_wet,0.6,98,3,0.7111111111111111
wearable,dry_to_wet,0.6,99,3,0.6333333333333333
wearable,dry_to_wet,0.6,100,3,0.5527777777777777
wearable,dry_to_wet,0.6,101,3,0.4388888888888889
wearable,dry_to_wet,0.6,102,3,0.7111111111111109
wearable,dry_to_wet,0.8,1,3,0.5138888888888888
wearable,dry_to_wet,0.8,2,3,0.35833333333333334
wearable,dry_to_wet,0.8,3,3,0.5555555555555555
wearable,dry_to_wet,0.8,4,3,0.7416666666666667
wearable,dry_to_wet,0.8,5,3,0.35833333333333334
wearable,dry_to_wet,0.8,6,3,0.25833333333333336
wearable,dry_to_wet,0.8,7,3,0.6361111111111111
wearable,dry_to_wet,0.8,8,3,0.5833333333333333
wearable,dry_to_wet,0.8,9,3,0.33888888888888885
wearable,dry_to_wet,0.8,10,3,0.5194444444444445
wearable,dry_to_wet,0.8,11,3,0.5555555555555555
wearable,dry_to_wet,0.8,12,3,0.938888888888889
wearable,dry_to_wet,0.8,13,3,0.4777777777777778
wearable,dry_to_wet,0.8,14,3,0.6749999999999999
wearable,dry_to_wet,0.8,15,3,0.3277777777777778
wearable,dry_to_wet,0.8,16,3,0.19722222222222222
wearable,dry_to_wet,0.8,17,3,0.39999999999999997
wearable,dry_to_wet,0.8,18,3,0.5305555555555556
wearable,dry_to_wet,0.8,19,3,0.7861111111111113
wearable,dry_to_wet,0.8,20,3,0.4666666666666666
wearable,dry_to_wet,0.8,21,3,0.42777777777777776
wearable,dry_to_wet,0.8,22,3,0.2583333333333333
wearable,dry_to_wet,0.8,23,3,0.7777777777777777
wearable,dry_to_wet,0.8,24,3,0.5166666666666666
wearable,dry_to_wet,0.8,25,3,0.15555555555555559
wearable,dry_to_wet,0.8,26,3,0.8638888888888889
wearable,dry_to_wet,0.8,27,3,0.30833333333333335
wearable,dry_to_wet,0.8,28,3,0.8861111111111111
wearable,dry_to_wet,0.8,29,3,0.8444444444444446
wearable,dry_to_wet,0.8,30,3,0.8555555555555556
wearable,dry_to_wet,0.8,31,3,0.7055555555555556
wearable,dry_to_wet,0.8,32,3,0.7527777777777779
wearable,dry_to_wet,0.8,33,3,0.425
wearable,dry_to_wet,0.8,34,3,0.44722222222222224
wearable,dry_to_wet,0.8,35,3,0.34722222222222215
wearable,dry_to_wet,0.8,36,3,0.41111111111111115
wearable,dry_to_wet,0.8,37,3,0.3611111111111111
wearable,dry_to_wet,0.8,38,3,0.9333333333333332
wearable,dry_to_wet,0.8,39,3,0.6027777777777779
wearable,dry_to_wet,0.8,40,3,0.7888888888888889
wearable,dry_to_wet,0.8,41,3,0.4055555555555555
wearable,dry_to_wet,0.8,42,3,0.4666666666666666
wearable,dry_to_wet,0.8,43,3,0.725
wearable,dry_to_wet,0.8,44,3,0.225
wearable,dry_to_wet,0.8,45,3,0.3527777777777778
wearable,dry_to_wet,0.8,46,3,0.33055555555555555
wearable,dry_to_wet,0.8,47,3,0.20555555555555557
wearable,dry_to_wet,0.8,48,3,0.7000000000000001
wearable,dry_to_wet,0.8,49,3,0.21944444444444444
wearable,dry_to_wet,0.8,50,3,0.5527777777777778
wearable,dry_to_wet,0.8,51,3,0.561111111111111
wearable,dry_to_wet,0.8,52,3,0.7305555555555556
wearable,dry_to_wet,0.8,53,3,0.7111111111111112
wearable,dry_to_wet,0.8,54,3,0.8194444444444445
wearable,dry_to_wet,0.8,55,3,0.3416666666666666
wearable,dry_to_wet,0.8,56,3,0.9249999999999999
wearable,dry_to_wet,0.8,57,3,0.38333333333333336
wearable,dry_to_wet,0.8,58,3,0.7388888888888889
wearable,dry_to_wet,0.8,59,3,0.2138888888888889
wearable,dry_to_wet,0.8,60,3,0.4694444444444444
wearable,dry_to_wet,0.8,61,3,0.5527777777777778
wearable,dry_to_wet,0.8,62,3,0.6305555555555555
wearable,dry_to_wet,0.8,63,3,0.838888888888889
wearable,dry_to_wet,0.8,64,3,0.4666666666666666
wearable,dry_to_wet,0.8,65,3,0.3055555555555556
wearable,dry_to_wet,0.8,66,3,0.8611111111111112
wearable,dry_to_wet,0.8,67,3,0.6277777777777779
wearable,dry_to_wet,0.8,68,3,0.8583333333333334
wearable,dry_to_wet,0.8,69,3,1.0
wearable,dry_to_wet,0.8,70,3,0.38888888888888884
wearable,dry_to_wet,0.8,71,3,0.25277777777777777
wearable,dry_to_wet,0.8,72,3,0.6527777777777777
wearable,dry_to_wet,0.8,73,3,0.37499999999999994
wearable,dry_to_wet,0.8,74,3,0.48055555555555557
wearable,dry_to_wet,0.8,75,3,0.18333333333333335
wearable,dry_to_wet,0.8,76,3,0.13055555555555556
wearable,dry_to_wet,0.8,77,3,0.3416666666666666
wearable,dry_to_wet,0.8,78,3,0.1388888888888889
wearable,dry_to_wet,0.8,79,3,0.39444444444444454
wearable,dry_to_wet,0.8,80,3,0.8777777777777778
wearable,dry_to_wet,0.8,81,3,0.8555555555555555
wearable,dry_to_wet,0.8,82,3,0.6055555555555555
wearable,dry_to_wet,0.8,83,3,0.38055555555555554
wearable,dry_to_wet,0.8,84,3,0.8527777777777779
wearable,dry_to_wet,0.8,85,3,0.7416666666666667
wearable,dry_to_wet,0.8,86,3,0.8444444444444446
wearable,dry_to_wet,0.8,87,3,0.9166666666666666
wearable,dry_to_wet,0.8,88,3,0.4361111111111111
wearable,dry_to_wet,0.8,89,3,0.7305555555555555
wearable,dry_to_wet,0.8,90,3,0.25
wearable,dry_to_wet,0.8,91,3,0.5750000000000001
wearable,dry_to_wet,0.8,92,3,0.8277777777777778
wearable,dry_to_wet,0.8,93,3,0.6361111111111111
wearable,dry_to_wet,0.8,94,3,0.39444444444444443
wearable,dry_to_wet,0.8,95,3,0.24722222222222223
wearable,dry_to_wet,0.8,96,3,0.3583333333333334
wearable,dry_to_wet,0.8,97,3,0.21666666666666667
wearable,dry_to_wet,0.8,98,3,0.8250000000000001
wearable,dry_to_wet,0.8,99,3,0.6916666666666665
wearable,dry_to_wet,0.8,100,3,0.6166666666666667
wearable,dry_to_wet,0.8,101,3,0.5444444444444444
wearable,dry_to_wet,0.8,102,3,0.8027777777777777
wearable,dry_to_wet,1.0,1,3,0.5472222222222222
wearable,dry_to_wet,1.0,2,3,0.3972222222222222
wearable,dry_to_wet,1.0,3,3,0.6472222222222221
wearable,dry_to_wet,1.0,4,3,0.813888888888889
wearable,dry_to_wet,1.0,5,3,0.4222222222222222
wearable,dry_to_wet,1.0,6,3,0.24444444444444446
wearable,dry_to_wet,1.0,7,3,0.702777777777778
wearable,dry_to_wet,1.0,8,3,0.6277777777777778
wearable,dry_to_wet,1.0,9,3,0.35555555555555557
wearable,dry_to_wet,1.0,10,3,0.5305555555555556
wearable,dry_to_wet,1.0,11,3,0.6916666666666665
wearable,dry_to_wet,1.0,12,3,0.9472222222222224
wearable,dry_to_wet,1.0,13,3,0.5722222222222223
wearable,dry_to_wet,1.0,14,3,0.7361111111111112
wearable,dry_to_wet,1.0,15,3,0.37777777777777777
wearable,dry_to_wet,1.0,16,3,0.23611111111111113
wearable,dry_to_wet,1.0,17,3,0.43611111111111106
wearable,dry_to_wet,1.0,18,3,0.575
wearable,dry_to_wet,1.0,19,3,0.8555555555555556
wearable,dry_to_wet,1.0,20,3,0.5277777777777778
wearable,dry_to_wet,1.0,21,3,0.5111111111111111
wearable,dry_to_wet,1.0,22,3,0.26666666666666666
wearable,dry_to_wet,1.0,23,3,0.8333333333333334
wearable,dry_to_wet,1.0,24,3,0.6
wearable,dry_to_wet,1.0,25,3,0.19166666666666665
wearable,dry_to_wet,1.0,26,3,0.9111111111111113
wearable,dry_to_wet,1.0,27,3,0.32222222222222224
wearable,dry_to_wet,1.0,28,3,0.9611111111111111
wearable,dry_to_wet,1.0,29,3,0.9055555555555556
wearable,dry_to_wet,1.0,30,3,0.8972222222222221
wearable,dry_to_wet,1.0,31,3,0.7472222222222222
wearable,dry_to_wet,1.0,32,3,0.838888888888889
wearable,dry_to_wet,1.0,33,3,0.48888888888888893
wearable,dry_to_wet,1.0,34,3,0.5416666666666666
wearable,dry_to_wet,1.0,35,3,0.39444444444444443
wearable,dry_to_wet,1.0,36,3,0.4527777777777777
wearable,dry_to_wet,1.0,37,3,0.41111111111111115
wearable,dry_to_wet,1.0,38,3,0.9666666666666668
wearable,dry_to_wet,1.0,39,3,0.6694444444444444
wearable,dry_to_wet,1.0,40,3,0.8694444444444445
wearable,dry_to_wet,1.0,41,3,0.49166666666666664
wearable,dry_to_wet,1.0,42,3,0.4777777777777777
wearable,dry_to_wet,1.0,43,3,0.8000000000000002
wearable,dry_to_wet,1.0,44,3,0.2638888888888889
wearable,dry_to_wet,1.0,45,3,0.4000000000000001
wearable,dry_to_wet,1.0,46,3,0.38333333333333336
wearable,dry_to_wet,1.0,47,3,0.20000000000000004
wearable,dry_to_wet,1.0,48,3,0.7805555555555554
wearable,dry_to_wet,1.0,49,3,0.19999999999999998
wearable,dry_to_wet,1.0,50,3,0.6777777777777777
wearable,dry_to_wet,1.0,51,3,0.6416666666666666
wearable,dry_to_wet,1.0,52,3,0.8083333333333335
wearable,dry_to_wet,1.0,53,3,0.7583333333333333
wearable,dry_to_wet,1.0,54,3,0.8916666666666666
wearable,dry_to_wet,1.0,55,3,0.45555555555555555
wearable,dry_to_wet,1.0,56,3,0.9694444444444444
wearable,dry_to_wet,1.0,57,3,0.38888888888888884
wearable,dry_to_wet,1.0,58,3,0.8027777777777779
wearable,dry_to_wet,1.0,59,3,0.2638888888888889
wearable,dry_to_wet,1.0,60,3,0.5416666666666666
wearable,dry_to_wet,1.0,61,3,0.5527777777777777
wearable,dry_to_wet,1.0,62,3,0.7250000000000001
wearable,dry_to_wet,1.0,63,3,0.8861111111111111
wearable,dry_to_wet,1.0,64,3,0.4777777777777778
wearable,dry_to_wet,1.0,65,3,0.31111111111111106
wearable,dry_to_wet,1.0,66,3,0.9111111111111111
wearable,dry_to_wet,1.0,67,3,0.7388888888888889
wearable,dry_to_wet,1.0,68,3,0.8916666666666667
wearable,dry_to_wet,1.0,69,3,1.0
wearable,dry_to_wet,1.0,70,3,0.4444444444444445
wearable,dry_to_wet,1.0,71,3,0.14166666666666666
wearable,dry_to_wet,1.0,72,3,0.7555555555555555
wearable,dry_to_wet,1.0,73,3,0.4472222222222222
wearable,dry_to_wet,1.0,74,3,0.5222222222222223
wearable,dry_to_wet,1.0,75,3,0.2333333333333333
wearable,dry_to_wet,1.0,76,3,0.15000000000000002
wearable,dry_to_wet,1.0,77,3,0.3666666666666667
wearable,dry_to_wet,1.0,78,3,0.1277777777777778
wearable,dry_to_wet,1.0,79,3,0.48333333333333334
wearable,dry_to_wet,1.0,80,3,0.9250000000000002
wearable,dry_to_wet,1.0,81,3,0.8972222222222221
wearable,dry_to_wet,1.0,82,3,0.713888888888889
wearable,dry_to_wet,1.0,83,3,0.47222222222222215
wearable,dry_to_wet,1.0,84,3,0.9222222222222224
wearable,dry_to_wet,1.0,85,3,0.8416666666666668
wearable,dry_to_wet,1.0,86,3,0.9111111111111113
wearable,dry_to_wet,1.0,87,3,0.9555555555555556
wearable,dry_to_wet,1.0,88,3,0.575
wearable,dry_to_wet,1.0,89,3,0.8555555555555556
wearable,dry_to_wet,1.0,90,3,0.2916666666666667
wearable,dry_to_wet,1.0,91,3,0.661111111111111
wearable,dry_to_wet,1.0,92,3,0.8444444444444444
wearable,dry_to_wet,1.0,93,3,0.6527777777777777
wearable,dry_to_wet,1.0,94,3,0.4749999999999999
wearable,dry_to_wet,1.0,95,3,0.26944444444444443
wearable,dry_to_wet,1.0,96,3,0.4222222222222222
wearable,dry_to_wet,1.0,97,3,0.2555555555555556
wearable,dry_to_wet,1.0,98,3,0.8583333333333334
wearable,dry_to_wet,1.0,99,3,0.7166666666666667
wearable,dry_to_wet,1.0,100,3,0.6944444444444443
wearable,dry_to_wet,1.0,101,3,0.5750000000000001
wearable,dry_to_wet,1.0,102,3,0.8694444444444446
wearable,dry_to_wet,1.2,1,3,0.5916666666666667
wearable,dry_to_wet,1.2,2,3,0.4305555555555556
wearable,dry_to_wet,1.2,3,3,0.7027777777777778
wearable,dry_to_wet,1.2,4,3,0.8666666666666666
wearable,dry_to_wet,1.2,5,3,0.45
wearable,dry_to_wet,1.2,6,3,0.2638888888888889
wearable,dry_to_wet,1.2,7,3,0.763888888888889
wearable,dry_to_wet,1.2,8,3,0.7083333333333334
wearable,dry_to_wet,1.2,9,3,0.425
wearable,dry_to_wet,1.2,10,3,0.5694444444444443
wearable,dry_to_wet,1.2,11,3,0.7111111111111111
wearable,dry_to_wet,1.2,12,3,0.9583333333333335
wearable,dry_to_wet,1.2,13,3,0.6472222222222223
wearable,dry_to_wet,1.2,14,3,0.7694444444444444
wearable,dry_to_wet,1.2,15,3,0.4583333333333333
wearable,dry_to_wet,1.2,16,3,0.28611111111111115
wearable,dry_to_wet,1.2,17,3,0.4888888888888889
wearable,dry_to_wet,1.2,18,3,0.625
wearable,dry_to_wet,1.2,19,3,0.9027777777777778
wearable,dry_to_wet,1.2,20,3,0.6416666666666666
wearable,dry_to_wet,1.2,21,3,0.5944444444444444
wearable,dry_to_wet,1.2,22,3,0.33888888888888885
wearable,dry_to_wet,1.2,23,3,0.8444444444444444
wearable,dry_to_wet,1.2,24,3,0.6027777777777777
wearable,dry_to_wet,1.2,25,3,0.20833333333333334
wearable,dry_to_wet,1.2,26,3,0.9277777777777779
wearable,dry_to_wet,1.2,27,3,0.3444444444444444
wearable,dry_to_wet,1.2,28,3,0.9861111111111112
wearable,dry_to_wet,1.2,29,3,0.938888888888889
wearable,dry_to_wet,1.2,30,3,0.9194444444444446
wearable,dry_to_wet,1.2,31,3,0.7694444444444444
wearable,dry_to_wet,1.2,32,3,0.8611111111111112
wearable,dry_to_wet,1.2,33,3,0.5805555555555556
wearable,dry_to_wet,1.2,34,3,0.586111111111111
wearable,dry_to_wet,1.2,35,3,0.4416666666666667
wearable,dry_to_wet,1.2,36,3,0.45555555555555555
wearable,dry_to_wet,1.2,37,3,0.47500000000000003
wearable,dry_to_wet,1.2,38,3,0.9888888888888889
wearable,dry_to_wet,1.2,39,3,0.736111111111111
wearable,dry_to_wet,1.2,40,3,0.9083333333333333
wearable,dry_to_wet,1.2,41,3,0.5611111111111111
wearable,dry_to_wet,1.2,42,3,0.5444444444444444
wearable,dry_to_wet,1.2,43,3,0.85
wearable,dry_to_wet,1.2,44,3,0.30833333333333335
wearable,dry_to_wet,1.2,45,3,0.4444444444444445
wearable,dry_to_wet,1.2,46,3,0.3527777777777778
wearable,dry_to_wet,1.2,47,3,0.24444444444444446
wearable,dry_to_wet,1.2,48,3,0.8083333333333335
wearable,dry_to_wet,1.2,49,3,0.25833333333333336
wearable,dry_to_wet,1.2,50,3,0.6777777777777779
wearable,dry_to_wet,1.2,51,3,0.7111111111111111
wearable,dry_to_wet,1.2,52,3,0.8833333333333334
wearable,dry_to_wet,1.2,53,3,0.7944444444444444
wearable,dry_to_wet,1.2,54,3,0.9500000000000001
wearable,dry_to_wet,1.2,55,3,0.5583333333333333
wearable,dry_to_wet,1.2,56,3,0.9833333333333334
wearable,dry_to_wet,1.2,57,3,0.5083333333333334
wearable,dry_to_wet,1.2,58,3,0.8444444444444444
wearable,dry_to_wet,1.2,59,3,0.29444444444444445
wearable,dry_to_wet,1.2,60,3,0.6138888888888888
wearable,dry_to_wet,1.2,61,3,0.6138888888888889
wearable,dry_to_wet,1.2,62,3,0.7388888888888889
wearable,dry_to_wet,1.2,63,3,0.9416666666666668
wearable,dry_to_wet,1.2,64,3,0.49722222222222223
wearable,dry_to_wet,1.2,65,3,0.3638888888888889
wearable,dry_to_wet,1.2,66,3,0.9444444444444445
wearable,dry_to_wet,1.2,67,3,0.8194444444444445
wearable,dry_to_wet,1.2,68,3,0.9444444444444445
wearable,dry_to_wet,1.2,69,3,1.0
wearable,dry_to_wet,1.2,70,3,0.46388888888888885
wearable,dry_to_wet,1.2,71,3,0.20833333333333334
wearable,dry_to_wet,1.2,72,3,0.775
wearable,dry_to_wet,1.2,73,3,0.5555555555555555
wearable,dry_to_wet,1.2,74,3,0.5444444444444444
wearable,dry_to_wet,1.2,75,3,0.2722222222222222
wearable,dry_to_wet,1.2,76,3,0.17500000000000004
wearable,dry_to_wet,1.2,77,3,0.39444444444444443
wearable,dry_to_wet,1.2,78,3,0.17222222222222225
wearable,dry_to_wet,1.2,79,3,0.5499999999999999
wearable,dry_to_wet,1.2,80,3,0.963888888888889
wearable,dry_to_wet,1.2,81,3,0.8861111111111111
wearable,dry_to_wet,1.2,82,3,0.7916666666666666
wearable,dry_to_wet,1.2,83,3,0.5166666666666666
wearable,dry_to_wet,1.2,84,3,0.9611111111111111
wearable,dry_to_wet,1.2,85,3,0.8833333333333333
wearable,dry_to_wet,1.2,86,3,0.938888888888889
wearable,dry_to_wet,1.2,87,3,0.975
wearable,dry_to_wet,1.2,88,3,0.6027777777777777
wearable,dry_to_wet,1.2,89,3,0.9055555555555556
wearable,dry_to_wet,1.2,90,3,0.3055555555555555
wearable,dry_to_wet,1.2,91,3,0.7000000000000001
wearable,dry_to_wet,1.2,92,3,0.8833333333333334
wearable,dry_to_wet,1.2,93,3,0.6861111111111112
wearable,dry_to_wet,1.2,94,3,0.5888888888888889
wearable,dry_to_wet,1.2,95,3,0.32222222222222224
wearable,dry_to_wet,1.2,96,3,0.42777777777777776
wearable,dry_to_wet,1.2,97,3,0.25000000000000006
wearable,dry_to_wet,1.2,98,3,0.8888888888888888
wearable,dry_to_wet,1.2,99,3,0.7805555555555556
wearable,dry_to_wet,1.2,100,3,0.8027777777777777
wearable,dry_to_wet,1.2,101,3,0.6333333333333333
wearable,dry_to_wet,1.2,102,3,0.9083333333333332
wearable,dry_to_wet,1.5,1,3,0.6055555555555556
wearable,dry_to_wet,1.5,2,3,0.47500000000000003
wearable,dry_to_wet,1.5,3,3,0.7611111111111112
wearable,dry_to_wet,1.5,4,3,0.8888888888888888
wearable,dry_to_wet,1.5,5,3,0.48055555555555557
wearable,dry_to_wet,1.5,6,3,0.28055555555555556
wearable,dry_to_wet,1.5,7,3,0.8361111111111111
wearable,dry_to_wet,1.5,8,3,0.6916666666666665
wearable,dry_to_wet,1.5,9,3,0.47222222222222215
wearable,dry_to_wet,1.5,10,3,0.5944444444444444
wearable,dry_to_wet,1.5,11,3,0.6611111111111111
wearable,dry_to_wet,1.5,12,3,0.9861111111111112
wearable,dry_to_wet,1.5,13,3,0.6722222222222222
wearable,dry_to_wet,1.5,14,3,0.7888888888888891
wearable,dry_to_wet,1.5,15,3,0.45555555555555555
wearable,dry_to_wet,1.5,16,3,0.32222222222222224
wearable,dry_to_wet,1.5,17,3,0.49166666666666664
wearable,dry_to_wet,1.5,18,3,0.6749999999999999
wearable,dry_to_wet,1.5,19,3,0.9416666666666668
wearable,dry_to_wet,1.5,20,3,0.7250000000000001
wearable,dry_to_wet,1.5,21,3,0.6305555555555555
wearable,dry_to_wet,1.5,22,3,0.35000000000000003
wearable,dry_to_wet,1.5,23,3,0.8638888888888889
wearable,dry_to_wet,1.5,24,3,0.6749999999999999
wearable,dry_to_wet,1.5,25,3,0.23611111111111108
wearable,dry_to_wet,1.5,26,3,0.9416666666666668
wearable,dry_to_wet,1.5,27,3,0.35833333333333334
wearable,dry_to_wet,1.5,28,3,0.9777777777777779
wearable,dry_to_wet,1.5,29,3,0.9722222222222222
wearable,dry_to_wet,1.5,30,3,0.9500000000000001
wearable,dry_to_wet,1.5,31,3,0.7972222222222222
wearable,dry_to_wet,1.5,32,3,0.8972222222222221
wearable,dry_to_wet,1.5,33,3,0.6000000000000001
wearable,dry_to_wet,1.5,34,3,0.6444444444444445
wearable,dry_to_wet,1.5,35,3,0.46388888888888885
wearable,dry_to_wet,1.5,36,3,0.47222222222222227
wearable,dry_to_wet,1.5,37,3,0.5055555555555556
wearable,dry_to_wet,1.5,38,3,0.9972222222222222
wearable,dry_to_wet,1.5,39,3,0.7833333333333333
wearable,dry_to_wet,1.5,40,3,0.9111111111111111
wearable,dry_to_wet,1.5,41,3,0.5916666666666667
wearable,dry_to_wet,1.5,42,3,0.5833333333333334
wearable,dry_to_wet,1.5,43,3,0.9111111111111111
wearable,dry_to_wet,1.5,44,3,0.33055555555555555
wearable,dry_to_wet,1.5,45,3,0.4694444444444445
wearable,dry_to_wet,1.5,46,3,0.39999999999999997
wearable,dry_to_wet,1.5,47,3,0.24444444444444444
wearable,dry_to_wet,1.5,48,3,0.8500000000000001
wearable,dry_to_wet,1.5,49,3,0.2888888888888889
wearable,dry_to_wet,1.5,50,3,0.7277777777777779
wearable,dry_to_wet,1.5,51,3,0.7277777777777777
wearable,dry_to_wet,1.5,52,3,0.8972222222222223
wearable,dry_to_wet,1.5,53,3,0.7972222222222222
wearable,dry_to_wet,1.5,54,3,0.9666666666666668
wearable,dry_to_wet,1.5,55,3,0.5694444444444445
wearable,dry_to_wet,1.5,56,3,0.9833333333333334
wearable,dry_to_wet,1.5,57,3,0.5444444444444444
wearable,dry_to_wet,1.5,58,3,0.8500000000000001
wearable,dry_to_wet,1.5,59,3,0.32499999999999996
wearable,dry_to_wet,1.5,60,3,0.6305555555555555
wearable,dry_to_wet,1.5,61,3,0.6277777777777778
wearable,dry_to_wet,1.5,62,3,0.7583333333333333
wearable,dry_to_wet,1.5,63,3,0.9472222222222223
wearable,dry_to_wet,1.5,64,3,0.45555555555555555
wearable,dry_to_wet,1.5,65,3,0.34722222222222215
wearable,dry_to_wet,1.5,66,3,0.963888888888889
wearable,dry_to_wet,1.5,67,3,0.8583333333333334
wearable,dry_to_wet,1.5,68,3,0.9583333333333334
wearable,dry_to_wet,1.5,69,3,1.0
wearable,dry_to_wet,1.5,70,3,0.47222222222222227
wearable,dry_to_wet,1.5,71,3,0.2416666666666667
wearable,dry_to_wet,1.5,72,3,0.7833333333333333
wearable,dry_to_wet,1.5,73,3,0.5444444444444444
wearable,dry_to_wet,1.5,74,3,0.5361111111111111
wearable,dry_to_wet,1.5,75,3,0.28055555555555556
wearable,dry_to_wet,1.5,76,3,0.19166666666666668
wearable,dry_to_wet,1.5,77,3,0.44999999999999996
wearable,dry_to_wet,1.5,78,3,0.18888888888888888
wearable,dry_to_wet,1.5,79,3,0.6416666666666666
wearable,dry_to_wet,1.5,80,3,0.9694444444444446
wearable,dry_to_wet,1.5,81,3,0.9333333333333335
wearable,dry_to_wet,1.5,82,3,0.8777777777777779
wearable,dry_to_wet,1.5,83,3,0.6138888888888888
wearable,dry_to_wet,1.5,84,3,0.9666666666666668
wearable,dry_to_wet,1.5,85,3,0.9083333333333335
wearable,dry_to_wet,1.5,86,3,0.9555555555555556
wearable,dry_to_wet,1.5,87,3,0.9694444444444444
wearable,dry_to_wet,1.5,88,3,0.6000000000000001
wearable,dry_to_wet,1.5,89,3,0.9111111111111111
wearable,dry_to_wet,1.5,90,3,0.3416666666666666
wearable,dry_to_wet,1.5,91,3,0.7472222222222222
wearable,dry_to_wet,1.5,92,3,0.9222222222222224
wearable,dry_to_wet,1.5,93,3,0.7277777777777779
wearable,dry_to_wet,1.5,94,3,0.563888888888889
wearable,dry_to_wet,1.5,95,3,0.3111111111111111
wearable,dry_to_wet,1.5,96,3,0.3888888888888889
wearable,dry_to_wet,1.5,97,3,0.2944444444444445
wearable,dry_to_wet,1.5,98,3,0.9055555555555556
wearable,dry_to_wet,1.5,99,3,0.7972222222222224
wearable,dry_to_wet,1.5,100,3,0.8361111111111111
wearable,dry_to_wet,1.5,101,3,0.6472222222222223
wearable,dry_to_wet,1.5,102,3,0.9333333333333335
wearable,dry_to_wet,2.0,1,3,0.5750000000000001
wearable,dry_to_wet,2.0,2,3,0.5
wearable,dry_to_wet,2.0,3,3,0.8222222222222223
wearable,dry_to_wet,2.0,4,3,0.9138888888888891
wearable,dry_to_wet,2.0,5,3,0.4777777777777778
wearable,dry_to_wet,2.0,6,3,0.2694444444444445
wearable,dry_to_wet,2.0,7,3,0.8083333333333332
wearable,dry_to_wet,2.0,8,3,0.7861111111111111
wearable,dry_to_wet,2.0,9,3,0.563888888888889
wearable,dry_to_wet,2.0,10,3,0.6666666666666666
wearable,dry_to_wet,2.0,11,3,0.7611111111111111
wearable,dry_to_wet,2.0,12,3,0.9888888888888889
wearable,dry_to_wet,2.0,13,3,0.7083333333333331
wearable,dry_to_wet,2.0,14,3,0.7611111111111111
wearable,dry_to_wet,2.0,15,3,0.4277777777777778
wearable,dry_to_wet,2.0,16,3,0.2805555555555556
wearable,dry_to_wet,2.0,17,3,0.5166666666666667
wearable,dry_to_wet,2.0,18,3,0.7166666666666667
wearable,dry_to_wet,2.0,19,3,0.9583333333333335
wearable,dry_to_wet,2.0,20,3,0.7777777777777777
wearable,dry_to_wet,2.0,21,3,0.6388888888888888
wearable,dry_to_wet,2.0,22,3,0.44999999999999996
wearable,dry_to_wet,2.0,23,3,0.8277777777777778
wearable,dry_to_wet,2.0,24,3,0.686111111111111
wearable,dry_to_wet,2.0,25,3,0.22222222222222224
wearable,dry_to_wet,2.0,26,3,0.9500000000000001
wearable,dry_to_wet,2.0,27,3,0.3111111111111111
wearable,dry_to_wet,2.0,28,3,0.9833333333333334
wearable,dry_to_wet,2.0,29,3,0.9833333333333334
wearable,dry_to_wet,2.0,30,3,0.9555555555555557
wearable,dry_to_wet,2.0,31,3,0.7361111111111112
wearable,dry_to_wet,2.0,32,3,0.9138888888888891
wearable,dry_to_wet,2.0,33,3,0.6138888888888889
wearable,dry_to_wet,2.0,34,3,0.7083333333333334
wearable,dry_to_wet,2.0,35,3,0.5111111111111111
wearable,dry_to_wet,2.0,36,3,0.4750000000000001
wearable,dry_to_wet,2.0,37,3,0.525
wearable,dry_to_wet,2.0,38,3,0.9833333333333334
wearable,dry_to_wet,2.0,39,3,0.8666666666666667
wearable,dry_to_wet,2.0,40,3,0.9444444444444445
wearable,dry_to_wet,2.0,41,3,0.7083333333333335
wearable,dry_to_wet,2.0,42,3,0.6
wearable,dry_to_wet,2.0,43,3,0.9
wearable,dry_to_wet,2.0,44,3,0.35555555555555557
wearable,dry_to_wet,2.0,45,3,0.5416666666666666
wearable,dry_to_wet,2.0,46,3,0.45
wearable,dry_to_wet,2.0,47,3,0.23333333333333336
wearable,dry_to_wet,2.0,48,3,0.8638888888888889
wearable,dry_to_wet,2.0,49,3,0.26388888888888895
wearable,dry_to_wet,2.0,50,3,0.7416666666666667
wearable,dry_to_wet,2.0,51,3,0.7888888888888889
wearable,dry_to_wet,2.0,52,3,0.9166666666666666
wearable,dry_to_wet,2.0,53,3,0.8194444444444443
wearable,dry_to_wet,2.0,54,3,0.9750000000000001
wearable,dry_to_wet,2.0,55,3,0.6638888888888889
wearable,dry_to_wet,2.0,56,3,0.9861111111111112
wearable,dry_to_wet,2.0,57,3,0.5361111111111111
wearable,dry_to_wet,2.0,58,3,0.8666666666666667
wearable,dry_to_wet,2.0,59,3,0.2972222222222222
wearable,dry_to_wet,2.0,60,3,0.6666666666666666
wearable,dry_to_wet,2.0,61,3,0.6194444444444445
wearable,dry_to_wet,2.0,62,3,0.8027777777777777
wearable,dry_to_wet,2.0,63,3,0.9583333333333334
wearable,dry_to_wet,2.0,64,3,0.4361111111111111
wearable,dry_to_wet,2.0,65,3,0.4055555555555555
wearable,dry_to_wet,2.0,66,3,0.9555555555555557
wearable,dry_to_wet,2.0,67,3,0.8694444444444445
wearable,dry_to_wet,2.0,68,3,0.9583333333333334
wearable,dry_to_wet,2.0,69,3,1.0
wearable,dry_to_wet,2.0,70,3,0.513888888888889
wearable,dry_to_wet,2.0,71,3,0.21944444444444444
wearable,dry_to_wet,2.0,72,3,0.7722222222222221
wearable,dry_to_wet,2.0,73,3,0.6027777777777779
wearable,dry_to_wet,2.0,74,3,0.5416666666666666
wearable,dry_to_wet,2.0,75,3,0.2722222222222222
wearable,dry_to_wet,2.0,76,3,0.1888888888888889
wearable,dry_to_wet,2.0,77,3,0.4166666666666667
wearable,dry_to_wet,2.0,78,3,0.23611111111111108
wearable,dry_to_wet,2.0,79,3,0.6444444444444444
wearable,dry_to_wet,2.0,80,3,0.9833333333333334
wearable,dry_to_wet,2.0,81,3,0.9416666666666668
wearable,dry_to_wet,2.0,82,3,0.8972222222222223
wearable,dry_to_wet,2.0,83,3,0.6833333333333332
wearable,dry_to_wet,2.0,84,3,0.9694444444444444
wearable,dry_to_wet,2.0,85,3,0.9111111111111111
wearable,dry_to_wet,2.0,86,3,0.963888888888889
wearable,dry_to_wet,2.0,87,3,0.975
wearable,dry_to_wet,2.0,88,3,0.6055555555555556
wearable,dry_to_wet,2.0,89,3,0.9361111111111112
wearable,dry_to_wet,2.0,90,3,0.34166666666666673
wearable,dry_to_wet,2.0,91,3,0.7583333333333333
wearable,dry_to_wet,2.0,92,3,0.938888888888889
wearable,dry_to_wet,2.0,93,3,0.7222222222222223
wearable,dry_to_wet,2.0,94,3,0.563888888888889
wearable,dry_to_wet,2.0,95,3,0.36388888888888893
wearable,dry_to_wet,2.0,96,3,0.375
wearable,dry_to_wet,2.0,97,3,0.3055555555555556
wearable,dry_to_wet,2.0,98,3,0.9305555555555555
wearable,dry_to_wet,2.0,99,3,0.8444444444444446
wearable,dry_to_wet,2.0,100,3,0.8777777777777779
wearable,dry_to_wet,2.0,101,3,0.6666666666666666
wearable,dry_to_wet,2.0,102,3,0.9750000000000001
wearable,wet_to_dry,0.4,1,3,0.09722222222222221
wearable,wet_to_dry,0.4,2,3,0.10555555555555556
wearable,wet_to_dry,0.4,3,3,0.18888888888888888
wearable,wet_to_dry,0.4,4,3,0.5777777777777777
wearable,wet_to_dry,0.4,5,3,0.23611111111111113
wearable,wet_to_dry,0.4,6,3,0.1361111111111111
wearable,wet_to_dry,0.4,7,3,0.3638888888888889
wearable,wet_to_dry,0.4,8,3,0.2916666666666667
wearable,wet_to_dry,0.4,9,3,0.1527777777777778
wearable,wet_to_dry,0.4,10,3,0.036111111111111115
wearable,wet_to_dry,0.4,11,3,0.3833333333333333
wearable,wet_to_dry,0.4,12,3,0.2416666666666667
wearable,wet_to_dry,0.4,13,3,0.325
wearable,wet_to_dry,0.4,14,3,0.13888888888888892
wearable,wet_to_dry,0.4,15,3,0.17500000000000004
wearable,wet_to_dry,0.4,16,3,0.26666666666666666
wearable,wet_to_dry,0.4,17,3,0.40277777777777773
wearable,wet_to_dry,0.4,18,3,0.34722222222222227
wearable,wet_to_dry,0.4,19,3,0.525
wearable,wet_to_dry,0.4,20,3,0.3
wearable,wet_to_dry,0.4,21,3,0.20555555555555557
wearable,wet_to_dry,0.4,22,3,0.12500000000000003
wearable,wet_to_dry,0.4,23,3,0.18055555555555558
wearable,wet_to_dry,0.4,24,3,0.563888888888889
wearable,wet_to_dry,0.4,25,3,0.16111111111111112
wearable,wet_to_dry,0.4,26,3,0.05833333333333334
wearable,wet_to_dry,0.4,27,3,0.09166666666666667
wearable,wet_to_dry,0.4,28,3,0.06944444444444443
wearable,wet_to_dry,0.4,29,3,0.5277777777777777
wearable,wet_to_dry,0.4,30,3,0.4944444444444444
wearable,wet_to_dry,0.4,31,3,0.5499999999999999
wearable,wet_to_dry,0.4,32,3,0.24722222222222223
wearable,wet_to_dry,0.4,33,3,0.2027777777777778
wearable,wet_to_dry,0.4,34,3,0.1527777777777778
wearable,wet_to_dry,0.4,35,3,0.08611111111111112
wearable,wet_to_dry,0.4,36,3,0.24722222222222223
wearable,wet_to_dry,0.4,37,3,0.16111111111111112
wearable,wet_to_dry,0.4,38,3,0.6944444444444445
wearable,wet_to_dry,0.4,39,3,0.16111111111111112
wearable,wet_to_dry,0.4,40,3,0.1416666666666667
wearable,wet_to_dry,0.4,41,3,0.2555555555555556
wearable,wet_to_dry,0.4,42,3,0.14722222222222223
wearable,wet_to_dry,0.4,43,3,0.044444444444444446
wearable,wet_to_dry,0.4,44,3,0.07777777777777778
wearable,wet_to_dry,0.4,45,3,0.075
wearable,wet_to_dry,0.4,46,3,0.20000000000000004
wearable,wet_to_dry,0.4,47,3,0.07222222222222223
wearable,wet_to_dry,0.4,48,3,0.15555555555555556
wearable,wet_to_dry,0.4,49,3,0.11111111111111112
wearable,wet_to_dry,0.4,50,3,0.2916666666666667
wearable,wet_to_dry,0.4,51,3,0.1416666666666667
wearable,wet_to_dry,0.4,52,3,0.41111111111111104
wearable,wet_to_dry,0.4,53,3,0.5805555555555556
wearable,wet_to_dry,0.4,54,3,0.4305555555555555
wearable,wet_to_dry,0.4,55,3,0.1361111111111111
wearable,wet_to_dry,0.4,56,3,0.08333333333333333
wearable,wet_to_dry,0.4,57,3,0.1111111111111111
wearable,wet_to_dry,0.4,58,3,0.25277777777777777
wearable,wet_to_dry,0.4,59,3,0.08888888888888889
wearable,wet_to_dry,0.4,60,3,0.10833333333333334
wearable,wet_to_dry,0.4,61,3,0.34722222222222227
wearable,wet_to_dry,0.4,62,3,0.31388888888888883
wearable,wet_to_dry,0.4,63,3,0.06944444444444443
wearable,wet_to_dry,0.4,64,3,0.044444444444444446
wearable,wet_to_dry,0.4,65,3,0.23333333333333336
wearable,wet_to_dry,0.4,66,3,0.39166666666666666
wearable,wet_to_dry,0.4,67,3,0.03333333333333333
wearable,wet_to_dry,0.4,68,3,0.4361111111111111
wearable,wet_to_dry,0.4,69,3,0.6055555555555555
wearable,wet_to_dry,0.4,70,3,0.1888888888888889
wearable,wet_to_dry,0.4,71,3,0.08888888888888889
wearable,wet_to_dry,0.4,72,3,0.13888888888888892
wearable,wet_to_dry,0.4,73,3,0.11111111111111112
wearable,wet_to_dry,0.4,74,3,0.21111111111111114
wearable,wet_to_dry,0.4,75,3,0.1527777777777778
wearable,wet_to_dry,0.4,76,3,0.1166666666666667
wearable,wet_to_dry,0.4,77,3,0.19166666666666665
wearable,wet_to_dry,0.4,78,3,0.09722222222222221
wearable,wet_to_dry,0.4,79,3,0.4916666666666667
wearable,wet_to_dry,0.4,80,3,0.19722222222222227
wearable,wet_to_dry,0.4,81,3,0.08333333333333333
wearable,wet_to_dry,0.4,82,3,0.30000000000000004
wearable,wet_to_dry,0.4,83,3,0.2916666666666667
wearable,wet_to_dry,0.4,84,3,0.5444444444444444
wearable,wet_to_dry,0.4,85,3,0.15555555555555556
wearable,wet_to_dry,0.4,86,3,0.04444444444444445
wearable,wet_to_dry,0.4,87,3,0.5277777777777778
wearable,wet_to_dry,0.4,88,3,0.24722222222222223
wearable,wet_to_dry,0.4,89,3,0.15000000000000002
wearable,wet_to_dry,0.4,90,3,0.15555555555555559
wearable,wet_to_dry,0.4,91,3,0.225
wearable,wet_to_dry,0.4,92,3,0.18055555555555555
wearable,wet_to_dry,0.4,93,3,0.3722222222222222
wearable,wet_to_dry,0.4,94,3,0.2027777777777778
wearable,wet_to_dry,0.4,95,3,0.20555555555555557
wearable,wet_to_dry,0.4,96,3,0.12777777777777777
wearable,wet_to_dry,0.4,97,3,0.11944444444444446
wearable,wet_to_dry,0.4,98,3,0.5083333333333333
wearable,wet_to_dry,0.4,99,3,0.3888888888888889
wearable,wet_to_dry,0.4,100,3,0.28055555555555556
wearable,wet_to_dry,0.4,101,3,0.19722222222222222
wearable,wet_to_dry,0.4,102,3,0.5222222222222223
wearable,wet_to_dry,0.6,1,3,0.10833333333333334
wearable,wet_to_dry,0.6,2,3,0.16666666666666666
wearable,wet_to_dry,0.6,3,3,0.19444444444444445
wearable,wet_to_dry,0.6,4,3,0.6638888888888889
wearable,wet_to_dry,0.6,5,3,0.2583333333333333
wearable,wet_to_dry,0.6,6,3,0.15555555555555556
wearable,wet_to_dry,0.6,7,3,0.5333333333333333
wearable,wet_to_dry,0.6,8,3,0.39444444444444443
wearable,wet_to_dry,0.6,9,3,0.18333333333333335
wearable,wet_to_dry,0.6,10,3,0.07222222222222222
wearable,wet_to_dry,0.6,11,3,0.45555555555555555
wearable,wet_to_dry,0.6,12,3,0.2805555555555556
wearable,wet_to_dry,0.6,13,3,0.39166666666666666
wearable,wet_to_dry,0.6,14,3,0.13333333333333333
wearable,wet_to_dry,0.6,15,3,0.2388888888888889
wearable,wet_to_dry,0.6,16,3,0.33055555555555566
wearable,wet_to_dry,0.6,17,3,0.5666666666666668
wearable,wet_to_dry,0.6,18,3,0.5555555555555555
wearable,wet_to_dry,0.6,19,3,0.6472222222222223
wearable,wet_to_dry,0.6,20,3,0.3666666666666667
wearable,wet_to_dry,0.6,21,3,0.2805555555555555
wearable,wet_to_dry,0.6,22,3,0.19444444444444442
wearable,wet_to_dry,0.6,23,3,0.2888888888888889
wearable,wet_to_dry,0.6,24,3,0.7111111111111111
wearable,wet_to_dry,0.6,25,3,0.13611111111111115
wearable,wet_to_dry,0.6,26,3,0.07500000000000001
wearable,wet_to_dry,0.6,27,3,0.09166666666666667
wearable,wet_to_dry,0.6,28,3,0.13333333333333336
wearable,wet_to_dry,0.6,29,3,0.6055555555555555
wearable,wet_to_dry,0.6,30,3,0.6611111111111111
wearable,wet_to_dry,0.6,31,3,0.7277777777777777
wearable,wet_to_dry,0.6,32,3,0.275
wearable,wet_to_dry,0.6,33,3,0.27777777777777773
wearable,wet_to_dry,0.6,34,3,0.25833333333333336
wearable,wet_to_dry,0.6,35,3,0.08888888888888889
wearable,wet_to_dry,0.6,36,3,0.3055555555555556
wearable,wet_to_dry,0.6,37,3,0.2027777777777778
wearable,wet_to_dry,0.6,38,3,0.8222222222222223
wearable,wet_to_dry,0.6,39,3,0.2138888888888889
wearable,wet_to_dry,0.6,40,3,0.1277777777777778
wearable,wet_to_dry,0.6,41,3,0.3277777777777778
wearable,wet_to_dry,0.6,42,3,0.22499999999999998
wearable,wet_to_dry,0.6,43,3,0.05833333333333333
wearable,wet_to_dry,0.6,44,3,0.08055555555555556
wearable,wet_to_dry,0.6,45,3,0.10833333333333335
wearable,wet_to_dry,0.6,46,3,0.2805555555555556
wearable,wet_to_dry,0.6,47,3,0.0638888888888889
wearable,wet_to_dry,0.6,48,3,0.22222222222222224
wearable,wet_to_dry,0.6,49,3,0.13888888888888887
wearable,wet_to_dry,0.6,50,3,0.39166666666666666
wearable,wet_to_dry,0.6,51,3,0.2027777777777778
wearable,wet_to_dry,0.6,52,3,0.5944444444444446
wearable,wet_to_dry,0.6,53,3,0.611111111111111
wearable,wet_to_dry,0.6,54,3,0.6944444444444445
wearable,wet_to_dry,0.6,55,3,0.15000000000000002
wearable,wet_to_dry,0.6,56,3,0.10277777777777779
wearable,wet_to_dry,0.6,57,3,0.10555555555555557
wearable,wet_to_dry,0.6,58,3,0.3944444444444444
wearable,wet_to_dry,0.6,59,3,0.06666666666666667
wearable,wet_to_dry,0.6,60,3,0.14444444444444446
wearable,wet_to_dry,0.6,61,3,0.42777777777777776
wearable,wet_to_dry,0.6,62,3,0.3833333333333333
wearable,wet_to_dry,0.6,63,3,0.05833333333333333
wearable,wet_to_dry,0.6,64,3,0.0638888888888889
wearable,wet_to_dry,0.6,65,3,0.3416666666666666
wearable,wet_to_dry,0.6,66,3,0.5166666666666667
wearable,wet_to_dry,0.6,67,3,0.044444444444444446
wearable,wet_to_dry,0.6,68,3,0.5333333333333333
wearable,wet_to_dry,0.6,69,3,0.7416666666666666
wearable,wet_to_dry,0.6,70,3,0.23333333333333336
wearable,wet_to_dry,0.6,71,3,0.11944444444444446
wearable,wet_to_dry,0.6,72,3,0.2388888888888889
wearable,wet_to_dry,0.6,73,3,0.14722222222222225
wearable,wet_to_dry,0.6,74,3,0.22222222222222224
wearable,wet_to_dry,0.6,75,3,0.16944444444444448
wearable,wet_to_dry,0.6,76,3,0.16388888888888895
wearable,wet_to_dry,0.6,77,3,0.3
wearable,wet_to_dry,0.6,78,3,0.09166666666666667
wearable,wet_to_dry,0.6,79,3,0.625
wearable,wet_to_dry,0.6,80,3,0.23333333333333336
wearable,wet_to_dry,0.6,81,3,0.09722222222222222
wearable,wet_to_dry,0.6,82,3,0.4138888888888889
wearable,wet_to_dry,0.6,83,3,0.3611111111111111
wearable,wet_to_dry,0.6,84,3,0.5944444444444444
wearable,wet_to_dry,0.6,85,3,0.1888888888888889
wearable,wet_to_dry,0.6,86,3,0.061111111111111116
wearable,wet_to_dry,0.6,87,3,0.6416666666666667
wearable,wet_to_dry,0.6,88,3,0.2916666666666667
wearable,wet_to_dry,0.6,89,3,0.18055555555555558
wearable,wet_to_dry,0.6,90,3,0.21944444444444447
wearable,wet_to_dry,0.6,91,3,0.2916666666666667
wearable,wet_to_dry,0.6,92,3,0.25555555555555554
wearable,wet_to_dry,0.6,93,3,0.4444444444444445
wearable,wet_to_dry,0.6,94,3,0.23888888888888893
wearable,wet_to_dry,0.6,95,3,0.26666666666666666
wearable,wet_to_dry,0.6,96,3,0.1027777777777778
wearable,wet_to_dry,0.6,97,3,0.12222222222222225
wearable,wet_to_dry,0.6,98,3,0.5916666666666667
wearable,wet_to_dry,0.6,99,3,0.5499999999999999
wearable,wet_to_dry,0.6,100,3,0.48055555555555546
wearable,wet_to_dry,0.6,101,3,0.2527777777777778
wearable,wet_to_dry,0.6,102,3,0.6527777777777778
wearable,wet_to_dry,0.8,1,3,0.09166666666666667
wearable,wet_to_dry,0.8,2,3,0.21944444444444444
wearable,wet_to_dry,0.8,3,3,0.24166666666666667
wearable,wet_to_dry,0.8,4,3,0.7972222222222222
wearable,wet_to_dry,0.8,5,3,0.29444444444444445
wearable,wet_to_dry,0.8,6,3,0.125
wearable,wet_to_dry,0.8,7,3,0.6000000000000001
wearable,wet_to_dry,0.8,8,3,0.5222222222222221
wearable,wet_to_dry,0.8,9,3,0.23333333333333336
wearable,wet_to_dry,0.8,10,3,0.05833333333333333
wearable,wet_to_dry,0.8,11,3,0.5361111111111111
wearable,wet_to_dry,0.8,12,3,0.3111111111111111
wearable,wet_to_dry,0.8,13,3,0.4583333333333333
wearable,wet_to_dry,0.8,14,3,0.1638888888888889
wearable,wet_to_dry,0.8,15,3,0.26944444444444443
wearable,wet_to_dry,0.8,16,3,0.3833333333333333
wearable,wet_to_dry,0.8,17,3,0.5805555555555555
wearable,wet_to_dry,0.8,18,3,0.6222222222222223
wearable,wet_to_dry,0.8,19,3,0.7166666666666668
wearable,wet_to_dry,0.8,20,3,0.425
wearable,wet_to_dry,0.8,21,3,0.2583333333333333
wearable,wet_to_dry,0.8,22,3,0.20000000000000004
wearable,wet_to_dry,0.8,23,3,0.36944444444444446
wearable,wet_to_dry,0.8,24,3,0.7749999999999999
wearable,wet_to_dry,0.8,25,3,0.20000000000000004
wearable,wet_to_dry,0.8,26,3,0.06944444444444446
wearable,wet_to_dry,0.8,27,3,0.0861111111111111
wearable,wet_to_dry,0.8,28,3,0.17777777777777778
wearable,wet_to_dry,0.8,29,3,0.725
wearable,wet_to_dry,0.8,30,3,0.7361111111111112
wearable,wet_to_dry,0.8,31,3,0.8166666666666668
wearable,wet_to_dry,0.8,32,3,0.3277777777777778
wearable,wet_to_dry,0.8,33,3,0.35555555555555557
wearable,wet_to_dry,0.8,34,3,0.23611111111111116
wearable,wet_to_dry,0.8,35,3,0.06111111111111111
wearable,wet_to_dry,0.8,36,3,0.34722222222222227
wearable,wet_to_dry,0.8,37,3,0.26666666666666666
wearable,wet_to_dry,0.8,38,3,0.9083333333333333
wearable,wet_to_dry,0.8,39,3,0.25833333333333336
wearable,wet_to_dry,0.8,40,3,0.15555555555555556
wearable,wet_to_dry,0.8,41,3,0.4138888888888889
wearable,wet_to_dry,0.8,42,3,0.27777777777777785
wearable,wet_to_dry,0.8,43,3,0.036111111111111115
wearable,wet_to_dry,0.8,44,3,0.075
wearable,wet_to_dry,0.8,45,3,0.11666666666666668
wearable,wet_to_dry,0.8,46,3,0.3194444444444444
wearable,wet_to_dry,0.8,47,3,0.05555555555555556
wearable,wet_to_dry,0.8,48,3,0.18888888888888888
wearable,wet_to_dry,0.8,49,3,0.16111111111111112
wearable,wet_to_dry,0.8,50,3,0.5
wearable,wet_to_dry,0.8,51,3,0.21388888888888888
wearable,wet_to_dry,0.8,52,3,0.7416666666666667
wearable,wet_to_dry,0.8,53,3,0.7083333333333335
wearable,wet_to_dry,0.8,54,3,0.7472222222222222
wearable,wet_to_dry,0.8,55,3,0.21111111111111114
wearable,wet_to_dry,0.8,56,3,0.12222222222222223
wearable,wet_to_dry,0.8,57,3,0.13611111111111113
wearable,wet_to_dry,0.8,58,3,0.48611111111111116
wearable,wet_to_dry,0.8,59,3,0.07500000000000001
wearable,wet_to_dry,0.8,60,3,0.11388888888888889
wearable,wet_to_dry,0.8,61,3,0.47500000000000003
wearable,wet_to_dry,0.8,62,3,0.4916666666666667
wearable,wet_to_dry,0.8,63,3,0.06666666666666667
wearable,wet_to_dry,0.8,64,3,0.05277777777777778
wearable,wet_to_dry,0.8,65,3,0.3861111111111111
wearable,wet_to_dry,0.8,66,3,0.6333333333333333
wearable,wet_to_dry,0.8,67,3,0.044444444444444446
wearable,wet_to_dry,0.8,68,3,0.5833333333333334
wearable,wet_to_dry,0.8,69,3,0.8222222222222223
wearable,wet_to_dry,0.8,70,3,0.2666666666666666
wearable,wet_to_dry,0.8,71,3,0.1416666666666667
wearable,wet_to_dry,0.8,72,3,0.30833333333333335
wearable,wet_to_dry,0.8,73,3,0.15833333333333335
wearable,wet_to_dry,0.8,74,3,0.2333333333333334
wearable,wet_to_dry,0.8,75,3,0.20000000000000004
wearable,wet_to_dry,0.8,76,3,0.15555555555555556
wearable,wet_to_dry,0.8,77,3,0.3194444444444444
wearable,wet_to_dry,0.8,78,3,0.12500000000000003
wearable,wet_to_dry,0.8,79,3,0.7944444444444444
wearable,wet_to_dry,0.8,80,3,0.2666666666666667
wearable,wet_to_dry,0.8,81,3,0.09444444444444444
wearable,wet_to_dry,0.8,82,3,0.44722222222222224
wearable,wet_to_dry,0.8,83,3,0.4972222222222222
wearable,wet_to_dry,0.8,84,3,0.7166666666666667
wearable,wet_to_dry,0.8,85,3,0.17777777777777778
wearable,wet_to_dry,0.8,86,3,0.06388888888888888
wearable,wet_to_dry,0.8,87,3,0.7666666666666666
wearable,wet_to_dry,0.8,88,3,0.27777777777777773
wearable,wet_to_dry,0.8,89,3,0.23888888888888893
wearable,wet_to_dry,0.8,90,3,0.2416666666666667
wearable,wet_to_dry,0.8,91,3,0.36666666666666664
wearable,wet_to_dry,0.8,92,3,0.2972222222222222
wearable,wet_to_dry,0.8,93,3,0.5444444444444444
wearable,wet_to_dry,0.8,94,3,0.3194444444444444
wearable,wet_to_dry,0.8,95,3,0.41944444444444445
wearable,wet_to_dry,0.8,96,3,0.10277777777777779
wearable,wet_to_dry,0.8,97,3,0.15833333333333335
wearable,wet_to_dry,0.8,98,3,0.7111111111111111
wearable,wet_to_dry,0.8,99,3,0.6527777777777777
wearable,wet_to_dry,0.8,100,3,0.5916666666666667
wearable,wet_to_dry,0.8,101,3,0.3444444444444444
wearable,wet_to_dry,0.8,102,3,0.7666666666666666
wearable,wet_to_dry,1.0,1,3,0.09444444444444444
wearable,wet_to_dry,1.0,2,3,0.2138888888888889
wearable,wet_to_dry,1.0,3,3,0.2888888888888889
wearable,wet_to_dry,1.0,4,3,0.8444444444444446
wearable,wet_to_dry,1.0,5,3,0.3444444444444445
wearable,wet_to_dry,1.0,6,3,0.17500000000000002
wearable,wet_to_dry,1.0,7,3,0.7444444444444445
wearable,wet_to_dry,1.0,8,3,0.6083333333333333
wearable,wet_to_dry,1.0,9,3,0.29444444444444445
wearable,wet_to_dry,1.0,10,3,0.05555555555555556
wearable,wet_to_dry,1.0,11,3,0.5916666666666667
wearable,wet_to_dry,1.0,12,3,0.3194444444444445
wearable,wet_to_dry,1.0,13,3,0.5277777777777778
wearable,wet_to_dry,1.0,14,3,0.18333333333333335
wearable,wet_to_dry,1.0,15,3,0.3055555555555555
wearable,wet_to_dry,1.0,16,3,0.4333333333333334
wearable,wet_to_dry,1.0,17,3,0.6833333333333335
wearable,wet_to_dry,1.0,18,3,0.6833333333333332
wearable,wet_to_dry,1.0,19,3,0.811111111111111
wearable,wet_to_dry,1.0,20,3,0.4833333333333334
wearable,wet_to_dry,1.0,21,3,0.3111111111111111
wearable,wet_to_dry,1.0,22,3,0.19166666666666665
wearable,wet_to_dry,1.0,23,3,0.36666666666666653
wearable,wet_to_dry,1.0,24,3,0.797222222222222
wearable,wet_to_dry,1.0,25,3,0.2583333333333333
wearable,wet_to_dry,1.0,26,3,0.06944444444444443
wearable,wet_to_dry,1.0,27,3,0.09722222222222222
wearable,wet_to_dry,1.0,28,3,0.21666666666666667
wearable,wet_to_dry,1.0,29,3,0.7694444444444444
wearable,wet_to_dry,1.0,30,3,0.8250000000000001
wearable,wet_to_dry,1.0,31,3,0.8222222222222223
wearable,wet_to_dry,1.0,32,3,0.40277777777777773
wearable,wet_to_dry,1.0,33,3,0.34722222222222227
wearable,wet_to_dry,1.0,34,3,0.3277777777777778
wearable,wet_to_dry,1.0,35,3,0.09444444444444444
wearable,wet_to_dry,1.0,36,3,0.3777777777777777
wearable,wet_to_dry,1.0,37,3,0.3138888888888889
wearable,wet_to_dry,1.0,38,3,0.8972222222222223
wearable,wet_to_dry,1.0,39,3,0.30833333333333335
wearable,wet_to_dry,1.0,40,3,0.14722222222222223
wearable,wet_to_dry,1.0,41,3,0.40277777777777773
wearable,wet_to_dry,1.0,42,3,0.3055555555555555
wearable,wet_to_dry,1.0,43,3,0.05833333333333334
wearable,wet_to_dry,1.0,44,3,0.08055555555555555
wearable,wet_to_dry,1.0,45,3,0.11388888888888889
wearable,wet_to_dry,1.0,46,3,0.3416666666666666
wearable,wet_to_dry,1.0,47,3,0.05555555555555556
wearable,wet_to_dry,1.0,48,3,0.21666666666666665
wearable,wet_to_dry,1.0,49,3,0.15833333333333335
wearable,wet_to_dry,1.0,50,3,0.5583333333333335
wearable,wet_to_dry,1.0,51,3,0.26666666666666666
wearable,wet_to_dry,1.0,52,3,0.7611111111111111
wearable,wet_to_dry,1.0,53,3,0.7861111111111111
wearable,wet_to_dry,1.0,54,3,0.8222222222222221
wearable,wet_to_dry,1.0,55,3,0.29166666666666663
wearable,wet_to_dry,1.0,56,3,0.14722222222222223
wearable,wet_to_dry,1.0,57,3,0.09166666666666667
wearable,wet_to_dry,1.0,58,3,0.6138888888888889
wearable,wet_to_dry,1.0,59,3,0.09444444444444446
wearable,wet_to_dry,1.0,60,3,0.13055555555555556
wearable,wet_to_dry,1.0,61,3,0.48333333333333334
wearable,wet_to_dry,1.0,62,3,0.5111111111111111
wearable,wet_to_dry,1.0,63,3,0.06388888888888888
wearable,wet_to_dry,1.0,64,3,0.05555555555555555
wearable,wet_to_dry,1.0,65,3,0.4527777777777778
wearable,wet_to_dry,1.0,66,3,0.6722222222222222
wearable,wet_to_dry,1.0,67,3,0.052777777777777785
wearable,wet_to_dry,1.0,68,3,0.6749999999999999
wearable,wet_to_dry,1.0,69,3,0.8500000000000001
wearable,wet_to_dry,1.0,70,3,0.2972222222222223
wearable,wet_to_dry,1.0,71,3,0.13333333333333333
wearable,wet_to_dry,1.0,72,3,0.36388888888888893
wearable,wet_to_dry,1.0,73,3,0.17500000000000004
wearable,wet_to_dry,1.0,74,3,0.2166666666666667
wearable,wet_to_dry,1.0,75,3,0.19166666666666668
wearable,wet_to_dry,1.0,76,3,0.16388888888888895
wearable,wet_to_dry,1.0,77,3,0.3527777777777778
wearable,wet_to_dry,1.0,78,3,0.13888888888888892
wearable,wet_to_dry,1.0,79,3,0.8916666666666666
wearable,wet_to_dry,1.0,80,3,0.3416666666666666
wearable,wet_to_dry,1.0,81,3,0.07777777777777778
wearable,wet_to_dry,1.0,82,3,0.5638888888888888
wearable,wet_to_dry,1.0,83,3,0.5083333333333334
wearable,wet_to_dry,1.0,84,3,0.7944444444444444
wearable,wet_to_dry,1.0,85,3,0.23611111111111108
wearable,wet_to_dry,1.0,86,3,0.04722222222222222
wearable,wet_to_dry,1.0,87,3,0.8472222222222223
wearable,wet_to_dry,1.0,88,3,0.3499999999999999
wearable,wet_to_dry,1.0,89,3,0.24722222222222223
wearable,wet_to_dry,1.0,90,3,0.23611111111111108
wearable,wet_to_dry,1.0,91,3,0.41111111111111115
wearable,wet_to_dry,1.0,92,3,0.3055555555555555
wearable,wet_to_dry,1.0,93,3,0.625
wearable,wet_to_dry,1.0,94,3,0.3888888888888889
wearable,wet_to_dry,1.0,95,3,0.45
wearable,wet_to_dry,1.0,96,3,0.11388888888888889
wearable,wet_to_dry,1.0,97,3,0.15000000000000002
wearable,wet_to_dry,1.0,98,3,0.8055555555555557
wearable,wet_to_dry,1.0,99,3,0.6777777777777777
wearable,wet_to_dry,1.0,100,3,0.7138888888888889
wearable,wet_to_dry,1.0,101,3,0.3666666666666667
wearable,wet_to_dry,1.0,102,3,0.827777777777778
wearable,wet_to_dry,1.2,1,3,0.10555555555555556
wearable,wet_to_dry,1.2,2,3,0.21111111111111114
wearable,wet_to_dry,1.2,3,3,0.32499999999999996
wearable,wet_to_dry,1.2,4,3,0.9000000000000002
wearable,wet_to_dry,1.2,5,3,0.39722222222222214
wearable,wet_to_dry,1.2,6,3,0.18888888888888888
wearable,wet_to_dry,1.2,7,3,0.7805555555555556
wearable,wet_to_dry,1.2,8,3,0.688888888888889
wearable,wet_to_dry,1.2,9,3,0.35555555555555557
wearable,wet_to_dry,1.2,10,3,0.04722222222222222
wearable,wet_to_dry,1.2,11,3,0.6499999999999999
wearable,wet_to_dry,1.2,12,3,0.39166666666666666
wearable,wet_to_dry,1.2,13,3,0.5833333333333334
wearable,wet_to_dry,1.2,14,3,0.20833333333333334
wearable,wet_to_dry,1.2,15,3,0.33888888888888896
wearable,wet_to_dry,1.2,16,3,0.4527777777777779
wearable,wet_to_dry,1.2,17,3,0.7555555555555555
wearable,wet_to_dry,1.2,18,3,0.7333333333333334
wearable,wet_to_dry,1.2,19,3,0.8583333333333334
wearable,wet_to_dry,1.2,20,3,0.5888888888888889
wearable,wet_to_dry,1.2,21,3,0.3527777777777778
wearable,wet_to_dry,1.2,22,3,0.18055555555555558
wearable,wet_to_dry,1.2,23,3,0.37222222222222223
wearable,wet_to_dry,1.2,24,3,0.8555555555555556
wearable,wet_to_dry,1.2,25,3,0.24444444444444446
wearable,wet_to_dry,1.2,26,3,0.05833333333333333
wearable,wet_to_dry,1.2,27,3,0.08611111111111112
wearable,wet_to_dry,1.2,28,3,0.225
wearable,wet_to_dry,1.2,29,3,0.8305555555555556
wearable,wet_to_dry,1.2,30,3,0.8777777777777778
wearable,wet_to_dry,1.2,31,3,0.8972222222222223
wearable,wet_to_dry,1.2,32,3,0.49444444444444446
wearable,wet_to_dry,1.2,33,3,0.45555555555555566
wearable,wet_to_dry,1.2,34,3,0.4055555555555555
wearable,wet_to_dry,1.2,35,3,0.1277777777777778
wearable,wet_to_dry,1.2,36,3,0.4166666666666666
wearable,wet_to_dry,1.2,37,3,0.3527777777777778
wearable,wet_to_dry,1.2,38,3,0.9333333333333335
wearable,wet_to_dry,1.2,39,3,0.325
wearable,wet_to_dry,1.2,40,3,0.17222222222222225
wearable,wet_to_dry,1.2,41,3,0.4833333333333334
wearable,wet_to_dry,1.2,42,3,0.375
wearable,wet_to_dry,1.2,43,3,0.05555555555555555
wearable,wet_to_dry,1.2,44,3,0.10000000000000002
wearable,wet_to_dry,1.2,45,3,0.13055555555555556
wearable,wet_to_dry,1.2,46,3,0.4305555555555556
wearable,wet_to_dry,1.2,47,3,0.05833333333333334
wearable,wet_to_dry,1.2,48,3,0.24444444444444446
wearable,wet_to_dry,1.2,49,3,0.19166666666666668
wearable,wet_to_dry,1.2,50,3,0.65
wearable,wet_to_dry,1.2,51,3,0.28611111111111115
wearable,wet_to_dry,1.2,52,3,0.7805555555555556
wearable,wet_to_dry,1.2,53,3,0.7972222222222224
wearable,wet_to_dry,1.2,54,3,0.8833333333333333
wearable,wet_to_dry,1.2,55,3,0.2916666666666667
wearable,wet_to_dry,1.2,56,3,0.16111111111111112
wearable,wet_to_dry,1.2,57,3,0.14444444444444446
wearable,wet_to_dry,1.2,58,3,0.625
wearable,wet_to_dry,1.2,59,3,0.10277777777777779
wearable,wet_to_dry,1.2,60,3,0.13055555555555556
wearable,wet_to_dry,1.2,61,3,0.5222222222222221
wearable,wet_to_dry,1.2,62,3,0.5583333333333332
wearable,wet_to_dry,1.2,63,3,0.04722222222222222
wearable,wet_to_dry,1.2,64,3,0.06944444444444443
wearable,wet_to_dry,1.2,65,3,0.5305555555555556
wearable,wet_to_dry,1.2,66,3,0.6972222222222223
wearable,wet_to_dry,1.2,67,3,0.03888888888888889
wearable,wet_to_dry,1.2,68,3,0.7250000000000001
wearable,wet_to_dry,1.2,69,3,0.8527777777777779
wearable,wet_to_dry,1.2,70,3,0.3333333333333333
wearable,wet_to_dry,1.2,71,3,0.15000000000000002
wearable,wet_to_dry,1.2,72,3,0.3833333333333333
wearable,wet_to_dry,1.2,73,3,0.21944444444444447
wearable,wet_to_dry,1.2,74,3,0.24444444444444446
wearable,wet_to_dry,1.2,75,3,0.21944444444444444
wearable,wet_to_dry,1.2,76,3,0.1638888888888889
wearable,wet_to_dry,1.2,77,3,0.3972222222222222
wearable,wet_to_dry,1.2,78,3,0.13333333333333333
wearable,wet_to_dry,1.2,79,3,0.9277777777777777
wearable,wet_to_dry,1.2,80,3,0.37222222222222223
wearable,wet_to_dry,1.2,81,3,0.08333333333333333
wearable,wet_to_dry,1.2,82,3,0.6
wearable,wet_to_dry,1.2,83,3,0.5333333333333333
wearable,wet_to_dry,1.2,84,3,0.8222222222222223
wearable,wet_to_dry,1.2,85,3,0.23611111111111116
wearable,wet_to_dry,1.2,86,3,0.06666666666666667
wearable,wet_to_dry,1.2,87,3,0.8861111111111111
wearable,wet_to_dry,1.2,88,3,0.38888888888888884
wearable,wet_to_dry,1.2,89,3,0.2638888888888889
wearable,wet_to_dry,1.2,90,3,0.3333333333333333
wearable,wet_to_dry,1.2,91,3,0.44166666666666665
wearable,wet_to_dry,1.2,92,3,0.3194444444444444
wearable,wet_to_dry,1.2,93,3,0.6694444444444444
wearable,wet_to_dry,1.2,94,3,0.45
wearable,wet_to_dry,1.2,95,3,0.48055555555555557
wearable,wet_to_dry,1.2,96,3,0.11666666666666665
wearable,wet_to_dry,1.2,97,3,0.16111111111111112
wearable,wet_to_dry,1.2,98,3,0.8166666666666668
wearable,wet_to_dry,1.2,99,3,0.7222222222222223
wearable,wet_to_dry,1.2,100,3,0.725
wearable,wet_to_dry,1.2,101,3,0.4222222222222222
wearable,wet_to_dry,1.2,102,3,0.8638888888888889
wearable,wet_to_dry,1.5,1,3,0.1111111111111111
wearable,wet_to_dry,1.5,2,3,0.24444444444444446
wearable,wet_to_dry,1.5,3,3,0.39999999999999997
wearable,wet_to_dry,1.5,4,3,0.9083333333333335
wearable,wet_to_dry,1.5,5,3,0.4472222222222222
wearable,wet_to_dry,1.5,6,3,0.17777777777777778
wearable,wet_to_dry,1.5,7,3,0.7888888888888889
wearable,wet_to_dry,1.5,8,3,0.75
wearable,wet_to_dry,1.5,9,3,0.3805555555555556
wearable,wet_to_dry,1.5,10,3,0.049999999999999996
wearable,wet_to_dry,1.5,11,3,0.6972222222222223
wearable,wet_to_dry,1.5,12,3,0.4666666666666666
wearable,wet_to_dry,1.5,13,3,0.7000000000000001
wearable,wet_to_dry,1.5,14,3,0.24166666666666667
wearable,wet_to_dry,1.5,15,3,0.3361111111111111
wearable,wet_to_dry,1.5,16,3,0.5222222222222223
wearable,wet_to_dry,1.5,17,3,0.7666666666666667
wearable,wet_to_dry,1.5,18,3,0.7888888888888889
wearable,wet_to_dry,1.5,19,3,0.8833333333333334
wearable,wet_to_dry,1.5,20,3,0.5888888888888889
wearable,wet_to_dry,1.5,21,3,0.4194444444444445
wearable,wet_to_dry,1.5,22,3,0.1638888888888889
wearable,wet_to_dry,1.5,23,3,0.41944444444444445
wearable,wet_to_dry,1.5,24,3,0.888888888888889
wearable,wet_to_dry,1.5,25,3,0.26388888888888895
wearable,wet_to_dry,1.5,26,3,0.05833333333333333
wearable,wet_to_dry,1.5,27,3,0.07777777777777779
wearable,wet_to_dry,1.5,28,3,0.25
wearable,wet_to_dry,1.5,29,3,0.9222222222222224
wearable,wet_to_dry,1.5,30,3,0.9
wearable,wet_to_dry,1.5,31,3,0.9222222222222222
wearable,wet_to_dry,1.5,32,3,0.575
wearable,wet_to_dry,1.5,33,3,0.4805555555555556
wearable,wet_to_dry,1.5,34,3,0.425
wearable,wet_to_dry,1.5,35,3,0.125
wearable,wet_to_dry,1.5,36,3,0.44999999999999996
wearable,wet_to_dry,1.5,37,3,0.4555555555555555
wearable,wet_to_dry,1.5,38,3,0.9472222222222223
wearable,wet_to_dry,1.5,39,3,0.36944444444444446
wearable,wet_to_dry,1.5,40,3,0.18055555555555555
wearable,wet_to_dry,1.5,41,3,0.5555555555555557
wearable,wet_to_dry,1.5,42,3,0.43333333333333335
wearable,wet_to_dry,1.5,43,3,0.036111111111111115
wearable,wet_to_dry,1.5,44,3,0.1027777777777778
wearable,wet_to_dry,1.5,45,3,0.13333333333333333
wearable,wet_to_dry,1.5,46,3,0.4583333333333334
wearable,wet_to_dry,1.5,47,3,0.07777777777777778
wearable,wet_to_dry,1.5,48,3,0.2527777777777778
wearable,wet_to_dry,1.5,49,3,0.20555555555555557
wearable,wet_to_dry,1.5,50,3,0.6944444444444445
wearable,wet_to_dry,1.5,51,3,0.28611111111111115
wearable,wet_to_dry,1.5,52,3,0.8250000000000001
wearable,wet_to_dry,1.5,53,3,0.7722222222222221
wearable,wet_to_dry,1.5,54,3,0.9333333333333335
wearable,wet_to_dry,1.5,55,3,0.33888888888888885
wearable,wet_to_dry,1.5,56,3,0.1527777777777778
wearable,wet_to_dry,1.5,57,3,0.1416666666666667
wearable,wet_to_dry,1.5,58,3,0.6666666666666666
wearable,wet_to_dry,1.5,59,3,0.11944444444444445
wearable,wet_to_dry,1.5,60,3,0.11388888888888889
wearable,wet_to_dry,1.5,61,3,0.49999999999999994
wearable,wet_to_dry,1.5,62,3,0.5944444444444444
wearable,wet_to_dry,1.5,63,3,0.025000000000000005
wearable,wet_to_dry,1.5,64,3,0.0638888888888889
wearable,wet_to_dry,1.5,65,3,0.5416666666666666
wearable,wet_to_dry,1.5,66,3,0.7361111111111112
wearable,wet_to_dry,1.5,67,3,0.044444444444444446
wearable,wet_to_dry,1.5,68,3,0.7972222222222222
wearable,wet_to_dry,1.5,69,3,0.8500000000000002
wearable,wet_to_dry,1.5,70,3,0.31944444444444436
wearable,wet_to_dry,1.5,71,3,0.16666666666666666
wearable,wet_to_dry,1.5,72,3,0.44999999999999996
wearable,wet_to_dry,1.5,73,3,0.19166666666666668
wearable,wet_to_dry,1.5,74,3,0.22777777777777777
wearable,wet_to_dry,1.5,75,3,0.19999999999999998
wearable,wet_to_dry,1.5,76,3,0.1527777777777778
wearable,wet_to_dry,1.5,77,3,0.425
wearable,wet_to_dry,1.5,78,3,0.15
wearable,wet_to_dry,1.5,79,3,0.9527777777777778
wearable,wet_to_dry,1.5,80,3,0.43611111111111106
wearable,wet_to_dry,1.5,81,3,0.11111111111111112
wearable,wet_to_dry,1.5,82,3,0.6583333333333333
wearable,wet_to_dry,1.5,83,3,0.5472222222222222
wearable,wet_to_dry,1.5,84,3,0.8666666666666667
wearable,wet_to_dry,1.5,85,3,0.2777777777777778
wearable,wet_to_dry,1.5,86,3,0.03888888888888889
wearable,wet_to_dry,1.5,87,3,0.9194444444444444
wearable,wet_to_dry,1.5,88,3,0.47222222222222215
wearable,wet_to_dry,1.5,89,3,0.3138888888888889
wearable,wet_to_dry,1.5,90,3,0.39166666666666666
wearable,wet_to_dry,1.5,91,3,0.5083333333333333
wearable,wet_to_dry,1.5,92,3,0.34722222222222215
wearable,wet_to_dry,1.5,93,3,0.7138888888888889
wearable,wet_to_dry,1.5,94,3,0.5222222222222223
wearable,wet_to_dry,1.5,95,3,0.47222222222222227
wearable,wet_to_dry,1.5,96,3,0.11666666666666668
wearable,wet_to_dry,1.5,97,3,0.2027777777777778
wearable,wet_to_dry,1.5,98,3,0.85
wearable,wet_to_dry,1.5,99,3,0.7611111111111111
wearable,wet_to_dry,1.5,100,3,0.7861111111111111
wearable,wet_to_dry,1.5,101,3,0.4527777777777777
wearable,wet_to_dry,1.5,102,3,0.8944444444444445
wearable,wet_to_dry,2.0,1,3,0.08055555555555556
wearable,wet_to_dry,2.0,2,3,0.2833333333333334
wearable,wet_to_dry,2.0,3,3,0.47222222222222215
wearable,wet_to_dry,2.0,4,3,0.9250000000000002
wearable,wet_to_dry,2.0,5,3,0.4722222222222223
wearable,wet_to_dry,2.0,6,3,0.225
wearable,wet_to_dry,2.0,7,3,0.8333333333333334
wearable,wet_to_dry,2.0,8,3,0.813888888888889
wearable,wet_to_dry,2.0,9,3,0.4361111111111111
wearable,wet_to_dry,2.0,10,3,0.03888888888888889
wearable,wet_to_dry,2.0,11,3,0.7527777777777778
wearable,wet_to_dry,2.0,12,3,0.5555555555555555
wearable,wet_to_dry,2.0,13,3,0.7250000000000001
wearable,wet_to_dry,2.0,14,3,0.21944444444444444
wearable,wet_to_dry,2.0,15,3,0.37222222222222223
wearable,wet_to_dry,2.0,16,3,0.5722222222222223
wearable,wet_to_dry,2.0,17,3,0.8416666666666668
wearable,wet_to_dry,2.0,18,3,0.838888888888889
wearable,wet_to_dry,2.0,19,3,0.9027777777777778
wearable,wet_to_dry,2.0,20,3,0.6888888888888888
wearable,wet_to_dry,2.0,21,3,0.3916666666666666
wearable,wet_to_dry,2.0,22,3,0.1777777777777778
wearable,wet_to_dry,2.0,23,3,0.43888888888888883
wearable,wet_to_dry,2.0,24,3,0.9222222222222224
wearable,wet_to_dry,2.0,25,3,0.29444444444444445
wearable,wet_to_dry,2.0,26,3,0.049999999999999996
wearable,wet_to_dry,2.0,27,3,0.07777777777777778
wearable,wet_to_dry,2.0,28,3,0.27777777777777785
wearable,wet_to_dry,2.0,29,3,0.9416666666666668
wearable,wet_to_dry,2.0,30,3,0.9333333333333335
wearable,wet_to_dry,2.0,31,3,0.8916666666666666
wearable,wet_to_dry,2.0,32,3,0.6138888888888889
wearable,wet_to_dry,2.0,33,3,0.4666666666666666
wearable,wet_to_dry,2.0,34,3,0.4777777777777777
wearable,wet_to_dry,2.0,35,3,0.14722222222222225
wearable,wet_to_dry,2.0,36,3,0.4555555555555555
wearable,wet_to_dry,2.0,37,3,0.4361111111111111
wearable,wet_to_dry,2.0,38,3,0.9500000000000002
wearable,wet_to_dry,2.0,39,3,0.4305555555555555
wearable,wet_to_dry,2.0,40,3,0.15555555555555556
wearable,wet_to_dry,2.0,41,3,0.6333333333333332
wearable,wet_to_dry,2.0,42,3,0.46388888888888885
wearable,wet_to_dry,2.0,43,3,0.027777777777777776
wearable,wet_to_dry,2.0,44,3,0.125
wearable,wet_to_dry,2.0,45,3,0.17777777777777778
wearable,wet_to_dry,2.0,46,3,0.5611111111111111
wearable,wet_to_dry,2.0,47,3,0.03333333333333333
wearable,wet_to_dry,2.0,48,3,0.24444444444444446
wearable,wet_to_dry,2.0,49,3,0.2888888888888889
wearable,wet_to_dry,2.0,50,3,0.7472222222222222
wearable,wet_to_dry,2.0,51,3,0.3027777777777778
wearable,wet_to_dry,2.0,52,3,0.8638888888888889
wearable,wet_to_dry,2.0,53,3,0.8555555555555556
wearable,wet_to_dry,2.0,54,3,0.9555555555555557
wearable,wet_to_dry,2.0,55,3,0.3611111111111111
wearable,wet_to_dry,2.0,56,3,0.16666666666666666
wearable,wet_to_dry,2.0,57,3,0.17222222222222225
wearable,wet_to_dry,2.0,58,3,0.6805555555555555
wearable,wet_to_dry,2.0,59,3,0.10555555555555556
wearable,wet_to_dry,2.0,60,3,0.1388888888888889
wearable,wet_to_dry,2.0,61,3,0.4888888888888889
wearable,wet_to_dry,2.0,62,3,0.6944444444444445
wearable,wet_to_dry,2.0,63,3,0.03333333333333333
wearable,wet_to_dry,2.0,64,3,0.05555555555555555
wearable,wet_to_dry,2.0,65,3,0.5444444444444444
wearable,wet_to_dry,2.0,66,3,0.7888888888888889
wearable,wet_to_dry,2.0,67,3,0.022222222222222227
wearable,wet_to_dry,2.0,68,3,0.8277777777777778
wearable,wet_to_dry,2.0,69,3,0.8583333333333334
wearable,wet_to_dry,2.0,70,3,0.37222222222222223
wearable,wet_to_dry,2.0,71,3,0.13888888888888892
wearable,wet_to_dry,2.0,72,3,0.5027777777777778
wearable,wet_to_dry,2.0,73,3,0.22222222222222224
wearable,wet_to_dry,2.0,74,3,0.27777777777777785
wearable,wet_to_dry,2.0,75,3,0.19166666666666665
wearable,wet_to_dry,2.0,76,3,0.19444444444444445
wearable,wet_to_dry,2.0,77,3,0.4583333333333333
wearable,wet_to_dry,2.0,78,3,0.18888888888888888
wearable,wet_to_dry,2.0,79,3,0.9805555555555556
wearable,wet_to_dry,2.0,80,3,0.5111111111111111
wearable,wet_to_dry,2.0,81,3,0.09444444444444446
wearable,wet_to_dry,2.0,82,3,0.7250000000000001
wearable,wet_to_dry,2.0,83,3,0.6055555555555555
wearable,wet_to_dry,2.0,84,3,0.9222222222222224
wearable,wet_to_dry,2.0,85,3,0.2750000000000001
wearable,wet_to_dry,2.0,86,3,0.030555555555555555
wearable,wet_to_dry,2.0,87,3,0.9583333333333334
wearable,wet_to_dry,2.0,88,3,0.5166666666666666
wearable,wet_to_dry,2.0,89,3,0.36388888888888893
wearable,wet_to_dry,2.0,90,3,0.46388888888888885
wearable,wet_to_dry,2.0,91,3,0.5027777777777778
wearable,wet_to_dry,2.0,92,3,0.3916666666666666
wearable,wet_to_dry,2.0,93,3,0.7305555555555556
wearable,wet_to_dry,2.0,94,3,0.4666666666666666
wearable,wet_to_dry,2.0,95,3,0.5472222222222222
wearable,wet_to_dry,2.0,96,3,0.12222222222222223
wearable,wet_to_dry,2.0,97,3,0.26666666666666666
wearable,wet_to_dry,2.0,98,3,0.8888888888888888
wearable,wet_to_dry,2.0,99,3,0.8000000000000002
wearable,wet_to_dry,2.0,100,3,0.8000000000000002
wearable,wet_to_dry,2.0,101,3,0.49166666666666664
wearable,wet_to_dry,2.0,102,3,0.9333333333333335
wearable,wet_to_wet,0.4,1,3,0.3166666666666667
wearable,wet_to_wet,0.4,2,3,0.45555555555555555
wearable,wet_to_wet,0.4,3,3,0.48333333333333334
wearable,wet_to_wet,0.4,4,3,0.6833333333333332
wearable,wet_to_wet,0.4,5,3,0.2972222222222222
wearable,wet_to_wet,0.4,6,3,0.18611111111111112
wearable,wet_to_wet,0.4,7,3,0.5694444444444445
wearable,wet_to_wet,0.4,8,3,0.5416666666666666
wearable,wet_to_wet,0.4,9,3,0.375
wearable,wet_to_wet,0.4,10,3,0.413888888888889
wearable,wet_to_wet,0.4,11,3,0.3916666666666666
wearable,wet_to_wet,0.4,12,3,0.7305555555555555
wearable,wet_to_wet,0.4,13,3,0.2611111111111111
wearable,wet_to_wet,0.4,14,3,0.4222222222222222
wearable,wet_to_wet,0.4,15,3,0.3111111111111111
wearable,wet_to_wet,0.4,16,3,0.23611111111111113
wearable,wet_to_wet,0.4,17,3,0.5916666666666667
wearable,wet_to_wet,0.4,18,3,0.40277777777777785
wearable,wet_to_wet,0.4,19,3,0.611111111111111
wearable,wet_to_wet,0.4,20,3,0.5166666666666667
wearable,wet_to_wet,0.4,21,3,0.3583333333333334
wearable,wet_to_wet,0.4,22,3,0.2611111111111111
wearable,wet_to_wet,0.4,23,3,0.6666666666666666
wearable,wet_to_wet,0.4,24,3,0.4361111111111111
wearable,wet_to_wet,0.4,25,3,0.2305555555555556
wearable,wet_to_wet,0.4,26,3,0.7944444444444446
wearable,wet_to_wet,0.4,27,3,0.2305555555555556
wearable,wet_to_wet,0.4,28,3,0.3555555555555556
wearable,wet_to_wet,0.4,29,3,0.6388888888888888
wearable,wet_to_wet,0.4,30,3,0.6611111111111111
wearable,wet_to_wet,0.4,31,3,0.5555555555555556
wearable,wet_to_wet,0.4,32,3,0.5750000000000001
wearable,wet_to_wet,0.4,33,3,0.3361111111111111
wearable,wet_to_wet,0.4,34,3,0.4166666666666666
wearable,wet_to_wet,0.4,35,3,0.24444444444444444
wearable,wet_to_wet,0.4,36,3,0.3416666666666666
wearable,wet_to_wet,0.4,37,3,0.225
wearable,wet_to_wet,0.4,38,3,0.8722222222222222
wearable,wet_to_wet,0.4,39,3,0.5333333333333333
wearable,wet_to_wet,0.4,40,3,0.7055555555555556
wearable,wet_to_wet,0.4,41,3,0.4305555555555556
wearable,wet_to_wet,0.4,42,3,0.275
wearable,wet_to_wet,0.4,43,3,0.38888888888888884
wearable,wet_to_wet,0.4,44,3,0.17777777777777778
wearable,wet_to_wet,0.4,45,3,0.18611111111111112
wearable,wet_to_wet,0.4,46,3,0.22222222222222224
wearable,wet_to_wet,0.4,47,3,0.17500000000000002
wearable,wet_to_wet,0.4,48,3,0.5805555555555556
wearable,wet_to_wet,0.4,49,3,0.16944444444444443
wearable,wet_to_wet,0.4,50,3,0.4222222222222222
wearable,wet_to_wet,0.4,51,3,0.4750000000000001
wearable,wet_to_wet,0.4,52,3,0.6749999999999999
wearable,wet_to_wet,0.4,53,3,0.6694444444444444
wearable,wet_to_wet,0.4,54,3,0.5527777777777777
wearable,wet_to_wet,0.4,55,3,0.29444444444444445
wearable,wet_to_wet,0.4,56,3,0.8333333333333334
wearable,wet_to_wet,0.4,57,3,0.32499999999999996
wearable,wet_to_wet,0.4,58,3,0.6277777777777778
wearable,wet_to_wet,0.4,59,3,0.12777777777777777
wearable,wet_to_wet,0.4,60,3,0.4472222222222222
wearable,wet_to_wet,0.4,61,3,0.49444444444444446
wearable,wet_to_wet,0.4,62,3,0.4166666666666667
wearable,wet_to_wet,0.4,63,3,0.6444444444444445
wearable,wet_to_wet,0.4,64,3,0.3944444444444444
wearable,wet_to_wet,0.4,65,3,0.36944444444444446
wearable,wet_to_wet,0.4,66,3,0.7999999999999999
wearable,wet_to_wet,0.4,67,3,0.29444444444444445
wearable,wet_to_wet,0.4,68,3,0.6305555555555555
wearable,wet_to_wet,0.4,69,3,0.9305555555555557
wearable,wet_to_wet,0.4,70,3,0.34722222222222215
wearable,wet_to_wet,0.4,71,3,0.22777777777777777
wearable,wet_to_wet,0.4,72,3,0.4527777777777778
wearable,wet_to_wet,0.4,73,3,0.2916666666666667
wearable,wet_to_wet,0.4,74,3,0.40277777777777773
wearable,wet_to_wet,0.4,75,3,0.26944444444444443
wearable,wet_to_wet,0.4,76,3,0.12222222222222223
wearable,wet_to_wet,0.4,77,3,0.3805555555555556
wearable,wet_to_wet,0.4,78,3,0.2027777777777778
wearable,wet_to_wet,0.4,79,3,0.25833333333333336
wearable,wet_to_wet,0.4,80,3,0.7361111111111112
wearable,wet_to_wet,0.4,81,3,0.7611111111111111
wearable,wet_to_wet,0.4,82,3,0.5416666666666666
wearable,wet_to_wet,0.4,83,3,0.33888888888888885
wearable,wet_to_wet,0.4,84,3,0.8111111111111112
wearable,wet_to_wet,0.4,85,3,0.3805555555555555
wearable,wet_to_wet,0.4,86,3,0.6666666666666666
wearable,wet_to_wet,0.4,87,3,0.7000000000000001
wearable,wet_to_wet,0.4,88,3,0.561111111111111
wearable,wet_to_wet,0.4,89,3,0.625
wearable,wet_to_wet,0.4,90,3,0.28055555555555556
wearable,wet_to_wet,0.4,91,3,0.4222222222222222
wearable,wet_to_wet,0.4,92,3,0.7000000000000001
wearable,wet_to_wet,0.4,93,3,0.6305555555555555
wearable,wet_to_wet,0.4,94,3,0.375
wearable,wet_to_wet,0.4,95,3,0.25277777777777777
wearable,wet_to_wet,0.4,96,3,0.2916666666666667
wearable,wet_to_wet,0.4,97,3,0.15833333333333335
wearable,wet_to_wet,0.4,98,3,0.7138888888888889
wearable,wet_to_wet,0.4,99,3,0.5861111111111111
wearable,wet_to_wet,0.4,100,3,0.47222222222222215
wearable,wet_to_wet,0.4,101,3,0.43888888888888883
wearable,wet_to_wet,0.4,102,3,0.4305555555555556
wearable,wet_to_wet,0.6,1,3,0.35833333333333334
wearable,wet_to_wet,0.6,2,3,0.5972222222222222
wearable,wet_to_wet,0.6,3,3,0.6027777777777779
wearable,wet_to_wet,0.6,4,3,0.8527777777777779
wearable,wet_to_wet,0.6,5,3,0.4083333333333334
wearable,wet_to_wet,0.6,6,3,0.24722222222222223
wearable,wet_to_wet,0.6,7,3,0.7194444444444444
wearable,wet_to_wet,0.6,8,3,0.6750000000000002
wearable,wet_to_wet,0.6,9,3,0.5111111111111111
wearable,wet_to_wet,0.6,10,3,0.5472222222222222
wearable,wet_to_wet,0.6,11,3,0.5194444444444445
wearable,wet_to_wet,0.6,12,3,0.888888888888889
wearable,wet_to_wet,0.6,13,3,0.38055555555555554
wearable,wet_to_wet,0.6,14,3,0.611111111111111
wearable,wet_to_wet,0.6,15,3,0.4361111111111111
wearable,wet_to_wet,0.6,16,3,0.33055555555555555
wearable,wet_to_wet,0.6,17,3,0.6916666666666668
wearable,wet_to_wet,0.6,18,3,0.5555555555555555
wearable,wet_to_wet,0.6,19,3,0.7944444444444444
wearable,wet_to_wet,0.6,20,3,0.5972222222222223
wearable,wet_to_wet,0.6,21,3,0.4777777777777777
wearable,wet_to_wet,0.6,22,3,0.325
wearable,wet_to_wet,0.6,23,3,0.7722222222222223
wearable,wet_to_wet,0.6,24,3,0.5444444444444444
wearable,wet_to_wet,0.6,25,3,0.17500000000000002
wearable,wet_to_wet,0.6,26,3,0.8805555555555555
wearable,wet_to_wet,0.6,27,3,0.32222222222222224
wearable,wet_to_wet,0.6,28,3,0.5888888888888889
wearable,wet_to_wet,0.6,29,3,0.8388888888888889
wearable,wet_to_wet,0.6,30,3,0.8555555555555556
wearable,wet_to_wet,0.6,31,3,0.7416666666666667
wearable,wet_to_wet,0.6,32,3,0.7277777777777779
wearable,wet_to_wet,0.6,33,3,0.39166666666666666
wearable,wet_to_wet,0.6,34,3,0.5583333333333333
wearable,wet_to_wet,0.6,35,3,0.3277777777777778
wearable,wet_to_wet,0.6,36,3,0.49722222222222223
wearable,wet_to_wet,0.6,37,3,0.19999999999999998
wearable,wet_to_wet,0.6,38,3,0.9833333333333334
wearable,wet_to_wet,0.6,39,3,0.6833333333333332
wearable,wet_to_wet,0.6,40,3,0.8472222222222223
wearable,wet_to_wet,0.6,41,3,0.4888888888888889
wearable,wet_to_wet,0.6,42,3,0.34166666666666673
wearable,wet_to_wet,0.6,43,3,0.5527777777777777
wearable,wet_to_wet,0.6,44,3,0.2805555555555556
wearable,wet_to_wet,0.6,45,3,0.3277777777777778
wearable,wet_to_wet,0.6,46,3,0.3194444444444444
wearable,wet_to_wet,0.6,47,3,0.19722222222222227
wearable,wet_to_wet,0.6,48,3,0.7555555555555555
wearable,wet_to_wet,0.6,49,3,0.2416666666666667
wearable,wet_to_wet,0.6,50,3,0.49444444444444446
wearable,wet_to_wet,0.6,51,3,0.5972222222222223
wearable,wet_to_wet,0.6,52,3,0.852777777777778
wearable,wet_to_wet,0.6,53,3,0.7833333333333333
wearable,wet_to_wet,0.6,54,3,0.7611111111111111
wearable,wet_to_wet,0.6,55,3,0.3972222222222222
wearable,wet_to_wet,0.6,56,3,0.9138888888888889
wearable,wet_to_wet,0.6,57,3,0.43333333333333335
wearable,wet_to_wet,0.6,58,3,0.7305555555555556
wearable,wet_to_wet,0.6,59,3,0.1638888888888889
wearable,wet_to_wet,0.6,60,3,0.575
wearable,wet_to_wet,0.6,61,3,0.5722222222222223
wearable,wet_to_wet,0.6,62,3,0.5666666666666668
wearable,wet_to_wet,0.6,63,3,0.7777777777777778
wearable,wet_to_wet,0.6,64,3,0.49722222222222223
wearable,wet_to_wet,0.6,65,3,0.4972222222222222
wearable,wet_to_wet,0.6,66,3,0.8805555555555555
wearable,wet_to_wet,0.6,67,3,0.4388888888888889
wearable,wet_to_wet,0.6,68,3,0.8250000000000001
wearable,wet_to_wet,0.6,69,3,0.9916666666666667
wearable,wet_to_wet,0.6,70,3,0.36388888888888893
wearable,wet_to_wet,0.6,71,3,0.2805555555555555
wearable,wet_to_wet,0.6,72,3,0.5749999999999998
wearable,wet_to_wet,0.6,73,3,0.3666666666666667
wearable,wet_to_wet,0.6,74,3,0.4916666666666667
wearable,wet_to_wet,0.6,75,3,0.40833333333333327
wearable,wet_to_wet,0.6,76,3,0.1361111111111111
wearable,wet_to_wet,0.6,77,3,0.45
wearable,wet_to_wet,0.6,78,3,0.18333333333333335
wearable,wet_to_wet,0.6,79,3,0.3444444444444444
wearable,wet_to_wet,0.6,80,3,0.8555555555555556
wearable,wet_to_wet,0.6,81,3,0.8444444444444446
wearable,wet_to_wet,0.6,82,3,0.6277777777777778
wearable,wet_to_wet,0.6,83,3,0.5055555555555555
wearable,wet_to_wet,0.6,84,3,0.9166666666666666
wearable,wet_to_wet,0.6,85,3,0.6277777777777778
wearable,wet_to_wet,0.6,86,3,0.8222222222222224
wearable,wet_to_wet,0.6,87,3,0.9055555555555556
wearable,wet_to_wet,0.6,88,3,0.7027777777777778
wearable,wet_to_wet,0.6,89,3,0.7444444444444445
wearable,wet_to_wet,0.6,90,3,0.35833333333333334
wearable,wet_to_wet,0.6,91,3,0.6305555555555555
wearable,wet_to_wet,0.6,92,3,0.8527777777777779
wearable,wet_to_wet,0.6,93,3,0.7722222222222221
wearable,wet_to_wet,0.6,94,3,0.44999999999999996
wearable,wet_to_wet,0.6,95,3,0.27222222222222225
wearable,wet_to_wet,0.6,96,3,0.3666666666666667
wearable,wet_to_wet,0.6,97,3,0.21111111111111114
wearable,wet_to_wet,0.6,98,3,0.8194444444444443
wearable,wet_to_wet,0.6,99,3,0.7055555555555556
wearable,wet_to_wet,0.6,100,3,0.5638888888888889
wearable,wet_to_wet,0.6,101,3,0.561111111111111
wearable,wet_to_wet,0.6,102,3,0.5388888888888889
wearable,wet_to_wet,0.8,1,3,0.41944444444444445
wearable,wet_to_wet,0.8,2,3,0.7138888888888889
wearable,wet_to_wet,0.8,3,3,0.7305555555555556
wearable,wet_to_wet,0.8,4,3,0.9055555555555556
wearable,wet_to_wet,0.8,5,3,0.45
wearable,wet_to_wet,0.8,6,3,0.31666666666666665
wearable,wet_to_wet,0.8,7,3,0.8805555555555555
wearable,wet_to_wet,0.8,8,3,0.8111111111111112
wearable,wet_to_wet,0.8,9,3,0.6416666666666666
wearable,wet_to_wet,0.8,10,3,0.6222222222222222
wearable,wet_to_wet,0.8,11,3,0.6916666666666668
wearable,wet_to_wet,0.8,12,3,0.9305555555555557
wearable,wet_to_wet,0.8,13,3,0.4527777777777778
wearable,wet_to_wet,0.8,14,3,0.7277777777777779
wearable,wet_to_wet,0.8,15,3,0.5611111111111112
wearable,wet_to_wet,0.8,16,3,0.3527777777777778
wearable,wet_to_wet,0.8,17,3,0.7694444444444444
wearable,wet_to_wet,0.8,18,3,0.6333333333333333
wearable,wet_to_wet,0.8,19,3,0.8861111111111111
wearable,wet_to_wet,0.8,20,3,0.7305555555555555
wearable,wet_to_wet,0.8,21,3,0.55
wearable,wet_to_wet,0.8,22,3,0.37777777777777777
wearable,wet_to_wet,0.8,23,3,0.8611111111111112
wearable,wet_to_wet,0.8,24,3,0.6111111111111112
wearable,wet_to_wet,0.8,25,3,0.2416666666666667
wearable,wet_to_wet,0.8,26,3,0.8916666666666667
wearable,wet_to_wet,0.8,27,3,0.3416666666666666
wearable,wet_to_wet,0.8,28,3,0.7611111111111111
wearable,wet_to_wet,0.8,29,3,0.9055555555555556
wearable,wet_to_wet,0.8,30,3,0.9222222222222222
wearable,wet_to_wet,0.8,31,3,0.8305555555555557
wearable,wet_to_wet,0.8,32,3,0.8361111111111111
wearable,wet_to_wet,0.8,33,3,0.4333333333333334
wearable,wet_to_wet,0.8,34,3,0.6555555555555556
wearable,wet_to_wet,0.8,35,3,0.39999999999999997
wearable,wet_to_wet,0.8,36,3,0.6111111111111112
wearable,wet_to_wet,0.8,37,3,0.2805555555555555
wearable,wet_to_wet,0.8,38,3,0.9916666666666667
wearable,wet_to_wet,0.8,39,3,0.7916666666666669
wearable,wet_to_wet,0.8,40,3,0.9138888888888889
wearable,wet_to_wet,0.8,41,3,0.5833333333333334
wearable,wet_to_wet,0.8,42,3,0.4527777777777778
wearable,wet_to_wet,0.8,43,3,0.6666666666666666
wearable,wet_to_wet,0.8,44,3,0.35000000000000003
wearable,wet_to_wet,0.8,45,3,0.37222222222222223
wearable,wet_to_wet,0.8,46,3,0.36944444444444446
wearable,wet_to_wet,0.8,47,3,0.24444444444444446
wearable,wet_to_wet,0.8,48,3,0.8555555555555556
wearable,wet_to_wet,0.8,49,3,0.3999999999999999
wearable,wet_to_wet,0.8,50,3,0.6388888888888888
wearable,wet_to_wet,0.8,51,3,0.6611111111111111
wearable,wet_to_wet,0.8,52,3,0.9166666666666669
wearable,wet_to_wet,0.8,53,3,0.813888888888889
wearable,wet_to_wet,0.8,54,3,0.8638888888888889
wearable,wet_to_wet,0.8,55,3,0.5361111111111111
wearable,wet_to_wet,0.8,56,3,0.9666666666666668
wearable,wet_to_wet,0.8,57,3,0.4916666666666667
wearable,wet_to_wet,0.8,58,3,0.813888888888889
wearable,wet_to_wet,0.8,59,3,0.25
wearable,wet_to_wet,0.8,60,3,0.6916666666666668
wearable,wet_to_wet,0.8,61,3,0.5972222222222223
wearable,wet_to_wet,0.8,62,3,0.6555555555555556
wearable,wet_to_wet,0.8,63,3,0.8611111111111112
wearable,wet_to_wet,0.8,64,3,0.46388888888888885
wearable,wet_to_wet,0.8,65,3,0.5916666666666667
wearable,wet_to_wet,0.8,66,3,0.9250000000000002
wearable,wet_to_wet,0.8,67,3,0.49444444444444446
wearable,wet_to_wet,0.8,68,3,0.9111111111111111
wearable,wet_to_wet,0.8,69,3,1.0
wearable,wet_to_wet,0.8,70,3,0.39444444444444443
wearable,wet_to_wet,0.8,71,3,0.32222222222222224
wearable,wet_to_wet,0.8,72,3,0.6555555555555556
wearable,wet_to_wet,0.8,73,3,0.4305555555555555
wearable,wet_to_wet,0.8,74,3,0.5027777777777778
wearable,wet_to_wet,0.8,75,3,0.5722222222222223
wearable,wet_to_wet,0.8,76,3,0.14722222222222223
wearable,wet_to_wet,0.8,77,3,0.49444444444444446
wearable,wet_to_wet,0.8,78,3,0.21388888888888888
wearable,wet_to_wet,0.8,79,3,0.38333333333333336
wearable,wet_to_wet,0.8,80,3,0.9555555555555557
wearable,wet_to_wet,0.8,81,3,0.9222222222222222
wearable,wet_to_wet,0.8,82,3,0.7472222222222222
wearable,wet_to_wet,0.8,83,3,0.5750000000000001
wearable,wet_to_wet,0.8,84,3,0.9583333333333334
wearable,wet_to_wet,0.8,85,3,0.7500000000000001
wearable,wet_to_wet,0.8,86,3,0.8666666666666667
wearable,wet_to_wet,0.8,87,3,0.9638888888888889
wearable,wet_to_wet,0.8,88,3,0.8083333333333332
wearable,wet_to_wet,0.8,89,3,0.8722222222222222
wearable,wet_to_wet,0.8,90,3,0.37777777777777777
wearable,wet_to_wet,0.8,91,3,0.7555555555555555
wearable,wet_to_wet,0.8,92,3,0.9277777777777779
wearable,wet_to_wet,0.8,93,3,0.8694444444444445
wearable,wet_to_wet,0.8,94,3,0.5166666666666667
wearable,wet_to_wet,0.8,95,3,0.33055555555555555
wearable,wet_to_wet,0.8,96,3,0.4777777777777778
wearable,wet_to_wet,0.8,97,3,0.2638888888888889
wearable,wet_to_wet,0.8,98,3,0.9166666666666669
wearable,wet_to_wet,0.8,99,3,0.763888888888889
wearable,wet_to_wet,0.8,100,3,0.7194444444444446
wearable,wet_to_wet,0.8,101,3,0.6666666666666666
wearable,wet_to_wet,0.8,102,3,0.5916666666666667
wearable,wet_to_wet,1.0,1,3,0.4527777777777777
wearable,wet_to_wet,1.0,2,3,0.7944444444444444
wearable,wet_to_wet,1.0,3,3,0.8222222222222224
wearable,wet_to_wet,1.0,4,3,0.963888888888889
wearable,wet_to_wet,1.0,5,3,0.5027777777777778
wearable,wet_to_wet,1.0,6,3,0.3333333333333333
wearable,wet_to_wet,1.0,7,3,0.8888888888888888
wearable,wet_to_wet,1.0,8,3,0.8222222222222223
wearable,wet_to_wet,1.0,9,3,0.7611111111111111
wearable,wet_to_wet,1.0,10,3,0.6666666666666666
wearable,wet_to_wet,1.0,11,3,0.736111111111111
wearable,wet_to_wet,1.0,12,3,0.9888888888888889
wearable,wet_to_wet,1.0,13,3,0.575
wearable,wet_to_wet,1.0,14,3,0.7722222222222221
wearable,wet_to_wet,1.0,15,3,0.5972222222222222
wearable,wet_to_wet,1.0,16,3,0.40277777777777785
wearable,wet_to_wet,1.0,17,3,0.8250000000000001
wearable,wet_to_wet,1.0,18,3,0.7305555555555556
wearable,wet_to_wet,1.0,19,3,0.9250000000000002
wearable,wet_to_wet,1.0,20,3,0.7527777777777778
wearable,wet_to_wet,1.0,21,3,0.6666666666666666
wearable,wet_to_wet,1.0,22,3,0.43333333333333335
wearable,wet_to_wet,1.0,23,3,0.8722222222222222
wearable,wet_to_wet,1.0,24,3,0.6666666666666666
wearable,wet_to_wet,1.0,25,3,0.26666666666666666
wearable,wet_to_wet,1.0,26,3,0.9388888888888891
wearable,wet_to_wet,1.0,27,3,0.36388888888888893
wearable,wet_to_wet,1.0,28,3,0.7944444444444444
wearable,wet_to_wet,1.0,29,3,0.9388888888888891
wearable,wet_to_wet,1.0,30,3,0.9555555555555556
wearable,wet_to_wet,1.0,31,3,0.8638888888888889
wearable,wet_to_wet,1.0,32,3,0.8611111111111112
wearable,wet_to_wet,1.0,33,3,0.4944444444444443
wearable,wet_to_wet,1.0,34,3,0.7277777777777777
wearable,wet_to_wet,1.0,35,3,0.4861111111111111
wearable,wet_to_wet,1.0,36,3,0.5666666666666665
wearable,wet_to_wet,1.0,37,3,0.35555555555555557
wearable,wet_to_wet,1.0,38,3,0.9972222222222222
wearable,wet_to_wet,1.0,39,3,0.8555555555555556
wearable,wet_to_wet,1.0,40,3,0.9472222222222223
wearable,wet_to_wet,1.0,41,3,0.6638888888888889
wearable,wet_to_wet,1.0,42,3,0.5361111111111111
wearable,wet_to_wet,1.0,43,3,0.7694444444444445
wearable,wet_to_wet,1.0,44,3,0.4055555555555556
wearable,wet_to_wet,1.0,45,3,0.3972222222222223
wearable,wet_to_wet,1.0,46,3,0.4222222222222222
wearable,wet_to_wet,1.0,47,3,0.28333333333333327
wearable,wet_to_wet,1.0,48,3,0.9194444444444446
wearable,wet_to_wet,1.0,49,3,0.44999999999999996
wearable,wet_to_wet,1.0,50,3,0.7333333333333334
wearable,wet_to_wet,1.0,51,3,0.7222222222222222
wearable,wet_to_wet,1.0,52,3,0.9166666666666666
wearable,wet_to_wet,1.0,53,3,0.8444444444444446
wearable,wet_to_wet,1.0,54,3,0.9277777777777779
wearable,wet_to_wet,1.0,55,3,0.5805555555555555
wearable,wet_to_wet,1.0,56,3,0.9805555555555556
wearable,wet_to_wet,1.0,57,3,0.5527777777777777
wearable,wet_to_wet,1.0,58,3,0.8444444444444446
wearable,wet_to_wet,1.0,59,3,0.2722222222222222
wearable,wet_to_wet,1.0,60,3,0.7833333333333333
wearable,wet_to_wet,1.0,61,3,0.5972222222222223
wearable,wet_to_wet,1.0,62,3,0.725
wearable,wet_to_wet,1.0,63,3,0.9194444444444444
wearable,wet_to_wet,1.0,64,3,0.5055555555555555
wearable,wet_to_wet,1.0,65,3,0.6277777777777778
wearable,wet_to_wet,1.0,66,3,0.938888888888889
wearable,wet_to_wet,1.0,67,3,0.6083333333333333
wearable,wet_to_wet,1.0,68,3,0.9444444444444445
wearable,wet_to_wet,1.0,69,3,1.0
wearable,wet_to_wet,1.0,70,3,0.4583333333333333
wearable,wet_to_wet,1.0,71,3,0.2833333333333334
wearable,wet_to_wet,1.0,72,3,0.7555555555555555
wearable,wet_to_wet,1.0,73,3,0.5972222222222222
wearable,wet_to_wet,1.0,74,3,0.5583333333333335
wearable,wet_to_wet,1.0,75,3,0.6166666666666667
wearable,wet_to_wet,1.0,76,3,0.18333333333333332
wearable,wet_to_wet,1.0,77,3,0.5083333333333333
wearable,wet_to_wet,1.0,78,3,0.20833333333333334
wearable,wet_to_wet,1.0,79,3,0.41944444444444445
wearable,wet_to_wet,1.0,80,3,0.9694444444444446
wearable,wet_to_wet,1.0,81,3,0.9527777777777778
wearable,wet_to_wet,1.0,82,3,0.8194444444444445
wearable,wet_to_wet,1.0,83,3,0.6583333333333332
wearable,wet_to_wet,1.0,84,3,0.9638888888888889
wearable,wet_to_wet,1.0,85,3,0.8583333333333334
wearable,wet_to_wet,1.0,86,3,0.9111111111111113
wearable,wet_to_wet,1.0,87,3,0.9777777777777779
wearable,wet_to_wet,1.0,88,3,0.8833333333333333
wearable,wet_to_wet,1.0,89,3,0.9083333333333333
wearable,wet_to_wet,1.0,90,3,0.42500000000000004
wearable,wet_to_wet,1.0,91,3,0.7972222222222222
wearable,wet_to_wet,1.0,92,3,0.9638888888888889
wearable,wet_to_wet,1.0,93,3,0.8861111111111111
wearable,wet_to_wet,1.0,94,3,0.5666666666666667
wearable,wet_to_wet,1.0,95,3,0.37500000000000006
wearable,wet_to_wet,1.0,96,3,0.5472222222222222
wearable,wet_to_wet,1.0,97,3,0.25833333333333336
wearable,wet_to_wet,1.0,98,3,0.9527777777777778
wearable,wet_to_wet,1.0,99,3,0.8222222222222223
wearable,wet_to_wet,1.0,100,3,0.8333333333333334
wearable,wet_to_wet,1.0,101,3,0.6638888888888889
wearable,wet_to_wet,1.0,102,3,0.6222222222222222
wearable,wet_to_wet,1.2,1,3,0.45555555555555555
wearable,wet_to_wet,1.2,2,3,0.8388888888888889
wearable,wet_to_wet,1.2,3,3,0.8944444444444445
wearable,wet_to_wet,1.2,4,3,0.9555555555555556
wearable,wet_to_wet,1.2,5,3,0.5166666666666667
wearable,wet_to_wet,1.2,6,3,0.3694444444444444
wearable,wet_to_wet,1.2,7,3,0.9277777777777779
wearable,wet_to_wet,1.2,8,3,0.888888888888889
wearable,wet_to_wet,1.2,9,3,0.7944444444444444
wearable,wet_to_wet,1.2,10,3,0.6333333333333333
wearable,wet_to_wet,1.2,11,3,0.7472222222222222
wearable,wet_to_wet,1.2,12,3,0.9777777777777779
wearable,wet_to_wet,1.2,13,3,0.6277777777777778
wearable,wet_to_wet,1.2,14,3,0.8416666666666668
wearable,wet_to_wet,1.2,15,3,0.6194444444444444
wearable,wet_to_wet,1.2,16,3,0.4777777777777777
wearable,wet_to_wet,1.2,17,3,0.8638888888888889
wearable,wet_to_wet,1.2,18,3,0.7305555555555555
wearable,wet_to_wet,1.2,19,3,0.9416666666666668
wearable,wet_to_wet,1.2,20,3,0.8083333333333335
wearable,wet_to_wet,1.2,21,3,0.7194444444444444
wearable,wet_to_wet,1.2,22,3,0.48888888888888893
wearable,wet_to_wet,1.2,23,3,0.8861111111111111
wearable,wet_to_wet,1.2,24,3,0.7000000000000001
wearable,wet_to_wet,1.2,25,3,0.28611111111111115
wearable,wet_to_wet,1.2,26,3,0.9555555555555557
wearable,wet_to_wet,1.2,27,3,0.38333333333333336
wearable,wet_to_wet,1.2,28,3,0.8611111111111112
wearable,wet_to_wet,1.2,29,3,0.9777777777777779
wearable,wet_to_wet,1.2,30,3,0.9611111111111111
wearable,wet_to_wet,1.2,31,3,0.8722222222222223
wearable,wet_to_wet,1.2,32,3,0.9
wearable,wet_to_wet,1.2,33,3,0.5638888888888889
wearable,wet_to_wet,1.2,34,3,0.7916666666666666
wearable,wet_to_wet,1.2,35,3,0.5750000000000001
wearable,wet_to_wet,1.2,36,3,0.5944444444444444
wearable,wet_to_wet,1.2,37,3,0.4083333333333334
wearable,wet_to_wet,1.2,38,3,0.9944444444444445
wearable,wet_to_wet,1.2,39,3,0.9166666666666669
wearable,wet_to_wet,1.2,40,3,0.9722222222222223
wearable,wet_to_wet,1.2,41,3,0.6916666666666668
wearable,wet_to_wet,1.2,42,3,0.6055555555555555
wearable,wet_to_wet,1.2,43,3,0.8416666666666668
wearable,wet_to_wet,1.2,44,3,0.4166666666666667
wearable,wet_to_wet,1.2,45,3,0.4749999999999999
wearable,wet_to_wet,1.2,46,3,0.44722222222222224
wearable,wet_to_wet,1.2,47,3,0.2805555555555556
wearable,wet_to_wet,1.2,48,3,0.9500000000000001
wearable,wet_to_wet,1.2,49,3,0.49722222222222223
wearable,wet_to_wet,1.2,50,3,0.7805555555555554
wearable,wet_to_wet,1.2,51,3,0.8194444444444445
wearable,wet_to_wet,1.2,52,3,0.938888888888889
wearable,wet_to_wet,1.2,53,3,0.8666666666666667
wearable,wet_to_wet,1.2,54,3,0.9694444444444446
wearable,wet_to_wet,1.2,55,3,0.6527777777777778
wearable,wet_to_wet,1.2,56,3,0.9833333333333334
wearable,wet_to_wet,1.2,57,3,0.6277777777777778
wearable,wet_to_wet,1.2,58,3,0.888888888888889
wearable,wet_to_wet,1.2,59,3,0.3055555555555556
wearable,wet_to_wet,1.2,60,3,0.8555555555555555
wearable,wet_to_wet,1.2,61,3,0.6361111111111112
wearable,wet_to_wet,1.2,62,3,0.7888888888888889
wearable,wet_to_wet,1.2,63,3,0.9583333333333334
wearable,wet_to_wet,1.2,64,3,0.5027777777777778
wearable,wet_to_wet,1.2,65,3,0.6555555555555556
wearable,wet_to_wet,1.2,66,3,0.9500000000000001
wearable,wet_to_wet,1.2,67,3,0.6722222222222222
wearable,wet_to_wet,1.2,68,3,0.9611111111111112
wearable,wet_to_wet,1.2,69,3,1.0
wearable,wet_to_wet,1.2,70,3,0.5444444444444444
wearable,wet_to_wet,1.2,71,3,0.3333333333333333
wearable,wet_to_wet,1.2,72,3,0.7805555555555556
wearable,wet_to_wet,1.2,73,3,0.6944444444444445
wearable,wet_to_wet,1.2,74,3,0.5916666666666667
wearable,wet_to_wet,1.2,75,3,0.6750000000000002
wearable,wet_to_wet,1.2,76,3,0.17222222222222225
wearable,wet_to_wet,1.2,77,3,0.5055555555555555
wearable,wet_to_wet,1.2,78,3,0.2638888888888889
wearable,wet_to_wet,1.2,79,3,0.48611111111111116
wearable,wet_to_wet,1.2,80,3,0.9888888888888889
wearable,wet_to_wet,1.2,81,3,0.9694444444444444
wearable,wet_to_wet,1.2,82,3,0.8805555555555555
wearable,wet_to_wet,1.2,83,3,0.6916666666666668
wearable,wet_to_wet,1.2,84,3,0.9777777777777779
wearable,wet_to_wet,1.2,85,3,0.8916666666666666
wearable,wet_to_wet,1.2,86,3,0.9444444444444446
wearable,wet_to_wet,1.2,87,3,0.9833333333333334
wearable,wet_to_wet,1.2,88,3,0.8861111111111111
wearable,wet_to_wet,1.2,89,3,0.9361111111111112
wearable,wet_to_wet,1.2,90,3,0.5083333333333334
wearable,wet_to_wet,1.2,91,3,0.8166666666666668
wearable,wet_to_wet,1.2,92,3,0.9722222222222222
wearable,wet_to_wet,1.2,93,3,0.9027777777777778
wearable,wet_to_wet,1.2,94,3,0.65
wearable,wet_to_wet,1.2,95,3,0.38055555555555554
wearable,wet_to_wet,1.2,96,3,0.6111111111111112
wearable,wet_to_wet,1.2,97,3,0.30833333333333335
wearable,wet_to_wet,1.2,98,3,0.9638888888888889
wearable,wet_to_wet,1.2,99,3,0.8472222222222223
wearable,wet_to_wet,1.2,100,3,0.8694444444444445
wearable,wet_to_wet,1.2,101,3,0.6861111111111112
wearable,wet_to_wet,1.2,102,3,0.6444444444444444
wearable,wet_to_wet,1.5,1,3,0.5083333333333333
wearable,wet_to_wet,1.5,2,3,0.8583333333333334
wearable,wet_to_wet,1.5,3,3,0.9305555555555557
wearable,wet_to_wet,1.5,4,3,0.9916666666666667
wearable,wet_to_wet,1.5,5,3,0.5166666666666666
wearable,wet_to_wet,1.5,6,3,0.36944444444444446
wearable,wet_to_wet,1.5,7,3,0.9555555555555557
wearable,wet_to_wet,1.5,8,3,0.9055555555555556
wearable,wet_to_wet,1.5,9,3,0.8305555555555556
wearable,wet_to_wet,1.5,10,3,0.6916666666666665
wearable,wet_to_wet,1.5,11,3,0.8000000000000002
wearable,wet_to_wet,1.5,12,3,0.9916666666666667
wearable,wet_to_wet,1.5,13,3,0.6749999999999999
wearable,wet_to_wet,1.5,14,3,0.8583333333333334
wearable,wet_to_wet,1.5,15,3,0.6527777777777778
wearable,wet_to_wet,1.5,16,3,0.48055555555555546
wearable,wet_to_wet,1.5,17,3,0.8861111111111111
wearable,wet_to_wet,1.5,18,3,0.7638888888888888
wearable,wet_to_wet,1.5,19,3,0.9777777777777779
wearable,wet_to_wet,1.5,20,3,0.8305555555555557
wearable,wet_to_wet,1.5,21,3,0.7666666666666666
wearable,wet_to_wet,1.5,22,3,0.5194444444444444
wearable,wet_to_wet,1.5,23,3,0.8861111111111111
wearable,wet_to_wet,1.5,24,3,0.7527777777777778
wearable,wet_to_wet,1.5,25,3,0.3083333333333333
wearable,wet_to_wet,1.5,26,3,0.9527777777777778
wearable,wet_to_wet,1.5,27,3,0.375
wearable,wet_to_wet,1.5,28,3,0.8361111111111111
wearable,wet_to_wet,1.5,29,3,0.9694444444444446
wearable,wet_to_wet,1.5,30,3,0.9805555555555556
wearable,wet_to_wet,1.5,31,3,0.8666666666666667
wearable,wet_to_wet,1.5,32,3,0.9416666666666668
wearable,wet_to_wet,1.5,33,3,0.5750000000000001
wearable,wet_to_wet,1.5,34,3,0.8277777777777776
wearable,wet_to_wet,1.5,35,3,0.6388888888888888
wearable,wet_to_wet,1.5,36,3,0.6166666666666666
wearable,wet_to_wet,1.5,37,3,0.4583333333333333
wearable,wet_to_wet,1.5,38,3,0.9972222222222222
wearable,wet_to_wet,1.5,39,3,0.9305555555555558
wearable,wet_to_wet,1.5,40,3,0.9750000000000001
wearable,wet_to_wet,1.5,41,3,0.7388888888888889
wearable,wet_to_wet,1.5,42,3,0.6416666666666666
wearable,wet_to_wet,1.5,43,3,0.9166666666666666
wearable,wet_to_wet,1.5,44,3,0.47500000000000003
wearable,wet_to_wet,1.5,45,3,0.5277777777777778
wearable,wet_to_wet,1.5,46,3,0.48888888888888893
wearable,wet_to_wet,1.5,47,3,0.3583333333333334
wearable,wet_to_wet,1.5,48,3,0.9805555555555556
wearable,wet_to_wet,1.5,49,3,0.5472222222222222
wearable,wet_to_wet,1.5,50,3,0.7805555555555556
wearable,wet_to_wet,1.5,51,3,0.8555555555555556
wearable,wet_to_wet,1.5,52,3,0.9527777777777778
wearable,wet_to_wet,1.5,53,3,0.8583333333333334
wearable,wet_to_wet,1.5,54,3,0.9833333333333334
wearable,wet_to_wet,1.5,55,3,0.6749999999999999
wearable,wet_to_wet,1.5,56,3,0.9861111111111112
wearable,wet_to_wet,1.5,57,3,0.6722222222222222
wearable,wet_to_wet,1.5,58,3,0.9194444444444444
wearable,wet_to_wet,1.5,59,3,0.28611111111111115
wearable,wet_to_wet,1.5,60,3,0.8666666666666667
wearable,wet_to_wet,1.5,61,3,0.6277777777777779
wearable,wet_to_wet,1.5,62,3,0.8194444444444446
wearable,wet_to_wet,1.5,63,3,0.9611111111111111
wearable,wet_to_wet,1.5,64,3,0.5
wearable,wet_to_wet,1.5,65,3,0.6444444444444445
wearable,wet_to_wet,1.5,66,3,0.9694444444444446
wearable,wet_to_wet,1.5,67,3,0.7583333333333333
wearable,wet_to_wet,1.5,68,3,0.9833333333333334
wearable,wet_to_wet,1.5,69,3,1.0
wearable,wet_to_wet,1.5,70,3,0.5638888888888889
wearable,wet_to_wet,1.5,71,3,0.32222222222222224
wearable,wet_to_wet,1.5,72,3,0.7666666666666667
wearable,wet_to_wet,1.5,73,3,0.7250000000000001
wearable,wet_to_wet,1.5,74,3,0.5666666666666665
wearable,wet_to_wet,1.5,75,3,0.7333333333333335
wearable,wet_to_wet,1.5,76,3,0.18055555555555555
wearable,wet_to_wet,1.5,77,3,0.6416666666666666
wearable,wet_to_wet,1.5,78,3,0.25555555555555554
wearable,wet_to_wet,1.5,79,3,0.5055555555555555
wearable,wet_to_wet,1.5,80,3,0.9944444444444445
wearable,wet_to_wet,1.5,81,3,0.9777777777777779
wearable,wet_to_wet,1.5,82,3,0.938888888888889
wearable,wet_to_wet,1.5,83,3,0.7416666666666667
wearable,wet_to_wet,1.5,84,3,0.9805555555555556
wearable,wet_to_wet,1.5,85,3,0.8916666666666667
wearable,wet_to_wet,1.5,86,3,0.9583333333333334
wearable,wet_to_wet,1.5,87,3,0.9805555555555556
wearable,wet_to_wet,1.5,88,3,0.9083333333333332
wearable,wet_to_wet,1.5,89,3,0.9722222222222223
wearable,wet_to_wet,1.5,90,3,0.5055555555555555
wearable,wet_to_wet,1.5,91,3,0.8694444444444445
wearable,wet_to_wet,1.5,92,3,0.9805555555555556
wearable,wet_to_wet,1.5,93,3,0.9027777777777778
wearable,wet_to_wet,1.5,94,3,0.6527777777777778
wearable,wet_to_wet,1.5,95,3,0.33888888888888885
wearable,wet_to_wet,1.5,96,3,0.5694444444444444
wearable,wet_to_wet,1.5,97,3,0.3111111111111111
wearable,wet_to_wet,1.5,98,3,0.9694444444444446
wearable,wet_to_wet,1.5,99,3,0.8694444444444445
wearable,wet_to_wet,1.5,100,3,0.9111111111111111
wearable,wet_to_wet,1.5,101,3,0.7055555555555556
wearable,wet_to_wet,1.5,102,3,0.6666666666666666
wearable,wet_to_wet,2.0,1,3,0.5305555555555556
wearable,wet_to_wet,2.0,2,3,0.8583333333333334
wearable,wet_to_wet,2.0,3,3,0.9805555555555556
wearable,wet_to_wet,2.0,4,3,0.9888888888888889
wearable,wet_to_wet,2.0,5,3,0.5333333333333333
wearable,wet_to_wet,2.0,6,3,0.4138888888888888
wearable,wet_to_wet,2.0,7,3,0.952777777777778
wearable,wet_to_wet,2.0,8,3,0.9277777777777777
wearable,wet_to_wet,2.0,9,3,0.8500000000000001
wearable,wet_to_wet,2.0,10,3,0.7222222222222223
wearable,wet_to_wet,2.0,11,3,0.8416666666666668
wearable,wet_to_wet,2.0,12,3,0.9916666666666667
wearable,wet_to_wet,2.0,13,3,0.7194444444444446
wearable,wet_to_wet,2.0,14,3,0.8944444444444445
wearable,wet_to_wet,2.0,15,3,0.6527777777777778
wearable,wet_to_wet,2.0,16,3,0.4777777777777778
wearable,wet_to_wet,2.0,17,3,0.9027777777777778
wearable,wet_to_wet,2.0,18,3,0.8111111111111112
wearable,wet_to_wet,2.0,19,3,0.9833333333333334
wearable,wet_to_wet,2.0,20,3,0.875
wearable,wet_to_wet,2.0,21,3,0.8277777777777778
wearable,wet_to_wet,2.0,22,3,0.611111111111111
wearable,wet_to_wet,2.0,23,3,0.8555555555555556
wearable,wet_to_wet,2.0,24,3,0.7916666666666666
wearable,wet_to_wet,2.0,25,3,0.2972222222222222
wearable,wet_to_wet,2.0,26,3,0.9750000000000001
wearable,wet_to_wet,2.0,27,3,0.37222222222222223
wearable,wet_to_wet,2.0,28,3,0.8583333333333333
wearable,wet_to_wet,2.0,29,3,0.9833333333333334
wearable,wet_to_wet,2.0,30,3,0.9916666666666667
wearable,wet_to_wet,2.0,31,3,0.8555555555555556
wearable,wet_to_wet,2.0,32,3,0.9444444444444445
wearable,wet_to_wet,2.0,33,3,0.5750000000000001
wearable,wet_to_wet,2.0,34,3,0.8805555555555555
wearable,wet_to_wet,2.0,35,3,0.6361111111111111
wearable,wet_to_wet,2.0,36,3,0.6277777777777778
wearable,wet_to_wet,2.0,37,3,0.5694444444444445
wearable,wet_to_wet,2.0,38,3,1.0
wearable,wet_to_wet,2.0,39,3,0.9750000000000001
wearable,wet_to_wet,2.0,40,3,0.9805555555555556
wearable,wet_to_wet,2.0,41,3,0.8250000000000001
wearable,wet_to_wet,2.0,42,3,0.7000000000000001
wearable,wet_to_wet,2.0,43,3,0.9416666666666668
wearable,wet_to_wet,2.0,44,3,0.5666666666666665
wearable,wet_to_wet,2.0,45,3,0.6222222222222222
wearable,wet_to_wet,2.0,46,3,0.5694444444444445
wearable,wet_to_wet,2.0,47,3,0.33055555555555555
wearable,wet_to_wet,2.0,48,3,0.9777777777777779
wearable,wet_to_wet,2.0,49,3,0.5972222222222222
wearable,wet_to_wet,2.0,50,3,0.8111111111111112
wearable,wet_to_wet,2.0,51,3,0.8722222222222222
wearable,wet_to_wet,2.0,52,3,0.9638888888888889
wearable,wet_to_wet,2.0,53,3,0.875
wearable,wet_to_wet,2.0,54,3,0.9888888888888889
wearable,wet_to_wet,2.0,55,3,0.811111111111111
wearable,wet_to_wet,2.0,56,3,0.9944444444444445
wearable,wet_to_wet,2.0,57,3,0.7027777777777778
wearable,wet_to_wet,2.0,58,3,0.9083333333333333
wearable,wet_to_wet,2.0,59,3,0.3138888888888889
wearable,wet_to_wet,2.0,60,3,0.9055555555555556
wearable,wet_to_wet,2.0,61,3,0.65
wearable,wet_to_wet,2.0,62,3,0.8666666666666667
wearable,wet_to_wet,2.0,63,3,0.9722222222222223
wearable,wet_to_wet,2.0,64,3,0.5222222222222223
wearable,wet_to_wet,2.0,65,3,0.7083333333333334
wearable,wet_to_wet,2.0,66,3,0.9861111111111112
wearable,wet_to_wet,2.0,67,3,0.7833333333333333
wearable,wet_to_wet,2.0,68,3,0.9861111111111112
wearable,wet_to_wet,2.0,69,3,1.0
wearable,wet_to_wet,2.0,70,3,0.6194444444444445
wearable,wet_to_wet,2.0,71,3,0.3138888888888889
wearable,wet_to_wet,2.0,72,3,0.8055555555555557
wearable,wet_to_wet,2.0,73,3,0.7416666666666667
wearable,wet_to_wet,2.0,74,3,0.6222222222222222
wearable,wet_to_wet,2.0,75,3,0.725
wearable,wet_to_wet,2.0,76,3,0.19722222222222222
wearable,wet_to_wet,2.0,77,3,0.6833333333333335
wearable,wet_to_wet,2.0,78,3,0.2861111111111111
wearable,wet_to_wet,2.0,79,3,0.5833333333333334
wearable,wet_to_wet,2.0,80,3,1.0
wearable,wet_to_wet,2.0,81,3,0.9777777777777779
wearable,wet_to_wet,2.0,82,3,0.9472222222222223
wearable,wet_to_wet,2.0,83,3,0.8083333333333335
wearable,wet_to_wet,2.0,84,3,0.9861111111111112
wearable,wet_to_wet,2.0,85,3,0.9611111111111111
wearable,wet_to_wet,2.0,86,3,0.9750000000000001
wearable,wet_to_wet,2.0,87,3,0.9916666666666667
wearable,wet_to_wet,2.0,88,3,0.9222222222222222
wearable,wet_to_wet,2.0,89,3,0.9694444444444444
wearable,wet_to_wet,2.0,90,3,0.5111111111111111
wearable,wet_to_wet,2.0,91,3,0.8638888888888889
wearable,wet_to_wet,2.0,92,3,0.9916666666666667
wearable,wet_to_wet,2.0,93,3,0.9166666666666666
wearable,wet_to_wet,2.0,94,3,0.6472222222222221
wearable,wet_to_wet,2.0,95,3,0.4138888888888889
wearable,wet_to_wet,2.0,96,3,0.6361111111111111
wearable,wet_to_wet,2.0,97,3,0.35000000000000003
wearable,wet_to_wet,2.0,98,3,0.9777777777777779
wearable,wet_to_wet,2.0,99,3,0.9083333333333335
wearable,wet_to_wet,2.0,100,3,0.9555555555555556
wearable,wet_to_wet,2.0,101,3,0.7027777777777778
wearable,wet_to_wet,2.0,102,3,0.7138888888888889
