dataset,condition,window_s,participant,seeds_averaged,accuracy,balanced_accuracy,itr_bits_per_minute
benchmark,harmonic_fold,0.4,1,3,0.3763888888888889,0.3763888888888889,71.41587512271664
benchmark,harmonic_fold,0.4,2,3,0.4152777777777777,0.4152777777777777,83.50451925303676
benchmark,harmonic_fold,0.4,3,3,0.6847222222222222,0.6847222222222222,183.82225334718552
benchmark,harmonic_fold,0.4,4,3,0.42361111111111116,0.42361111111111116,86.26490971022366
benchmark,harmonic_fold,0.4,5,3,0.27499999999999997,0.27499999999999997,42.800684249600515
benchmark,harmonic_fold,0.4,6,3,0.27222222222222225,0.2722222222222222,42.58045388677791
benchmark,harmonic_fold,0.4,7,3,0.22916666666666666,0.22916666666666663,31.423367333563903
benchmark,harmonic_fold,0.4,8,3,0.1625,0.1625,17.135654838131014
benchmark,harmonic_fold,0.4,9,3,0.2833333333333334,0.28333333333333327,45.01762721889705
benchmark,harmonic_fold,0.4,10,3,0.36944444444444446,0.36944444444444446,69.34964702057408
benchmark,harmonic_fold,0.4,11,3,0.0375,0.0375,0.2833517523144696
benchmark,harmonic_fold,0.4,12,3,0.1125,0.11249999999999999,8.316692537906098
benchmark,harmonic_fold,0.4,13,3,0.10555555555555557,0.10555555555555556,7.64479734357576
benchmark,harmonic_fold,0.4,14,3,0.1763888888888889,0.1763888888888889,20.318170222621884
benchmark,harmonic_fold,0.4,15,3,0.22083333333333333,0.2208333333333333,29.468842497366648
benchmark,harmonic_fold,0.4,16,3,0.24861111111111112,0.24861111111111112,36.12874058367136
benchmark,harmonic_fold,0.4,17,3,0.2777777777777778,0.27777777777777773,43.61044737897092
benchmark,harmonic_fold,0.4,18,3,0.5166666666666666,0.5166666666666666,117.96149932915938
benchmark,harmonic_fold,0.4,19,3,0.0763888888888889,0.07638888888888888,3.3990330583034414
benchmark,harmonic_fold,0.4,20,3,0.2902777777777778,0.29027777777777775,46.77962720967176
benchmark,harmonic_fold,0.4,21,3,0.2416666666666667,0.2416666666666666,34.51607613684743
benchmark,harmonic_fold,0.4,22,3,0.46527777777777785,0.4652777777777777,100.74589893459715
benchmark,harmonic_fold,0.4,23,3,0.14444444444444446,0.14444444444444443,13.78562392696128
benchmark,harmonic_fold,0.4,24,3,0.35000000000000003,0.3499999999999999,63.767078772013974
benchmark,harmonic_fold,0.4,25,3,0.24722222222222223,0.2472222222222222,35.78462846657433
benchmark,harmonic_fold,0.4,26,3,0.32083333333333336,0.3208333333333333,55.154574505870364
benchmark,harmonic_fold,0.4,27,3,0.24444444444444444,0.24444444444444444,35.15731954922037
benchmark,harmonic_fold,0.4,28,3,0.5388888888888889,0.5388888888888889,126.06416549149519
benchmark,harmonic_fold,0.4,29,3,0.11666666666666665,0.11666666666666665,8.896889892538104
benchmark,harmonic_fold,0.4,30,3,0.2638888888888889,0.2638888888888889,40.02151277804632
benchmark,harmonic_fold,0.4,31,3,0.3416666666666666,0.3416666666666666,61.38348803526367
benchmark,harmonic_fold,0.4,32,3,0.6555555555555556,0.6555555555555556,171.49610222594325
benchmark,harmonic_fold,0.4,33,3,0.19583333333333333,0.1958333333333333,23.917507674936683
benchmark,harmonic_fold,0.4,34,3,0.4611111111111111,0.4611111111111111,98.62050970853313
benchmark,harmonic_fold,0.4,35,3,0.14305555555555555,0.14305555555555555,13.569315928193896
benchmark,harmonic_fold,0.6,1,3,0.5527777777777778,0.5527777777777777,107.24957741888305
benchmark,harmonic_fold,0.6,2,3,0.6749999999999999,0.6749999999999999,146.9838247469821
benchmark,harmonic_fold,0.6,3,3,0.9375,0.9375,253.87093034135228
benchmark,harmonic_fold,0.6,4,3,0.6833333333333332,0.6833333333333332,150.0255181135715
benchmark,harmonic_fold,0.6,5,3,0.5597222222222222,0.5597222222222222,109.43809093544911
benchmark,harmonic_fold,0.6,6,3,0.5583333333333332,0.5583333333333332,109.0938051171908
benchmark,harmonic_fold,0.6,7,3,0.3958333333333333,0.3958333333333333,63.31428810623862
benchmark,harmonic_fold,0.6,8,3,0.26805555555555555,0.26805555555555555,33.66289061075283
benchmark,harmonic_fold,0.6,9,3,0.45555555555555555,0.4555555555555555,79.17014559674938
benchmark,harmonic_fold,0.6,10,3,0.6083333333333333,0.6083333333333333,124.78165942068999
benchmark,harmonic_fold,0.6,11,3,0.05833333333333333,0.05833333333333333,1.5350348386084016
benchmark,harmonic_fold,0.6,12,3,0.2652777777777778,0.2652777777777777,33.05603401294494
benchmark,harmonic_fold,0.6,13,3,0.2625,0.2625,32.379325223427585
benchmark,harmonic_fold,0.6,14,3,0.30694444444444446,0.30694444444444446,42.15209111444933
benchmark,harmonic_fold,0.6,15,3,0.41111111111111115,0.41111111111111104,67.23764922295808
benchmark,harmonic_fold,0.6,16,3,0.38888888888888884,0.38888888888888884,61.71570429488681
benchmark,harmonic_fold,0.6,17,3,0.5736111111111111,0.5736111111111111,113.9320725252544
benchmark,harmonic_fold,0.6,18,3,0.7000000000000001,0.7000000000000001,155.76965463229004
benchmark,harmonic_fold,0.6,19,3,0.1708333333333333,0.1708333333333333,15.26728111973055
benchmark,harmonic_fold,0.6,20,3,0.5736111111111111,0.5736111111111111,113.69101880389125
benchmark,harmonic_fold,0.6,21,3,0.43472222222222223,0.43472222222222223,73.62885471548314
benchmark,harmonic_fold,0.6,22,3,0.7263888888888889,0.7263888888888888,165.4472895816814
benchmark,harmonic_fold,0.6,23,3,0.2791666666666666,0.2791666666666666,36.08311211344645
benchmark,harmonic_fold,0.6,24,3,0.5777777777777778,0.5777777777777778,115.07790930537709
benchmark,harmonic_fold,0.6,25,3,0.4708333333333334,0.4708333333333334,83.36888545461706
benchmark,harmonic_fold,0.6,26,3,0.5680555555555555,0.5680555555555555,111.95721780930815
benchmark,harmonic_fold,0.6,27,3,0.4611111111111111,0.4611111111111111,80.7572072557435
benchmark,harmonic_fold,0.6,28,3,0.7555555555555555,0.7555555555555555,176.2114107958339
benchmark,harmonic_fold,0.6,29,3,0.21527777777777776,0.21527777777777776,23.10583976980328
benchmark,harmonic_fold,0.6,30,3,0.47361111111111115,0.47361111111111115,84.14421658861208
benchmark,harmonic_fold,0.6,31,3,0.6569444444444444,0.6569444444444444,141.0261797103274
benchmark,harmonic_fold,0.6,32,3,0.8472222222222223,0.8472222222222222,212.6953633588685
benchmark,harmonic_fold,0.6,33,3,0.2986111111111111,0.2986111111111111,40.147157955069176
benchmark,harmonic_fold,0.6,34,3,0.6013888888888889,0.6013888888888889,122.49960959700165
benchmark,harmonic_fold,0.6,35,3,0.2986111111111111,0.2986111111111111,40.1122662243593
benchmark,harmonic_fold,0.8,1,3,0.6958333333333334,0.6958333333333334,130.55605842824028
benchmark,harmonic_fold,0.8,2,3,0.8513888888888888,0.8513888888888888,181.48653166821347
benchmark,harmonic_fold,0.8,3,3,0.9777777777777777,0.9777777777777779,233.1355488719265
benchmark,harmonic_fold,0.8,4,3,0.8263888888888888,0.826388888888889,172.54894995455084
benchmark,harmonic_fold,0.8,5,3,0.8305555555555554,0.8305555555555556,174.04410652517785
benchmark,harmonic_fold,0.8,6,3,0.8833333333333333,0.8833333333333333,193.1850497835758
benchmark,harmonic_fold,0.8,7,3,0.5874999999999999,0.5875,99.90283377665632
benchmark,harmonic_fold,0.8,8,3,0.5597222222222222,0.5597222222222222,93.06334796168967
benchmark,harmonic_fold,0.8,9,3,0.6458333333333334,0.6458333333333333,115.95814746850647
benchmark,harmonic_fold,0.8,10,3,0.8402777777777778,0.8402777777777778,177.49283460259537
benchmark,harmonic_fold,0.8,11,3,0.1125,0.11249999999999999,5.7613381295324935
benchmark,harmonic_fold,0.8,12,3,0.4597222222222222,0.4597222222222222,67.92051050342236
benchmark,harmonic_fold,0.8,13,3,0.5180555555555556,0.5180555555555556,81.97282579681816
benchmark,harmonic_fold,0.8,14,3,0.4305555555555556,0.4305555555555556,61.58543393846718
benchmark,harmonic_fold,0.8,15,3,0.611111111111111,0.611111111111111,106.30645743781929
benchmark,harmonic_fold,0.8,16,3,0.5819444444444444,0.5819444444444444,98.43090296603464
benchmark,harmonic_fold,0.8,17,3,0.688888888888889,0.6888888888888888,128.6910373916638
benchmark,harmonic_fold,0.8,18,3,0.7597222222222223,0.7597222222222223,150.36594257296903
benchmark,harmonic_fold,0.8,19,3,0.3763888888888889,0.37638888888888883,49.510839955268075
benchmark,harmonic_fold,0.8,20,3,0.7888888888888889,0.7888888888888889,159.89595050569082
benchmark,harmonic_fold,0.8,21,3,0.6958333333333333,0.6958333333333334,130.6963747405722
benchmark,harmonic_fold,0.8,22,3,0.8805555555555555,0.8805555555555555,192.25878268055763
benchmark,harmonic_fold,0.8,23,3,0.3958333333333333,0.3958333333333333,53.75761845394785
benchmark,harmonic_fold,0.8,24,3,0.7944444444444444,0.7944444444444443,162.0289004665702
benchmark,harmonic_fold,0.8,25,3,0.7277777777777779,0.7277777777777779,140.30416096033773
benchmark,harmonic_fold,0.8,26,3,0.7486111111111112,0.7486111111111112,146.83437544373768
benchmark,harmonic_fold,0.8,27,3,0.6208333333333333,0.6208333333333333,109.10679644414637
benchmark,harmonic_fold,0.8,28,3,0.8902777777777778,0.8902777777777778,195.9073983711828
benchmark,harmonic_fold,0.8,29,3,0.3263888888888889,0.3263888888888888,39.38356268023618
benchmark,harmonic_fold,0.8,30,3,0.7541666666666668,0.7541666666666668,148.5373767364972
benchmark,harmonic_fold,0.8,31,3,0.8027777777777777,0.8027777777777777,164.51345215870495
benchmark,harmonic_fold,0.8,32,3,0.9597222222222221,0.9597222222222221,224.6254908459556
benchmark,harmonic_fold,0.8,33,3,0.3819444444444444,0.3819444444444444,50.59469989415046
benchmark,harmonic_fold,0.8,34,3,0.7958333333333334,0.7958333333333334,162.15255531633701
benchmark,harmonic_fold,0.8,35,3,0.5555555555555556,0.5555555555555555,91.53609456691807
benchmark,harmonic_fold,1.0,1,3,0.7194444444444444,0.7194444444444444,119.34343463537624
benchmark,harmonic_fold,1.0,2,3,0.9055555555555556,0.9055555555555556,174.88965318373184
benchmark,harmonic_fold,1.0,3,3,0.986111111111111,0.9861111111111113,205.77320918709438
benchmark,harmonic_fold,1.0,4,3,0.8638888888888889,0.8638888888888889,161.21350497247684
benchmark,harmonic_fold,1.0,5,3,0.9333333333333332,0.9333333333333332,184.65371491431824
benchmark,harmonic_fold,1.0,6,3,0.9291666666666667,0.9291666666666667,183.17727563722508
benchmark,harmonic_fold,1.0,7,3,0.7680555555555556,0.7680555555555556,132.63226087278406
benchmark,harmonic_fold,1.0,8,3,0.7277777777777779,0.7277777777777779,121.7844038190796
benchmark,harmonic_fold,1.0,9,3,0.7277777777777779,0.7277777777777779,121.58024301674884
benchmark,harmonic_fold,1.0,10,3,0.8819444444444443,0.8819444444444443,166.96951871796747
benchmark,harmonic_fold,1.0,11,3,0.19722222222222222,0.1972222222222222,14.504182533035687
benchmark,harmonic_fold,1.0,12,3,0.6138888888888889,0.6138888888888888,92.97603043502141
benchmark,harmonic_fold,1.0,13,3,0.6569444444444444,0.6569444444444444,103.28005164265174
benchmark,harmonic_fold,1.0,14,3,0.47222222222222227,0.47222222222222215,62.425154013898485
benchmark,harmonic_fold,1.0,15,3,0.7611111111111111,0.7611111111111111,130.64527458315348
benchmark,harmonic_fold,1.0,16,3,0.725,0.725,120.98706606214735
benchmark,harmonic_fold,1.0,17,3,0.7388888888888889,0.7388888888888889,124.91269561987919
benchmark,harmonic_fold,1.0,18,3,0.7902777777777777,0.7902777777777779,138.9051054155217
benchmark,harmonic_fold,1.0,19,3,0.5458333333333333,0.5458333333333334,77.11930524008226
benchmark,harmonic_fold,1.0,20,3,0.8930555555555556,0.8930555555555556,170.65715392800584
benchmark,harmonic_fold,1.0,21,3,0.7972222222222222,0.7972222222222222,141.15979076680716
benchmark,harmonic_fold,1.0,22,3,0.9361111111111112,0.9361111111111112,185.7899130439197
benchmark,harmonic_fold,1.0,23,3,0.4305555555555555,0.4305555555555555,53.480266467423576
benchmark,harmonic_fold,1.0,24,3,0.8486111111111111,0.8486111111111111,156.42363126623653
benchmark,harmonic_fold,1.0,25,3,0.8430555555555556,0.8430555555555556,154.76409467518138
benchmark,harmonic_fold,1.0,26,3,0.826388888888889,0.826388888888889,149.57480889945327
benchmark,harmonic_fold,1.0,27,3,0.6819444444444445,0.6819444444444445,109.8458666855236
benchmark,harmonic_fold,1.0,28,3,0.9625,0.9625,195.95419473906307
benchmark,harmonic_fold,1.0,29,3,0.4611111111111111,0.4611111111111111,59.13596662623497
benchmark,harmonic_fold,1.0,30,3,0.8402777777777778,0.8402777777777778,153.77920615722022
benchmark,harmonic_fold,1.0,31,3,0.9055555555555554,0.9055555555555556,174.91941617049085
benchmark,harmonic_fold,1.0,32,3,0.986111111111111,0.9861111111111112,205.7526180143458
benchmark,harmonic_fold,1.0,33,3,0.4527777777777778,0.4527777777777778,57.509794282070175
benchmark,harmonic_fold,1.0,34,3,0.9,0.9,172.979402780176
benchmark,harmonic_fold,1.0,35,3,0.7513888888888888,0.751388888888889,127.96530658609184
benchmark,harmonic_fold,1.2,1,3,0.725,0.725,106.7557378648609
benchmark,harmonic_fold,1.2,2,3,0.9499999999999998,0.9500000000000002,168.4036583857855
benchmark,harmonic_fold,1.2,3,3,0.9902777777777777,0.9902777777777779,183.24262141050804
benchmark,harmonic_fold,1.2,4,3,0.8708333333333332,0.8708333333333332,144.2170662224113
benchmark,harmonic_fold,1.2,5,3,0.9361111111111112,0.9361111111111112,163.86235601070035
benchmark,harmonic_fold,1.2,6,3,0.9444444444444443,0.9444444444444445,166.63947179923977
benchmark,harmonic_fold,1.2,7,3,0.7999999999999999,0.7999999999999999,125.1151945417647
benchmark,harmonic_fold,1.2,8,3,0.7555555555555555,0.7555555555555555,113.93755408182763
benchmark,harmonic_fold,1.2,9,3,0.748611111111111,0.748611111111111,112.2523575858496
benchmark,harmonic_fold,1.2,10,3,0.9166666666666666,0.9166666666666666,157.69356478050454
benchmark,harmonic_fold,1.2,11,3,0.20694444444444446,0.20694444444444446,13.976234116778455
benchmark,harmonic_fold,1.2,12,3,0.6861111111111112,0.6861111111111112,97.68748104645795
benchmark,harmonic_fold,1.2,13,3,0.7208333333333333,0.7208333333333333,105.60524528433336
benchmark,harmonic_fold,1.2,14,3,0.49027777777777776,0.49027777777777776,58.12989530698422
benchmark,harmonic_fold,1.2,15,3,0.813888888888889,0.8138888888888888,128.6958313549953
benchmark,harmonic_fold,1.2,16,3,0.7625000000000001,0.7625000000000001,115.72657993053794
benchmark,harmonic_fold,1.2,17,3,0.7124999999999999,0.7124999999999999,103.92530054906449
benchmark,harmonic_fold,1.2,18,3,0.7833333333333333,0.7833333333333333,120.8689979463662
benchmark,harmonic_fold,1.2,19,3,0.6111111111111112,0.611111111111111,81.2819057601069
benchmark,harmonic_fold,1.2,20,3,0.9472222222222223,0.9472222222222223,167.59389492053865
benchmark,harmonic_fold,1.2,21,3,0.8374999999999999,0.8374999999999999,135.43545334140558
benchmark,harmonic_fold,1.2,22,3,0.9402777777777778,0.9402777777777778,165.26273510046164
benchmark,harmonic_fold,1.2,23,3,0.45138888888888884,0.45138888888888884,50.83611646261969
benchmark,harmonic_fold,1.2,24,3,0.85,0.85,138.49805093912053
benchmark,harmonic_fold,1.2,25,3,0.8930555555555556,0.8930555555555557,150.5738386539717
benchmark,harmonic_fold,1.2,26,3,0.8902777777777778,0.8902777777777778,149.7809396401721
benchmark,harmonic_fold,1.2,27,3,0.6805555555555557,0.6805555555555557,96.5457032451947
benchmark,harmonic_fold,1.2,28,3,0.9638888888888889,0.9638888888888889,173.2204119655886
benchmark,harmonic_fold,1.2,29,3,0.5236111111111111,0.5236111111111111,63.74507435603843
benchmark,harmonic_fold,1.2,30,3,0.8805555555555555,0.8805555555555556,146.98264653842634
benchmark,harmonic_fold,1.2,31,3,0.9208333333333334,0.9208333333333334,159.00182694883233
benchmark,harmonic_fold,1.2,32,3,0.9986111111111112,0.9986111111111112,187.11550246379377
benchmark,harmonic_fold,1.2,33,3,0.46388888888888885,0.46388888888888885,52.84899039770999
benchmark,harmonic_fold,1.2,34,3,0.9375,0.9375,164.35081030637613
benchmark,harmonic_fold,1.2,35,3,0.8013888888888889,0.8013888888888889,125.4116009672756
benchmark,harmonic_fold,2.0,1,3,0.7541666666666668,0.7541666666666668,77.29907137988293
benchmark,harmonic_fold,2.0,2,3,0.9819444444444444,0.9819444444444446,122.32286846536776
benchmark,harmonic_fold,2.0,3,3,0.9847222222222222,0.9847222222222222,123.0560710621041
benchmark,harmonic_fold,2.0,4,3,0.9208333333333334,0.9208333333333334,108.20651337217521
benchmark,harmonic_fold,2.0,5,3,0.9791666666666666,0.9791666666666666,121.58719893837612
benchmark,harmonic_fold,2.0,6,3,0.9666666666666667,0.9666666666666668,118.49504917646976
benchmark,harmonic_fold,2.0,7,3,0.8652777777777777,0.8652777777777777,97.0369911420338
benchmark,harmonic_fold,2.0,8,3,0.9291666666666666,0.9291666666666667,109.91200485300294
benchmark,harmonic_fold,2.0,9,3,0.8444444444444444,0.8444444444444444,93.09752989646752
benchmark,harmonic_fold,2.0,10,3,0.9652777777777778,0.9652777777777777,118.10885024427473
benchmark,harmonic_fold,2.0,11,3,0.34027777777777773,0.34027777777777773,21.904840158708065
benchmark,harmonic_fold,2.0,12,3,0.7902777777777779,0.7902777777777779,83.58571493790055
benchmark,harmonic_fold,2.0,13,3,0.876388888888889,0.876388888888889,99.12730065920722
benchmark,harmonic_fold,2.0,14,3,0.5319444444444444,0.5319444444444444,45.289676327914435
benchmark,harmonic_fold,2.0,15,3,0.9486111111111112,0.9486111111111112,114.23426759563529
benchmark,harmonic_fold,2.0,16,3,0.8027777777777777,0.8027777777777777,85.51829420371364
benchmark,harmonic_fold,2.0,17,3,0.8736111111111112,0.8736111111111112,98.77721388819539
benchmark,harmonic_fold,2.0,18,3,0.8222222222222223,0.8222222222222223,89.04083558580135
benchmark,harmonic_fold,2.0,19,3,0.8319444444444445,0.8319444444444445,90.73703900783842
benchmark,harmonic_fold,2.0,20,3,0.9888888888888889,0.9888888888888889,124.2802899807257
benchmark,harmonic_fold,2.0,21,3,0.923611111111111,0.9236111111111112,108.74006862167694
benchmark,harmonic_fold,2.0,22,3,0.9833333333333334,0.9833333333333334,122.68946976373593
benchmark,harmonic_fold,2.0,23,3,0.4958333333333333,0.4958333333333333,40.24130503118682
benchmark,harmonic_fold,2.0,24,3,0.9152777777777779,0.9152777777777779,107.0431229694833
benchmark,harmonic_fold,2.0,25,3,0.9375,0.9375,111.77834944066281
benchmark,harmonic_fold,2.0,26,3,0.9444444444444443,0.9444444444444443,113.41625629030575
benchmark,harmonic_fold,2.0,27,3,0.7527777777777778,0.7527777777777778,77.44285882601555
benchmark,harmonic_fold,2.0,28,3,0.9736111111111111,0.9736111111111111,120.16697308524324
benchmark,harmonic_fold,2.0,29,3,0.6861111111111112,0.6861111111111112,66.36720840241598
benchmark,harmonic_fold,2.0,30,3,0.9555555555555556,0.9555555555555557,115.88816042524245
benchmark,harmonic_fold,2.0,31,3,0.9625,0.9625,117.47365556345403
benchmark,harmonic_fold,2.0,32,3,1.0,1.0,127.7262742772967
benchmark,harmonic_fold,2.0,33,3,0.49444444444444446,0.49444444444444446,39.67458031069107
benchmark,harmonic_fold,2.0,34,3,0.9527777777777778,0.9527777777777778,115.19309324145274
benchmark,harmonic_fold,2.0,35,3,0.8833333333333333,0.8833333333333333,100.55045484013505
benchmark,harmonic_fold,3.0,1,3,0.775,0.775,57.70259837173569
benchmark,harmonic_fold,3.0,2,3,0.9791666666666666,0.9791666666666666,86.84093654641593
benchmark,harmonic_fold,3.0,3,3,0.9805555555555555,0.9805555555555556,87.1027946166789
benchmark,harmonic_fold,3.0,4,3,0.9319444444444445,0.9319444444444445,79.03897868188213
benchmark,harmonic_fold,3.0,5,3,0.9986111111111112,0.998611111111111,90.88467262527126
benchmark,harmonic_fold,3.0,6,3,0.9847222222222222,0.9847222222222222,88.08536340162311
benchmark,harmonic_fold,3.0,7,3,0.9583333333333334,0.9583333333333334,83.19838334084426
benchmark,harmonic_fold,3.0,8,3,0.9680555555555556,0.9680555555555556,84.86715663153161
benchmark,harmonic_fold,3.0,9,3,0.8722222222222222,0.8722222222222222,70.22038324859786
benchmark,harmonic_fold,3.0,10,3,0.9736111111111111,0.9736111111111111,85.85158485714824
benchmark,harmonic_fold,3.0,11,3,0.5027777777777778,0.5027777777777778,29.063063824302514
benchmark,harmonic_fold,3.0,12,3,0.7888888888888889,0.7888888888888889,59.609432284325145
benchmark,harmonic_fold,3.0,13,3,0.8541666666666666,0.8541666666666666,67.85001857095261
benchmark,harmonic_fold,3.0,14,3,0.5277777777777778,0.5277777777777778,31.565361516401662
benchmark,harmonic_fold,3.0,15,3,0.9861111111111112,0.986111111111111,88.17969343471964
benchmark,harmonic_fold,3.0,16,3,0.8250000000000001,0.8250000000000001,63.99973535192612
benchmark,harmonic_fold,3.0,17,3,0.9055555555555556,0.9055555555555556,74.95974773499496
benchmark,harmonic_fold,3.0,18,3,0.8694444444444445,0.8694444444444445,70.02221590411462
benchmark,harmonic_fold,3.0,19,3,0.9402777777777778,0.9402777777777779,80.22822999659358
benchmark,harmonic_fold,3.0,20,3,0.9916666666666667,0.9916666666666667,89.30417662936513
benchmark,harmonic_fold,3.0,21,3,0.9333333333333332,0.9333333333333332,79.16432718469964
benchmark,harmonic_fold,3.0,22,3,0.9916666666666667,0.9916666666666667,89.3041766293651
benchmark,harmonic_fold,3.0,23,3,0.44027777777777777,0.44027777777777777,23.80070429441768
benchmark,harmonic_fold,3.0,24,3,0.9166666666666666,0.9166666666666666,77.01626898285825
benchmark,harmonic_fold,3.0,25,3,0.9583333333333334,0.9583333333333334,83.23298712815387
benchmark,harmonic_fold,3.0,26,3,0.9722222222222222,0.9722222222222222,85.62571016204383
benchmark,harmonic_fold,3.0,27,3,0.8541666666666666,0.8541666666666666,68.0727584702812
benchmark,harmonic_fold,3.0,28,3,0.9791666666666666,0.9791666666666666,86.84799924169722
benchmark,harmonic_fold,3.0,29,3,0.8666666666666666,0.8666666666666666,69.46696128790016
benchmark,harmonic_fold,3.0,30,3,0.975,0.975,86.08244900009886
benchmark,harmonic_fold,3.0,31,3,0.9555555555555554,0.9555555555555556,82.84106468942495
benchmark,harmonic_fold,3.0,32,3,0.9986111111111112,0.9986111111111112,90.88467262527126
benchmark,harmonic_fold,3.0,33,3,0.4763888888888889,0.4763888888888889,26.778887855110156
benchmark,harmonic_fold,3.0,34,3,0.9833333333333334,0.9833333333333334,87.663039989475
benchmark,harmonic_fold,3.0,35,3,0.9444444444444443,0.9444444444444445,80.98906824282797
benchmark,harmonic_fold,5.0,1,3,0.798611111111111,0.798611111111111,38.573460043250115
benchmark,harmonic_fold,5.0,2,3,0.9763888888888889,0.9763888888888889,54.94188278414217
benchmark,harmonic_fold,5.0,3,3,0.9708333333333333,0.9708333333333332,54.31386190213353
benchmark,harmonic_fold,5.0,4,3,0.9152777777777777,0.9152777777777779,48.7710488962506
benchmark,harmonic_fold,5.0,5,3,0.9930555555555555,0.9930555555555555,57.07067663771658
benchmark,harmonic_fold,5.0,6,3,0.975,0.975,55.0781459499316
benchmark,harmonic_fold,5.0,7,3,0.9597222222222221,0.9597222222222223,53.12527536983976
benchmark,harmonic_fold,5.0,8,3,0.9277777777777777,0.9277777777777777,49.82433590520344
benchmark,harmonic_fold,5.0,9,3,0.8972222222222221,0.8972222222222223,46.941228579149644
benchmark,harmonic_fold,5.0,10,3,0.9694444444444444,0.9694444444444444,54.175537785619234
benchmark,harmonic_fold,5.0,11,3,0.4930555555555556,0.4930555555555555,17.937936722662787
benchmark,harmonic_fold,5.0,12,3,0.7819444444444444,0.7819444444444444,37.32764236941213
benchmark,harmonic_fold,5.0,13,3,0.8347222222222221,0.8347222222222223,41.55753772882727
benchmark,harmonic_fold,5.0,14,3,0.46527777777777773,0.4652777777777777,16.381320175515384
benchmark,harmonic_fold,5.0,15,3,0.9819444444444444,0.9819444444444446,55.59568807350848
benchmark,harmonic_fold,5.0,16,3,0.8472222222222222,0.8472222222222223,42.546983932473495
benchmark,harmonic_fold,5.0,17,3,0.9333333333333335,0.9333333333333332,50.38810862107894
benchmark,harmonic_fold,5.0,18,3,0.8916666666666666,0.8916666666666666,46.43823585877072
benchmark,harmonic_fold,5.0,19,3,0.9694444444444444,0.9694444444444444,54.145658391713575
benchmark,harmonic_fold,5.0,20,3,0.9944444444444445,0.9944444444444445,57.20100534071829
benchmark,harmonic_fold,5.0,21,3,0.9263888888888889,0.9263888888888889,49.7145912687619
benchmark,harmonic_fold,5.0,22,3,0.9958333333333332,0.9958333333333332,57.392307487066326
benchmark,harmonic_fold,5.0,23,3,0.36944444444444446,0.36944444444444446,11.389510005690719
benchmark,harmonic_fold,5.0,24,3,0.9263888888888889,0.9263888888888889,49.844231697155465
benchmark,harmonic_fold,5.0,25,3,0.923611111111111,0.9236111111111112,49.54460046786192
benchmark,harmonic_fold,5.0,26,3,0.9569444444444444,0.9569444444444445,52.81778586958999
benchmark,harmonic_fold,5.0,27,3,0.7000000000000001,0.7000000000000001,31.383094586030495
benchmark,harmonic_fold,5.0,28,3,0.9777777777777779,0.9777777777777779,55.118629954783586
benchmark,harmonic_fold,5.0,29,3,0.8361111111111111,0.8361111111111112,41.59705663419259
benchmark,harmonic_fold,5.0,30,3,0.9902777777777777,0.9902777777777777,56.69960187932154
benchmark,harmonic_fold,5.0,31,3,0.8861111111111111,0.8861111111111111,46.12200309062397
benchmark,harmonic_fold,5.0,32,3,1.0,1.0,58.05739739877122
benchmark,harmonic_fold,5.0,33,3,0.5333333333333333,0.5333333333333333,20.54263309886068
benchmark,harmonic_fold,5.0,34,3,0.9708333333333333,0.9708333333333332,54.3415734424259
benchmark,harmonic_fold,5.0,35,3,0.936111111111111,0.9361111111111112,50.68536081900874
benchmark,ssvepformer,0.4,1,3,0.38055555555555554,0.38055555555555554,72.68268345814452
benchmark,ssvepformer,0.4,2,3,0.4611111111111111,0.4611111111111111,98.57335607884926
benchmark,ssvepformer,0.4,3,3,0.7125,0.7124999999999999,195.84567614848575
benchmark,ssvepformer,0.4,4,3,0.2236111111111111,0.2236111111111111,30.324844056832628
benchmark,ssvepformer,0.4,5,3,0.30694444444444446,0.30694444444444446,51.31971881058058
benchmark,ssvepformer,0.4,6,3,0.3763888888888889,0.3763888888888889,71.46310573732023
benchmark,ssvepformer,0.4,7,3,0.2402777777777778,0.24027777777777773,34.10929052853825
benchmark,ssvepformer,0.4,8,3,0.1791666666666667,0.1791666666666666,20.4443376127844
benchmark,ssvepformer,0.4,9,3,0.37083333333333335,0.37083333333333335,69.78371198836861
benchmark,ssvepformer,0.4,10,3,0.45,0.45,94.82789343494449
benchmark,ssvepformer,0.4,11,3,0.061111111111111116,0.061111111111111116,1.8989423935101415
benchmark,ssvepformer,0.4,12,3,0.13333333333333333,0.13333333333333333,11.683244808341144
benchmark,ssvepformer,0.4,13,3,0.08333333333333333,0.08333333333333333,4.217903168222392
benchmark,ssvepformer,0.4,14,3,0.16805555555555554,0.16805555555555554,18.197309489702523
benchmark,ssvepformer,0.4,15,3,0.22083333333333335,0.22083333333333335,29.537279635964335
benchmark,ssvepformer,0.4,16,3,0.2638888888888889,0.2638888888888889,39.96155906859594
benchmark,ssvepformer,0.4,17,3,0.21666666666666667,0.21666666666666667,28.53364705294253
benchmark,ssvepformer,0.4,18,3,0.5805555555555556,0.5805555555555555,141.60806514109368
benchmark,ssvepformer,0.4,19,3,0.17499999999999996,0.17499999999999996,19.558789851732154
benchmark,ssvepformer,0.4,20,3,0.3541666666666667,0.3541666666666667,64.74537671190667
benchmark,ssvepformer,0.4,21,3,0.21250000000000002,0.21250000000000002,27.585784162674404
benchmark,ssvepformer,0.4,22,3,0.4222222222222222,0.4222222222222222,85.82578918792007
benchmark,ssvepformer,0.4,23,3,0.17361111111111113,0.17361111111111108,19.283522071823867
benchmark,ssvepformer,0.4,24,3,0.3680555555555556,0.3680555555555555,68.8557277137027
benchmark,ssvepformer,0.4,25,3,0.21944444444444444,0.21944444444444444,29.169049081667822
benchmark,ssvepformer,0.4,26,3,0.29305555555555557,0.2930555555555555,47.524035007047104
benchmark,ssvepformer,0.4,27,3,0.29583333333333334,0.29583333333333334,48.30851583460227
benchmark,ssvepformer,0.4,28,3,0.5055555555555556,0.5055555555555555,113.9349731015821
benchmark,ssvepformer,0.4,29,3,0.05972222222222221,0.05972222222222221,1.7666481526023186
benchmark,ssvepformer,0.4,30,3,0.4236111111111111,0.4236111111111111,86.18020171781016
benchmark,ssvepformer,0.4,31,3,0.41111111111111115,0.41111111111111115,82.16091601486244
benchmark,ssvepformer,0.4,32,3,0.7027777777777778,0.7027777777777778,191.65412229785557
benchmark,ssvepformer,0.4,33,3,0.15138888888888888,0.15138888888888888,14.918818077304545
benchmark,ssvepformer,0.4,34,3,0.45,0.44999999999999996,94.88184573325297
benchmark,ssvepformer,0.4,35,3,0.21250000000000002,0.2125,27.683921112416737
benchmark,ssvepformer,0.6,1,3,0.5569444444444445,0.5569444444444444,108.60057808268941
benchmark,ssvepformer,0.6,2,3,0.6513888888888889,0.6513888888888888,139.0690490656073
benchmark,ssvepformer,0.6,3,3,0.8861111111111111,0.8861111111111111,229.5941036955934
benchmark,ssvepformer,0.6,4,3,0.40972222222222215,0.40972222222222227,66.89563632400844
benchmark,ssvepformer,0.6,5,3,0.5083333333333333,0.5083333333333334,94.07320743970634
benchmark,ssvepformer,0.6,6,3,0.6347222222222223,0.6347222222222221,133.38536936509962
benchmark,ssvepformer,0.6,7,3,0.38888888888888884,0.38888888888888884,61.56372995151153
benchmark,ssvepformer,0.6,8,3,0.29444444444444445,0.29444444444444445,39.19437271461309
benchmark,ssvepformer,0.6,9,3,0.4513888888888889,0.45138888888888884,78.0557904220912
benchmark,ssvepformer,0.6,10,3,0.6027777777777779,0.6027777777777779,122.90714516201076
benchmark,ssvepformer,0.6,11,3,0.08472222222222221,0.08472222222222221,3.634684852788697
benchmark,ssvepformer,0.6,12,3,0.2513888888888889,0.25138888888888883,30.229600164896244
benchmark,ssvepformer,0.6,13,3,0.15694444444444444,0.15694444444444444,13.12693995702251
benchmark,ssvepformer,0.6,14,3,0.3055555555555555,0.3055555555555555,41.70182342894877
benchmark,ssvepformer,0.6,15,3,0.40416666666666673,0.4041666666666666,65.43739192759638
benchmark,ssvepformer,0.6,16,3,0.3902777777777778,0.3902777777777778,61.91476149929806
benchmark,ssvepformer,0.6,17,3,0.3666666666666667,0.3666666666666667,56.11264357674097
benchmark,ssvepformer,0.6,18,3,0.7291666666666666,0.7291666666666666,166.26023697392387
benchmark,ssvepformer,0.6,19,3,0.2625,0.26249999999999996,32.37694830260842
benchmark,ssvepformer,0.6,20,3,0.5736111111111111,0.5736111111111111,113.75790080853771
benchmark,ssvepformer,0.6,21,3,0.3611111111111111,0.3611111111111111,54.63415755664147
benchmark,ssvepformer,0.6,22,3,0.5541666666666666,0.5541666666666666,107.70791938833092
benchmark,ssvepformer,0.6,23,3,0.2125,0.2125,22.5757512242576
benchmark,ssvepformer,0.6,24,3,0.5736111111111112,0.5736111111111111,113.70216154971017
benchmark,ssvepformer,0.6,25,3,0.4680555555555555,0.4680555555555556,82.71087012119783
benchmark,ssvepformer,0.6,26,3,0.44722222222222224,0.4472222222222222,76.83506451823443
benchmark,ssvepformer,0.6,27,3,0.4986111111111111,0.49861111111111106,91.198344088544
benchmark,ssvepformer,0.6,28,3,0.6902777777777778,0.6902777777777778,152.35053995594077
benchmark,ssvepformer,0.6,29,3,0.13888888888888892,0.13888888888888887,10.411665884828574
benchmark,ssvepformer,0.6,30,3,0.6486111111111111,0.6486111111111111,138.03319243661338
benchmark,ssvepformer,0.6,31,3,0.6833333333333335,0.6833333333333332,149.94513551777337
benchmark,ssvepformer,0.6,32,3,0.8236111111111111,0.8236111111111111,202.8037414809818
benchmark,ssvepformer,0.6,33,3,0.225,0.22499999999999998,24.91309623840932
benchmark,ssvepformer,0.6,34,3,0.5541666666666667,0.5541666666666666,107.67468275655894
benchmark,ssvepformer,0.6,35,3,0.3444444444444445,0.3444444444444444,50.693819586039446
benchmark,ssvepformer,0.8,1,3,0.6680555555555555,0.6680555555555555,122.37984702644974
benchmark,ssvepformer,0.8,2,3,0.7180555555555556,0.7180555555555556,137.410882663328
benchmark,ssvepformer,0.8,3,3,0.9694444444444444,0.9694444444444446,229.07778550340356
benchmark,ssvepformer,0.8,4,3,0.5930555555555556,0.5930555555555556,101.42701984739068
benchmark,ssvepformer,0.8,5,3,0.7597222222222223,0.7597222222222221,150.3325899211471
benchmark,ssvepformer,0.8,6,3,0.7819444444444444,0.7819444444444446,157.54239645155877
benchmark,ssvepformer,0.8,7,3,0.5708333333333334,0.5708333333333334,95.49499359704328
benchmark,ssvepformer,0.8,8,3,0.5069444444444444,0.5069444444444445,79.23459840485856
benchmark,ssvepformer,0.8,9,3,0.5916666666666667,0.5916666666666667,100.9958490035201
benchmark,ssvepformer,0.8,10,3,0.7944444444444444,0.7944444444444444,161.67752780056014
benchmark,ssvepformer,0.8,11,3,0.1277777777777778,0.12777777777777777,7.425824771187327
benchmark,ssvepformer,0.8,12,3,0.4597222222222223,0.4597222222222222,67.90812326265238
benchmark,ssvepformer,0.8,13,3,0.33888888888888885,0.33888888888888885,41.84375678112795
benchmark,ssvepformer,0.8,14,3,0.5236111111111111,0.5236111111111111,83.4440798243383
benchmark,ssvepformer,0.8,15,3,0.5986111111111111,0.5986111111111111,102.89425163098274
benchmark,ssvepformer,0.8,16,3,0.5180555555555556,0.5180555555555555,82.00679744652003
benchmark,ssvepformer,0.8,17,3,0.5736111111111111,0.5736111111111111,96.24258580834027
benchmark,ssvepformer,0.8,18,3,0.8027777777777777,0.8027777777777777,164.46066657072535
benchmark,ssvepformer,0.8,19,3,0.4124999999999999,0.4124999999999999,57.18911683949408
benchmark,ssvepformer,0.8,20,3,0.7666666666666667,0.7666666666666666,152.5398498605269
benchmark,ssvepformer,0.8,21,3,0.561111111111111,0.5611111111111111,92.93449304448252
benchmark,ssvepformer,0.8,22,3,0.7236111111111111,0.7236111111111111,138.97141317656465
benchmark,ssvepformer,0.8,23,3,0.26944444444444443,0.26944444444444443,28.646778443508072
benchmark,ssvepformer,0.8,24,3,0.8236111111111111,0.8236111111111112,171.58179712390913
benchmark,ssvepformer,0.8,25,3,0.7125,0.7125,135.562683389596
benchmark,ssvepformer,0.8,26,3,0.6541666666666667,0.6541666666666667,118.51774281376059
benchmark,ssvepformer,0.8,27,3,0.7666666666666666,0.7666666666666666,152.56790158950074
benchmark,ssvepformer,0.8,28,3,0.8277777777777778,0.8277777777777776,173.08108737815155
benchmark,ssvepformer,0.8,29,3,0.22777777777777777,0.22777777777777777,21.531261479518367
benchmark,ssvepformer,0.8,30,3,0.7986111111111112,0.7986111111111112,163.0631847882536
benchmark,ssvepformer,0.8,31,3,0.8819444444444445,0.8819444444444445,192.71019436968797
benchmark,ssvepformer,0.8,32,3,0.951388888888889,0.951388888888889,220.8599194987512
benchmark,ssvepformer,0.8,33,3,0.24722222222222223,0.24722222222222223,24.757340079659997
benchmark,ssvepformer,0.8,34,3,0.7888888888888889,0.7888888888888889,159.8210257246313
benchmark,ssvepformer,0.8,35,3,0.6083333333333334,0.6083333333333334,105.5164822312434
benchmark,ssvepformer,1.0,1,3,0.7611111111111112,0.7611111111111111,130.6744027039563
benchmark,ssvepformer,1.0,2,3,0.8194444444444445,0.8194444444444445,147.50214215451362
benchmark,ssvepformer,1.0,3,3,0.9875000000000002,0.9875000000000002,206.3566384435645
benchmark,ssvepformer,1.0,4,3,0.6458333333333334,0.6458333333333334,100.56282320383336
benchmark,ssvepformer,1.0,5,3,0.8236111111111111,0.8236111111111112,148.77882960993853
benchmark,ssvepformer,1.0,6,3,0.8374999999999999,0.8375,152.92876739721868
benchmark,ssvepformer,1.0,7,3,0.7180555555555556,0.7180555555555556,119.03488573357345
benchmark,ssvepformer,1.0,8,3,0.6513888888888889,0.6513888888888889,101.87751077110651
benchmark,ssvepformer,1.0,9,3,0.6708333333333334,0.6708333333333333,106.74729264491056
benchmark,ssvepformer,1.0,10,3,0.8722222222222222,0.8722222222222222,163.8173877012001
benchmark,ssvepformer,1.0,11,3,0.18055555555555555,0.18055555555555555,12.440633214643183
benchmark,ssvepformer,1.0,12,3,0.6027777777777777,0.6027777777777779,90.12910834641177
benchmark,ssvepformer,1.0,13,3,0.4680555555555555,0.4680555555555555,60.61020840383721
benchmark,ssvepformer,1.0,14,3,0.6305555555555555,0.6305555555555555,96.8548852531863
benchmark,ssvepformer,1.0,15,3,0.7263888888888889,0.7263888888888889,121.18814622441272
benchmark,ssvepformer,1.0,16,3,0.6416666666666667,0.6416666666666667,99.5074862097482
benchmark,ssvepformer,1.0,17,3,0.6430555555555555,0.6430555555555555,99.98759712450226
benchmark,ssvepformer,1.0,18,3,0.7958333333333334,0.7958333333333333,140.5077187260658
benchmark,ssvepformer,1.0,19,3,0.5277777777777778,0.5277777777777778,73.16343732818596
benchmark,ssvepformer,1.0,20,3,0.8791666666666668,0.8791666666666668,166.08326638923916
benchmark,ssvepformer,1.0,21,3,0.6694444444444444,0.6694444444444444,106.37919483675331
benchmark,ssvepformer,1.0,22,3,0.7958333333333334,0.7958333333333334,140.51996262007864
benchmark,ssvepformer,1.0,23,3,0.30972222222222223,0.30972222222222223,31.30986927125421
benchmark,ssvepformer,1.0,24,3,0.8930555555555556,0.8930555555555556,170.65715392800584
benchmark,ssvepformer,1.0,25,3,0.8444444444444444,0.8444444444444444,155.06883050531306
benchmark,ssvepformer,1.0,26,3,0.7527777777777778,0.7527777777777778,128.34434447411934
benchmark,ssvepformer,1.0,27,3,0.8472222222222223,0.8472222222222223,155.9345335020234
benchmark,ssvepformer,1.0,28,3,0.8777777777777779,0.8777777777777779,165.6800752818663
benchmark,ssvepformer,1.0,29,3,0.3527777777777778,0.3527777777777777,38.58344444029498
benchmark,ssvepformer,1.0,30,3,0.8611111111111112,0.8611111111111112,160.26184639328756
benchmark,ssvepformer,1.0,31,3,0.9305555555555557,0.9305555555555555,183.7252025533579
benchmark,ssvepformer,1.0,32,3,0.9874999999999999,0.9874999999999998,206.38421135104133
benchmark,ssvepformer,1.0,33,3,0.2986111111111111,0.2986111111111111,29.41249366983199
benchmark,ssvepformer,1.0,34,3,0.8666666666666667,0.8666666666666667,162.0394983124297
benchmark,ssvepformer,1.0,35,3,0.7486111111111112,0.7486111111111112,127.40228119283718
benchmark,ssvepformer,1.2,1,3,0.7763888888888889,0.7763888888888889,119.07507853757267
benchmark,ssvepformer,1.2,2,3,0.8583333333333334,0.8583333333333333,140.66399712958392
benchmark,ssvepformer,1.2,3,3,0.9847222222222222,0.9847222222222222,180.9648103854472
benchmark,ssvepformer,1.2,4,3,0.6527777777777778,0.6527777777777778,90.20840373083028
benchmark,ssvepformer,1.2,5,3,0.8569444444444444,0.8569444444444446,140.3268745375967
benchmark,ssvepformer,1.2,6,3,0.8763888888888888,0.8763888888888888,145.73371063686656
benchmark,ssvepformer,1.2,7,3,0.7374999999999999,0.7374999999999999,109.61932294651302
benchmark,ssvepformer,1.2,8,3,0.6875,0.6875,97.9253464727331
benchmark,ssvepformer,1.2,9,3,0.6791666666666667,0.6791666666666666,96.09049809654364
benchmark,ssvepformer,1.2,10,3,0.9069444444444444,0.9069444444444444,154.71662586311444
benchmark,ssvepformer,1.2,11,3,0.2125,0.2125,14.604238674357036
benchmark,ssvepformer,1.2,12,3,0.6458333333333334,0.6458333333333334,88.67387747591674
benchmark,ssvepformer,1.2,13,3,0.49444444444444446,0.4944444444444444,58.348453884438364
benchmark,ssvepformer,1.2,14,3,0.6680555555555556,0.6680555555555556,93.71316003796771
benchmark,ssvepformer,1.2,15,3,0.7555555555555555,0.7555555555555555,113.96272996900045
benchmark,ssvepformer,1.2,16,3,0.6638888888888889,0.6638888888888889,92.6473122770321
benchmark,ssvepformer,1.2,17,3,0.6805555555555557,0.6805555555555557,96.50895360590063
benchmark,ssvepformer,1.2,18,3,0.8083333333333332,0.8083333333333335,127.20005487148535
benchmark,ssvepformer,1.2,19,3,0.5694444444444445,0.5694444444444444,72.73476406317103
benchmark,ssvepformer,1.2,20,3,0.9041666666666667,0.9041666666666667,153.88763177187005
benchmark,ssvepformer,1.2,21,3,0.7416666666666667,0.7416666666666667,110.59566702733366
benchmark,ssvepformer,1.2,22,3,0.8138888888888888,0.813888888888889,128.64739332607192
benchmark,ssvepformer,1.2,23,3,0.3416666666666666,0.3416666666666666,32.3651310463952
benchmark,ssvepformer,1.2,24,3,0.9166666666666666,0.9166666666666666,157.69391679248724
benchmark,ssvepformer,1.2,25,3,0.8722222222222222,0.8722222222222223,144.56634188855367
benchmark,ssvepformer,1.2,26,3,0.7791666666666667,0.7791666666666668,119.77541392533782
benchmark,ssvepformer,1.2,27,3,0.8680555555555557,0.8680555555555557,143.3815508129097
benchmark,ssvepformer,1.2,28,3,0.8972222222222221,0.8972222222222223,151.86451859020352
benchmark,ssvepformer,1.2,29,3,0.3833333333333333,0.3833333333333333,38.91361295166475
benchmark,ssvepformer,1.2,30,3,0.8847222222222223,0.8847222222222223,148.16005245362135
benchmark,ssvepformer,1.2,31,3,0.9402777777777778,0.9402777777777778,165.26273510046167
benchmark,ssvepformer,1.2,32,3,0.9958333333333332,0.9958333333333332,185.68099481109695
benchmark,ssvepformer,1.2,33,3,0.3138888888888889,0.3138888888888889,28.175506069173437
benchmark,ssvepformer,1.2,34,3,0.8930555555555556,0.8930555555555557,150.64446957659183
benchmark,ssvepformer,1.2,35,3,0.798611111111111,0.798611111111111,124.72883407652877
benchmark,ssvepformer,2.0,1,3,0.8194444444444443,0.8194444444444443,88.52199978864938
benchmark,ssvepformer,2.0,2,3,0.8805555555555555,0.8805555555555556,99.93217050379933
benchmark,ssvepformer,2.0,3,3,0.9944444444444445,0.9944444444444445,125.84221174958024
benchmark,ssvepformer,2.0,4,3,0.6902777777777778,0.6902777777777778,67.01558597461565
benchmark,ssvepformer,2.0,5,3,0.9194444444444444,0.9194444444444444,107.89106803294776
benchmark,ssvepformer,2.0,6,3,0.9055555555555556,0.9055555555555556,104.92192686351775
benchmark,ssvepformer,2.0,7,3,0.7513888888888888,0.751388888888889,76.7942438233272
benchmark,ssvepformer,2.0,8,3,0.7430555555555557,0.7430555555555557,75.40500405227648
benchmark,ssvepformer,2.0,9,3,0.701388888888889,0.701388888888889,68.82421372119781
benchmark,ssvepformer,2.0,10,3,0.9583333333333334,0.9583333333333334,116.55022506737328
benchmark,ssvepformer,2.0,11,3,0.2625,0.2625,14.28006691955504
benchmark,ssvepformer,2.0,12,3,0.7402777777777779,0.7402777777777779,75.01617788037304
benchmark,ssvepformer,2.0,13,3,0.6013888888888889,0.6013888888888889,53.947399084617594
benchmark,ssvepformer,2.0,14,3,0.7333333333333334,0.7333333333333334,73.98387514015826
benchmark,ssvepformer,2.0,15,3,0.8333333333333334,0.8333333333333334,90.99414558639019
benchmark,ssvepformer,2.0,16,3,0.6888888888888888,0.6888888888888888,66.83018920071511
benchmark,ssvepformer,2.0,17,3,0.7111111111111111,0.7111111111111109,70.4489620233735
benchmark,ssvepformer,2.0,18,3,0.826388888888889,0.826388888888889,89.72820454058585
benchmark,ssvepformer,2.0,19,3,0.673611111111111,0.673611111111111,64.46841852017018
benchmark,ssvepformer,2.0,20,3,0.9458333333333333,0.9458333333333333,113.56701411829552
benchmark,ssvepformer,2.0,21,3,0.775,0.775,80.77366300035455
benchmark,ssvepformer,2.0,22,3,0.8430555555555556,0.8430555555555556,92.7807733839394
benchmark,ssvepformer,2.0,23,3,0.3819444444444444,0.3819444444444444,26.319356855536274
benchmark,ssvepformer,2.0,24,3,0.9472222222222223,0.9472222222222223,113.87882114346534
benchmark,ssvepformer,2.0,25,3,0.8958333333333334,0.8958333333333334,102.9684098533847
benchmark,ssvepformer,2.0,26,3,0.8166666666666668,0.8166666666666668,88.01306043845575
benchmark,ssvepformer,2.0,27,3,0.9013888888888889,0.901388888888889,104.17892248605642
benchmark,ssvepformer,2.0,28,3,0.9,0.9,103.81495725561592
benchmark,ssvepformer,2.0,29,3,0.4930555555555556,0.4930555555555555,39.42575746324819
benchmark,ssvepformer,2.0,30,3,0.9236111111111112,0.9236111111111112,108.7503602214477
benchmark,ssvepformer,2.0,31,3,0.9763888888888889,0.9763888888888888,120.89738783987707
benchmark,ssvepformer,2.0,32,3,1.0,1.0,127.7262742772967
benchmark,ssvepformer,2.0,33,3,0.36944444444444446,0.36944444444444446,24.93579677761248
benchmark,ssvepformer,2.0,34,3,0.9513888888888888,0.951388888888889,114.84715813935061
benchmark,ssvepformer,2.0,35,3,0.8430555555555556,0.8430555555555556,92.84883408188965
benchmark,ssvepformer,3.0,1,3,0.8208333333333334,0.8208333333333334,63.38371097200431
benchmark,ssvepformer,3.0,2,3,0.8569444444444444,0.8569444444444446,68.23974098828188
benchmark,ssvepformer,3.0,3,3,0.9972222222222222,0.9972222222222222,90.53629219533059
benchmark,ssvepformer,3.0,4,3,0.6819444444444445,0.6819444444444445,46.96121615226039
benchmark,ssvepformer,3.0,5,3,0.9388888888888888,0.938888888888889,80.04764809346698
benchmark,ssvepformer,3.0,6,3,0.9194444444444444,0.9194444444444446,77.01063722510447
benchmark,ssvepformer,3.0,7,3,0.7805555555555556,0.7805555555555556,58.369924219549496
benchmark,ssvepformer,3.0,8,3,0.7694444444444444,0.7694444444444444,56.99349241307235
benchmark,ssvepformer,3.0,9,3,0.7027777777777778,0.7027777777777778,49.37032818248603
benchmark,ssvepformer,3.0,10,3,0.9541666666666666,0.9541666666666667,82.50264317421421
benchmark,ssvepformer,3.0,11,3,0.3458333333333334,0.34583333333333327,16.025262773710004
benchmark,ssvepformer,3.0,12,3,0.7847222222222222,0.7847222222222222,58.8942333224202
benchmark,ssvepformer,3.0,13,3,0.6513888888888889,0.6513888888888889,43.72795140678071
benchmark,ssvepformer,3.0,14,3,0.7513888888888888,0.7513888888888888,54.950203772956506
benchmark,ssvepformer,3.0,15,3,0.8624999999999999,0.8624999999999999,68.89542023343368
benchmark,ssvepformer,3.0,16,3,0.6458333333333333,0.6458333333333333,43.07520290324741
benchmark,ssvepformer,3.0,17,3,0.7125,0.7125,50.51568398957617
benchmark,ssvepformer,3.0,18,3,0.8277777777777778,0.8277777777777778,64.26721262450891
benchmark,ssvepformer,3.0,19,3,0.7277777777777779,0.7277777777777779,52.100221762474376
benchmark,ssvepformer,3.0,20,3,0.951388888888889,0.951388888888889,82.06311358589674
benchmark,ssvepformer,3.0,21,3,0.7416666666666667,0.7416666666666666,53.81058257830495
benchmark,ssvepformer,3.0,22,3,0.8583333333333334,0.8583333333333333,68.31172260825069
benchmark,ssvepformer,3.0,23,3,0.3958333333333333,0.3958333333333333,19.923278239972404
benchmark,ssvepformer,3.0,24,3,0.9583333333333334,0.9583333333333334,83.17765939143527
benchmark,ssvepformer,3.0,25,3,0.8875000000000001,0.8874999999999998,72.38673779148321
benchmark,ssvepformer,3.0,26,3,0.8305555555555554,0.8305555555555554,64.64495385220891
benchmark,ssvepformer,3.0,27,3,0.8916666666666666,0.8916666666666666,72.96460277271196
benchmark,ssvepformer,3.0,28,3,0.8694444444444445,0.8694444444444445,69.86816191128787
benchmark,ssvepformer,3.0,29,3,0.5583333333333333,0.5583333333333332,34.24491545246638
benchmark,ssvepformer,3.0,30,3,0.9388888888888888,0.9388888888888888,80.03418489653397
benchmark,ssvepformer,3.0,31,3,0.9791666666666666,0.9791666666666666,86.8878179573304
benchmark,ssvepformer,3.0,32,3,1.0,1.0,91.23305305521193
benchmark,ssvepformer,3.0,33,3,0.4055555555555555,0.4055555555555556,20.687705665975596
benchmark,ssvepformer,3.0,34,3,0.9527777777777778,0.9527777777777778,82.28834421776713
benchmark,ssvepformer,3.0,35,3,0.8708333333333332,0.8708333333333335,70.07781072792154
benchmark,ssvepformer,5.0,1,3,0.7861111111111111,0.7861111111111111,37.560592293798685
benchmark,ssvepformer,5.0,2,3,0.8430555555555556,0.8430555555555556,42.34531929101545
benchmark,ssvepformer,5.0,3,3,0.9916666666666667,0.9916666666666668,56.82993058232325
benchmark,ssvepformer,5.0,4,3,0.6736111111111112,0.6736111111111112,29.34498557021898
benchmark,ssvepformer,5.0,5,3,0.9444444444444445,0.9444444444444445,51.488212901473695
benchmark,ssvepformer,5.0,6,3,0.8958333333333334,0.8958333333333334,46.79525069245228
benchmark,ssvepformer,5.0,7,3,0.8125,0.8125,39.7065216859379
benchmark,ssvepformer,5.0,8,3,0.7055555555555556,0.7055555555555556,31.64737348347366
benchmark,ssvepformer,5.0,9,3,0.7416666666666667,0.7416666666666667,34.21031168124002
benchmark,ssvepformer,5.0,10,3,0.9541666666666666,0.9541666666666667,52.4924990082022
benchmark,ssvepformer,5.0,11,3,0.41250000000000003,0.41250000000000003,13.523049774653662
benchmark,ssvepformer,5.0,12,3,0.7819444444444444,0.7819444444444444,37.27102649489433
benchmark,ssvepformer,5.0,13,3,0.6611111111111111,0.6611111111111111,28.463990342137492
benchmark,ssvepformer,5.0,14,3,0.7486111111111112,0.7486111111111112,34.83039462494861
benchmark,ssvepformer,5.0,15,3,0.8375,0.8375,41.77992596318105
benchmark,ssvepformer,5.0,16,3,0.6166666666666667,0.6166666666666667,25.48895789662556
benchmark,ssvepformer,5.0,17,3,0.7305555555555555,0.7305555555555555,33.56042224157238
benchmark,ssvepformer,5.0,18,3,0.85,0.85,42.76070920454821
benchmark,ssvepformer,5.0,19,3,0.7430555555555555,0.7430555555555557,34.27884687348732
benchmark,ssvepformer,5.0,20,3,0.9583333333333334,0.9583333333333334,52.9457829938057
benchmark,ssvepformer,5.0,21,3,0.7194444444444444,0.7194444444444444,32.647186280922824
benchmark,ssvepformer,5.0,22,3,0.8708333333333332,0.8708333333333335,44.56403439214274
benchmark,ssvepformer,5.0,23,3,0.4041666666666666,0.40416666666666673,13.132621527798497
benchmark,ssvepformer,5.0,24,3,0.9541666666666666,0.9541666666666666,52.49478360709827
benchmark,ssvepformer,5.0,25,3,0.8791666666666665,0.8791666666666665,45.31568495607683
benchmark,ssvepformer,5.0,26,3,0.8069444444444445,0.8069444444444444,39.24424244403221
benchmark,ssvepformer,5.0,27,3,0.8791666666666668,0.8791666666666668,45.339843020563485
benchmark,ssvepformer,5.0,28,3,0.8458333333333333,0.8458333333333332,42.445837636047514
benchmark,ssvepformer,5.0,29,3,0.5833333333333334,0.5833333333333334,23.348230361308868
benchmark,ssvepformer,5.0,30,3,0.9416666666666668,0.9416666666666665,51.2154106672188
benchmark,ssvepformer,5.0,31,3,0.9652777777777778,0.965277777777778,53.69924347795246
benchmark,ssvepformer,5.0,32,3,1.0,1.0,58.05739739877122
benchmark,ssvepformer,5.0,33,3,0.4236111111111111,0.42361111111111116,14.112283663414061
benchmark,ssvepformer,5.0,34,3,0.9430555555555555,0.9430555555555556,51.351162010923964
benchmark,ssvepformer,5.0,35,3,0.8902777777777778,0.8902777777777778,46.30788798310323
beta,harmonic_fold,0.4,1,3,0.45416666666666666,0.45416666666666666,96.28576908515235
beta,harmonic_fold,0.4,2,3,0.51875,0.51875,118.70315696595128
beta,harmonic_fold,0.4,3,3,0.4666666666666666,0.4666666666666666,100.44387827575692
beta,harmonic_fold,0.4,4,3,0.2333333333333333,0.2333333333333333,32.51584601862526
beta,harmonic_fold,0.4,5,3,0.17291666666666664,0.17291666666666664,19.353615364319705
beta,harmonic_fold,0.4,6,3,0.2041666666666667,0.2041666666666667,25.82156571385062
beta,harmonic_fold,0.4,7,3,0.11875000000000001,0.11875000000000001,9.448135766233515
beta,harmonic_fold,0.4,8,3,0.22708333333333333,0.22708333333333333,31.52157202770941
beta,harmonic_fold,0.4,9,3,0.5291666666666667,0.5291666666666667,122.69264302571055
beta,harmonic_fold,0.4,10,3,0.28541666666666665,0.28541666666666665,45.644515831653536
beta,harmonic_fold,0.4,11,3,0.07916666666666666,0.07916666666666666,3.8725211271629565
beta,harmonic_fold,0.4,12,3,0.4791666666666667,0.4791666666666667,104.85340216980065
beta,harmonic_fold,0.4,13,3,0.41041666666666665,0.41041666666666665,81.96776250447971
beta,harmonic_fold,0.4,14,3,0.11458333333333333,0.11458333333333333,8.687926722280201
beta,harmonic_fold,0.4,15,3,0.28750000000000003,0.28750000000000003,46.603686954107104
beta,harmonic_fold,0.4,16,3,0.2854166666666667,0.2854166666666667,45.51590584494364
beta,harmonic_fold,0.4,17,3,0.10000000000000002,0.10000000000000002,6.692575214786384
beta,harmonic_fold,0.4,18,3,0.5125000000000001,0.5125000000000001,116.48837840456922
beta,harmonic_fold,0.4,19,3,0.4104166666666667,0.4104166666666667,81.97798221891962
beta,harmonic_fold,0.4,20,3,0.11666666666666665,0.11666666666666665,8.912934092180869
beta,harmonic_fold,0.4,21,3,0.37916666666666665,0.37916666666666665,72.40131976188202
beta,harmonic_fold,0.4,22,3,0.31666666666666665,0.31666666666666665,54.085796006474446
beta,harmonic_fold,0.4,23,3,0.26875,0.26875,41.565150453161394
beta,harmonic_fold,0.4,24,3,0.20833333333333334,0.20833333333333334,26.797238648070415
beta,harmonic_fold,0.4,25,3,0.10833333333333334,0.10833333333333334,7.880241869404298
beta,harmonic_fold,0.4,26,3,0.2125,0.2125,27.651272494944223
beta,harmonic_fold,0.4,27,3,0.4041666666666666,0.4041666666666666,80.12590581012064
beta,harmonic_fold,0.4,28,3,0.3625,0.3625,67.378377676787
beta,harmonic_fold,0.4,29,3,0.26875,0.26875,41.17966236655902
beta,harmonic_fold,0.4,30,3,0.32916666666666666,0.32916666666666666,57.54103971558175
beta,harmonic_fold,0.4,31,3,0.18333333333333335,0.18333333333333335,21.292256661244892
beta,harmonic_fold,0.4,32,3,0.05416666666666667,0.05416666666666667,1.5988431001444032
beta,harmonic_fold,0.4,33,3,0.16666666666666666,0.16666666666666666,17.88438158647667
beta,harmonic_fold,0.4,34,3,0.375,0.375,71.07488101283303
beta,harmonic_fold,0.4,35,3,0.2791666666666667,0.2791666666666667,44.76921714701058
beta,harmonic_fold,0.4,36,3,0.5104166666666666,0.5104166666666666,115.68154170697547
beta,harmonic_fold,0.4,37,3,0.5416666666666666,0.5416666666666666,127.09245005881034
beta,harmonic_fold,0.4,38,3,0.13333333333333333,0.13333333333333333,11.705984988992215
beta,harmonic_fold,0.4,39,3,0.30624999999999997,0.30624999999999997,51.31357498806114
beta,harmonic_fold,0.4,40,3,0.19791666666666666,0.19791666666666666,24.43502554166535
beta,harmonic_fold,0.4,41,3,0.13541666666666666,0.13541666666666666,12.53388980345578
beta,harmonic_fold,0.4,42,3,0.2270833333333333,0.2270833333333333,31.158952372302195
beta,harmonic_fold,0.4,43,3,0.2125,0.2125,27.934409284741236
beta,harmonic_fold,0.4,44,3,0.17916666666666667,0.17916666666666667,20.360830899456474
beta,harmonic_fold,0.4,45,3,0.13749999999999998,0.13749999999999998,12.861596797810668
beta,harmonic_fold,0.4,46,3,0.22291666666666665,0.22291666666666665,30.268412435178604
beta,harmonic_fold,0.4,47,3,0.11458333333333333,0.11458333333333333,8.676472570822646
beta,harmonic_fold,0.4,48,3,0.15,0.15,14.662886950287694
beta,harmonic_fold,0.4,49,3,0.33958333333333335,0.33958333333333335,61.026632692721854
beta,harmonic_fold,0.4,50,3,0.18541666666666667,0.18541666666666667,21.81941434674266
beta,harmonic_fold,0.4,51,3,0.2791666666666667,0.2791666666666667,43.88759553198209
beta,harmonic_fold,0.4,52,3,0.3770833333333334,0.3770833333333334,71.7908733799198
beta,harmonic_fold,0.4,53,3,0.3770833333333334,0.3770833333333334,71.76817732990104
beta,harmonic_fold,0.4,54,3,0.26458333333333334,0.26458333333333334,40.41166084547455
beta,harmonic_fold,0.4,55,3,0.14791666666666667,0.14791666666666667,14.290842733147455
beta,harmonic_fold,0.4,56,3,0.32916666666666666,0.32916666666666666,57.50660396435802
beta,harmonic_fold,0.4,57,3,0.275,0.275,42.82078601326793
beta,harmonic_fold,0.4,58,3,0.20833333333333334,0.20833333333333334,26.749595075131975
beta,harmonic_fold,0.4,59,3,0.10625,0.10625,7.549145867373003
beta,harmonic_fold,0.4,60,3,0.21458333333333335,0.21458333333333335,28.067909333980936
beta,harmonic_fold,0.4,61,3,0.11666666666666665,0.11666666666666665,8.97465247787213
beta,harmonic_fold,0.4,62,3,0.43124999999999997,0.43124999999999997,88.70208448407097
beta,harmonic_fold,0.4,63,3,0.5666666666666667,0.5666666666666667,136.5324055798477
beta,harmonic_fold,0.4,64,3,0.34375,0.34375,61.841098002886355
beta,harmonic_fold,0.4,65,3,0.10833333333333334,0.10833333333333334,7.697872367202664
beta,harmonic_fold,0.4,66,3,0.4937500000000001,0.4937500000000001,109.85901533259397
beta,harmonic_fold,0.4,67,3,0.48125,0.48125,105.55003153103242
beta,harmonic_fold,0.4,68,3,0.09583333333333333,0.09583333333333333,6.070781098729761
beta,harmonic_fold,0.4,69,3,0.06875,0.06875,2.9316432042723246
beta,harmonic_fold,0.4,70,3,0.3541666666666667,0.3541666666666667,64.8587029960616
beta,harmonic_fold,0.6,1,3,0.6062500000000001,0.6062500000000001,124.04583676328241
beta,harmonic_fold,0.6,2,3,0.74375,0.74375,171.77088946008698
beta,harmonic_fold,0.6,3,3,0.6770833333333334,0.6770833333333334,147.86045842153155
beta,harmonic_fold,0.6,4,3,0.5187499999999999,0.5187499999999999,97.09201557057084
beta,harmonic_fold,0.6,5,3,0.3416666666666666,0.3416666666666666,50.16640680568937
beta,harmonic_fold,0.6,6,3,0.3833333333333333,0.3833333333333333,60.14930976539807
beta,harmonic_fold,0.6,7,3,0.20833333333333334,0.20833333333333334,21.860080708885476
beta,harmonic_fold,0.6,8,3,0.3520833333333333,0.3520833333333333,52.73665300175012
beta,harmonic_fold,0.6,9,3,0.7395833333333334,0.7395833333333334,170.08251043500184
beta,harmonic_fold,0.6,10,3,0.4583333333333333,0.4583333333333333,79.89808669498727
beta,harmonic_fold,0.6,11,3,0.18125,0.18125,17.279568996322535
beta,harmonic_fold,0.6,12,3,0.6833333333333332,0.6833333333333332,149.87458019064408
beta,harmonic_fold,0.6,13,3,0.6458333333333334,0.6458333333333334,137.28673312459287
beta,harmonic_fold,0.6,14,3,0.2125,0.2125,22.569491605426588
beta,harmonic_fold,0.6,15,3,0.4166666666666667,0.4166666666666667,68.68595830318078
beta,harmonic_fold,0.6,16,3,0.49374999999999997,0.49374999999999997,90.01189217340193
beta,harmonic_fold,0.6,17,3,0.16458333333333333,0.16458333333333333,14.377379830564216
beta,harmonic_fold,0.6,18,3,0.7520833333333333,0.7520833333333333,174.75628158413915
beta,harmonic_fold,0.6,19,3,0.56875,0.56875,112.21073954773078
beta,harmonic_fold,0.6,20,3,0.19166666666666665,0.19166666666666665,18.806023432426933
beta,harmonic_fold,0.6,21,3,0.5229166666666667,0.5229166666666667,98.38779301094714
beta,harmonic_fold,0.6,22,3,0.49374999999999997,0.49374999999999997,90.01189217340193
beta,harmonic_fold,0.6,23,3,0.5375,0.5375,102.93973010974952
beta,harmonic_fold,0.6,24,3,0.32083333333333336,0.32083333333333336,45.165588113182345
beta,harmonic_fold,0.6,25,3,0.22083333333333333,0.22083333333333333,24.253463332659077
beta,harmonic_fold,0.6,26,3,0.3666666666666667,0.3666666666666667,56.058949151797
beta,harmonic_fold,0.6,27,3,0.6687500000000001,0.6687500000000001,144.8889803944822
beta,harmonic_fold,0.6,28,3,0.6208333333333333,0.6208333333333333,128.84303696584206
beta,harmonic_fold,0.6,29,3,0.5395833333333333,0.5395833333333333,103.30361975948709
beta,harmonic_fold,0.6,30,3,0.4333333333333333,0.4333333333333333,73.16961299052525
beta,harmonic_fold,0.6,31,3,0.25833333333333336,0.25833333333333336,31.544736478263577
beta,harmonic_fold,0.6,32,3,0.08958333333333335,0.08958333333333335,4.116288192836266
beta,harmonic_fold,0.6,33,3,0.23750000000000002,0.23750000000000002,27.36452983938888
beta,harmonic_fold,0.6,34,3,0.6208333333333333,0.6208333333333333,128.77392621592227
beta,harmonic_fold,0.6,35,3,0.5458333333333334,0.5458333333333334,105.409719261382
beta,harmonic_fold,0.6,36,3,0.7541666666666668,0.7541666666666668,175.8022551177471
beta,harmonic_fold,0.6,37,3,0.7312500000000001,0.7312500000000001,167.06987552210327
beta,harmonic_fold,0.6,38,3,0.22916666666666666,0.22916666666666666,25.762895354459573
beta,harmonic_fold,0.6,39,3,0.5041666666666665,0.5041666666666665,93.19828608739822
beta,harmonic_fold,0.6,40,3,0.3145833333333333,0.3145833333333333,43.7305747870933
beta,harmonic_fold,0.6,41,3,0.1708333333333333,0.1708333333333333,15.449971489904756
beta,harmonic_fold,0.6,42,3,0.3520833333333333,0.3520833333333333,52.46567851592283
beta,harmonic_fold,0.6,43,3,0.3645833333333333,0.3645833333333333,55.769730513501536
beta,harmonic_fold,0.6,44,3,0.29583333333333334,0.29583333333333334,39.570891115262185
beta,harmonic_fold,0.6,45,3,0.22916666666666666,0.22916666666666666,25.71583858810557
beta,harmonic_fold,0.6,46,3,0.36041666666666666,0.36041666666666666,54.65987678775371
beta,harmonic_fold,0.6,47,3,0.23750000000000002,0.23750000000000002,27.330248354636016
beta,harmonic_fold,0.6,48,3,0.27291666666666664,0.27291666666666664,34.58087157821644
beta,harmonic_fold,0.6,49,3,0.5729166666666666,0.5729166666666666,113.48197762178465
beta,harmonic_fold,0.6,50,3,0.32916666666666666,0.32916666666666666,47.04164935282797
beta,harmonic_fold,0.6,51,3,0.40208333333333335,0.40208333333333335,65.02258062456333
beta,harmonic_fold,0.6,52,3,0.5979166666666668,0.5979166666666668,121.65052898724969
beta,harmonic_fold,0.6,53,3,0.5895833333333333,0.5895833333333333,118.86051269951946
beta,harmonic_fold,0.6,54,3,0.3958333333333333,0.3958333333333333,63.32388355096801
beta,harmonic_fold,0.6,55,3,0.27499999999999997,0.27499999999999997,35.36323621091527
beta,harmonic_fold,0.6,56,3,0.5916666666666667,0.5916666666666667,119.65840441016742
beta,harmonic_fold,0.6,57,3,0.5,0.5,91.80761425316479
beta,harmonic_fold,0.6,58,3,0.31249999999999994,0.31249999999999994,43.342061022253155
beta,harmonic_fold,0.6,59,3,0.15,0.15,12.04499347710795
beta,harmonic_fold,0.6,60,3,0.33541666666666664,0.33541666666666664,48.53221736002367
beta,harmonic_fold,0.6,61,3,0.2041666666666667,0.2041666666666667,21.102479335626885
beta,harmonic_fold,0.6,62,3,0.6333333333333333,0.6333333333333333,132.88466592786537
beta,harmonic_fold,0.6,63,3,0.7895833333333334,0.7895833333333334,189.2729599662183
beta,harmonic_fold,0.6,64,3,0.5416666666666666,0.5416666666666666,104.09695186066313
beta,harmonic_fold,0.6,65,3,0.17708333333333334,0.17708333333333334,16.4425105350669
beta,harmonic_fold,0.6,66,3,0.7354166666666666,0.7354166666666666,168.54254522849473
beta,harmonic_fold,0.6,67,3,0.69375,0.69375,153.52172120855366
beta,harmonic_fold,0.6,68,3,0.19999999999999998,0.19999999999999998,20.31867933402244
beta,harmonic_fold,0.6,69,3,0.18125,0.18125,17.250961939349143
beta,harmonic_fold,0.6,70,3,0.5895833333333332,0.5895833333333332,118.70880985840067
beta,harmonic_fold,0.8,1,3,0.7208333333333333,0.7208333333333333,138.37843079248321
beta,harmonic_fold,0.8,2,3,0.8270833333333334,0.8270833333333334,172.79235873602715
beta,harmonic_fold,0.8,3,3,0.7979166666666666,0.7979166666666666,162.85369802962995
beta,harmonic_fold,0.8,4,3,0.6354166666666666,0.6354166666666666,113.02563196204515
beta,harmonic_fold,0.8,5,3,0.5,0.5,77.58954090123365
beta,harmonic_fold,0.8,6,3,0.5604166666666667,0.5604166666666667,92.76110334535633
beta,harmonic_fold,0.8,7,3,0.30624999999999997,0.30624999999999997,35.38372572790741
beta,harmonic_fold,0.8,8,3,0.5125000000000001,0.5125000000000001,80.72229668287018
beta,harmonic_fold,0.8,9,3,0.8458333333333333,0.8458333333333333,179.71901589488323
beta,harmonic_fold,0.8,10,3,0.5354166666666667,0.5354166666666667,86.45060820070317
beta,harmonic_fold,0.8,11,3,0.24583333333333335,0.24583333333333335,24.614063735422494
beta,harmonic_fold,0.8,12,3,0.7958333333333334,0.7958333333333334,162.15586715847914
beta,harmonic_fold,0.8,13,3,0.775,0.775,155.39549025315543
beta,harmonic_fold,0.8,14,3,0.3,0.3,34.22210083448885
beta,harmonic_fold,0.8,15,3,0.59375,0.59375,101.56052654473267
beta,harmonic_fold,0.8,16,3,0.65,0.65,117.24090428347604
beta,harmonic_fold,0.8,17,3,0.18541666666666667,0.18541666666666667,15.059385705646116
beta,harmonic_fold,0.8,18,3,0.9020833333333335,0.9020833333333335,200.4251076814444
beta,harmonic_fold,0.8,19,3,0.7166666666666668,0.7166666666666668,136.8605550687125
beta,harmonic_fold,0.8,20,3,0.32916666666666666,0.32916666666666666,39.92149234066678
beta,harmonic_fold,0.8,21,3,0.65,0.65,117.16363305776423
beta,harmonic_fold,0.8,22,3,0.6395833333333334,0.6395833333333334,114.24374331845155
beta,harmonic_fold,0.8,23,3,0.6833333333333332,0.6833333333333332,126.91393145213151
beta,harmonic_fold,0.8,24,3,0.47291666666666665,0.47291666666666665,71.02973990932887
beta,harmonic_fold,0.8,25,3,0.3104166666666667,0.3104166666666667,36.325266716409985
beta,harmonic_fold,0.8,26,3,0.5041666666666667,0.5041666666666667,78.54348799381452
beta,harmonic_fold,0.8,27,3,0.7645833333333334,0.7645833333333334,151.89160446215826
beta,harmonic_fold,0.8,28,3,0.74375,0.74375,145.4213119621745
beta,harmonic_fold,0.8,29,3,0.7250000000000001,0.7250000000000001,139.55194431875876
beta,harmonic_fold,0.8,30,3,0.5979166666666667,0.5979166666666667,102.71829115099065
beta,harmonic_fold,0.8,31,3,0.3479166666666667,0.3479166666666667,43.58006991012374
beta,harmonic_fold,0.8,32,3,0.13333333333333333,0.13333333333333333,8.074865626361845
beta,harmonic_fold,0.8,33,3,0.3625,0.3625,46.58307791905053
beta,harmonic_fold,0.8,34,3,0.8041666666666666,0.8041666666666666,164.97588076570946
beta,harmonic_fold,0.8,35,3,0.6916666666666668,0.6916666666666668,129.29952786495315
beta,harmonic_fold,0.8,36,3,0.8895833333333334,0.8895833333333334,195.6177677550253
beta,harmonic_fold,0.8,37,3,0.9,0.9,199.84813141990844
beta,harmonic_fold,0.8,38,3,0.3854166666666667,0.3854166666666667,51.320105025645944
beta,harmonic_fold,0.8,39,3,0.6583333333333333,0.6583333333333333,119.6021420530884
beta,harmonic_fold,0.8,40,3,0.40625,0.40625,55.86820586707128
beta,harmonic_fold,0.8,41,3,0.2520833333333334,0.2520833333333334,25.658437500860416
beta,harmonic_fold,0.8,42,3,0.4979166666666666,0.4979166666666666,77.03099870951063
beta,harmonic_fold,0.8,43,3,0.5166666666666666,0.5166666666666666,81.63789767469204
beta,harmonic_fold,0.8,44,3,0.375,0.375,49.12792380971899
beta,harmonic_fold,0.8,45,3,0.3020833333333333,0.3020833333333333,34.61070225200466
beta,harmonic_fold,0.8,46,3,0.4458333333333333,0.4458333333333333,64.91144757886302
beta,harmonic_fold,0.8,47,3,0.3416666666666666,0.3416666666666666,42.4152517928635
beta,harmonic_fold,0.8,48,3,0.4541666666666666,0.4541666666666666,67.04048453336753
beta,harmonic_fold,0.8,49,3,0.7354166666666666,0.7354166666666666,142.6308419972403
beta,harmonic_fold,0.8,50,3,0.4166666666666667,0.4166666666666667,58.22303972540298
beta,harmonic_fold,0.8,51,3,0.5916666666666667,0.5916666666666667,101.01946071708767
beta,harmonic_fold,0.8,52,3,0.7729166666666666,0.7729166666666666,154.80693610890066
beta,harmonic_fold,0.8,53,3,0.7041666666666666,0.7041666666666666,133.0463352004631
beta,harmonic_fold,0.8,54,3,0.5020833333333333,0.5020833333333333,78.04047894491357
beta,harmonic_fold,0.8,55,3,0.36041666666666666,0.36041666666666666,46.1953822863314
beta,harmonic_fold,0.8,56,3,0.7041666666666666,0.7041666666666666,133.0844483719197
beta,harmonic_fold,0.8,57,3,0.7729166666666667,0.7729166666666667,154.64175116322397
beta,harmonic_fold,0.8,58,3,0.48333333333333334,0.48333333333333334,73.63500913306564
beta,harmonic_fold,0.8,59,3,0.19166666666666665,0.19166666666666665,16.181126900411993
beta,harmonic_fold,0.8,60,3,0.4270833333333333,0.4270833333333333,60.50535991204566
beta,harmonic_fold,0.8,61,3,0.2333333333333333,0.2333333333333333,22.43769494092742
beta,harmonic_fold,0.8,62,3,0.7625000000000001,0.7625000000000001,151.209325533812
beta,harmonic_fold,0.8,63,3,0.8958333333333334,0.8958333333333334,197.97990677575964
beta,harmonic_fold,0.8,64,3,0.7020833333333334,0.7020833333333334,132.5208180626445
beta,harmonic_fold,0.8,65,3,0.21458333333333335,0.21458333333333335,19.540798554877544
beta,harmonic_fold,0.8,66,3,0.8270833333333334,0.8270833333333334,172.79854073658439
beta,harmonic_fold,0.8,67,3,0.7583333333333333,0.7583333333333333,149.99761814149676
beta,harmonic_fold,0.8,68,3,0.2708333333333333,0.2708333333333333,29.09663602508464
beta,harmonic_fold,0.8,69,3,0.21875,0.21875,20.11474132654038
beta,harmonic_fold,0.8,70,3,0.7833333333333332,0.7833333333333332,158.01397040861946
beta,harmonic_fold,1.0,1,3,0.8125,0.8125,145.4222987578605
beta,harmonic_fold,1.0,2,3,0.8729166666666667,0.8729166666666667,164.07697585583128
beta,harmonic_fold,1.0,3,3,0.86875,0.86875,162.83660345091747
beta,harmonic_fold,1.0,4,3,0.7125,0.7125,117.50203337727423
beta,harmonic_fold,1.0,5,3,0.6437499999999999,0.6437499999999999,100.00858780802729
beta,harmonic_fold,1.0,6,3,0.69375,0.69375,112.63569284866394
beta,harmonic_fold,1.0,7,3,0.425,0.425,51.97684287895516
beta,harmonic_fold,1.0,8,3,0.6437499999999999,0.6437499999999999,99.98889440738623
beta,harmonic_fold,1.0,9,3,0.90625,0.90625,175.13775813540312
beta,harmonic_fold,1.0,10,3,0.61875,0.61875,93.94017903347526
beta,harmonic_fold,1.0,11,3,0.28750000000000003,0.28750000000000003,27.657396076039152
beta,harmonic_fold,1.0,12,3,0.8624999999999999,0.8624999999999999,160.77952395045216
beta,harmonic_fold,1.0,13,3,0.8916666666666666,0.8916666666666666,170.18948056817575
beta,harmonic_fold,1.0,14,3,0.3833333333333333,0.3833333333333333,44.15398960321746
beta,harmonic_fold,1.0,15,3,0.6749999999999999,0.6749999999999999,107.82221003317731
beta,harmonic_fold,1.0,16,3,0.7395833333333334,0.7395833333333334,124.7741566758826
beta,harmonic_fold,1.0,17,3,0.20625000000000002,0.20625000000000002,15.78132420337995
beta,harmonic_fold,1.0,18,3,0.9666666666666667,0.9666666666666667,197.42884293194984
beta,harmonic_fold,1.0,19,3,0.8145833333333333,0.8145833333333333,146.03735521360719
beta,harmonic_fold,1.0,20,3,0.3770833333333334,0.3770833333333334,42.95173557597733
beta,harmonic_fold,1.0,21,3,0.7624999999999998,0.7624999999999998,131.09796385734487
beta,harmonic_fold,1.0,22,3,0.7125,0.7125,117.47987078046806
beta,harmonic_fold,1.0,23,3,0.7979166666666666,0.7979166666666666,141.23179571736767
beta,harmonic_fold,1.0,24,3,0.5833333333333334,0.5833333333333334,85.70462333993369
beta,harmonic_fold,1.0,25,3,0.3458333333333334,0.3458333333333334,37.485294675406486
beta,harmonic_fold,1.0,26,3,0.5708333333333334,0.5708333333333334,82.75402187966081
beta,harmonic_fold,1.0,27,3,0.8270833333333334,0.8270833333333334,149.80167149032062
beta,harmonic_fold,1.0,28,3,0.8145833333333333,0.8145833333333333,146.03735521360719
beta,harmonic_fold,1.0,29,3,0.7645833333333334,0.7645833333333334,131.75532024051105
beta,harmonic_fold,1.0,30,3,0.6750000000000002,0.6750000000000002,107.78087540937368
beta,harmonic_fold,1.0,31,3,0.48541666666666666,0.48541666666666666,64.18377158388141
beta,harmonic_fold,1.0,32,3,0.1791666666666667,0.1791666666666667,12.28178313335416
beta,harmonic_fold,1.0,33,3,0.425,0.425,52.023173263610495
beta,harmonic_fold,1.0,34,3,0.875,0.875,164.71440746407393
beta,harmonic_fold,1.0,35,3,0.7791666666666667,0.7791666666666667,135.7495389857382
beta,harmonic_fold,1.0,36,3,0.9354166666666667,0.9354166666666667,185.56198288584952
beta,harmonic_fold,1.0,37,3,0.9562499999999999,0.9562499999999999,193.27652184208657
beta,harmonic_fold,1.0,38,3,0.5583333333333335,0.5583333333333335,79.93292613305714
beta,harmonic_fold,1.0,39,3,0.7479166666666667,0.7479166666666667,127.12096496295192
beta,harmonic_fold,1.0,40,3,0.4749999999999999,0.4749999999999999,61.95584203767489
beta,harmonic_fold,1.0,41,3,0.30416666666666664,0.30416666666666664,30.322073265394177
beta,harmonic_fold,1.0,42,3,0.6,0.6,89.5855038751658
beta,harmonic_fold,1.0,43,3,0.6041666666666667,0.6041666666666667,90.46986785717354
beta,harmonic_fold,1.0,44,3,0.4354166666666666,0.4354166666666666,54.066013928737554
beta,harmonic_fold,1.0,45,3,0.43333333333333335,0.43333333333333335,53.63314087437738
beta,harmonic_fold,1.0,46,3,0.5979166666666665,0.5979166666666665,89.16226927884702
beta,harmonic_fold,1.0,47,3,0.4145833333333333,0.4145833333333333,49.982708641407584
beta,harmonic_fold,1.0,48,3,0.5770833333333333,0.5770833333333333,84.62702705950856
beta,harmonic_fold,1.0,49,3,0.80625,0.80625,143.58858031281946
beta,harmonic_fold,1.0,50,3,0.5479166666666667,0.5479166666666667,77.76413102084524
beta,harmonic_fold,1.0,51,3,0.6416666666666666,0.6416666666666666,99.47566745459456
beta,harmonic_fold,1.0,52,3,0.8395833333333332,0.8395833333333332,153.6725289826635
beta,harmonic_fold,1.0,53,3,0.7875,0.7875,138.11980193162063
beta,harmonic_fold,1.0,54,3,0.6395833333333334,0.6395833333333334,98.97554825634917
beta,harmonic_fold,1.0,55,3,0.4354166666666666,0.4354166666666666,54.07858646327722
beta,harmonic_fold,1.0,56,3,0.7958333333333334,0.7958333333333334,140.5541160625784
beta,harmonic_fold,1.0,57,3,0.8291666666666666,0.8291666666666666,150.39911266938006
beta,harmonic_fold,1.0,58,3,0.6083333333333334,0.6083333333333334,91.46721145587613
beta,harmonic_fold,1.0,59,3,0.2604166666666667,0.2604166666666667,23.439161687520397
beta,harmonic_fold,1.0,60,3,0.4916666666666667,0.4916666666666667,65.45238806217428
beta,harmonic_fold,1.0,61,3,0.26458333333333334,0.26458333333333334,24.11081244028607
beta,harmonic_fold,1.0,62,3,0.8270833333333334,0.8270833333333334,149.79508785269408
beta,harmonic_fold,1.0,63,3,0.9250000000000002,0.9250000000000002,181.65929805194583
beta,harmonic_fold,1.0,64,3,0.7854166666666668,0.7854166666666668,137.70772042489162
beta,harmonic_fold,1.0,65,3,0.2708333333333333,0.2708333333333333,25.029808439123162
beta,harmonic_fold,1.0,66,3,0.8791666666666668,0.8791666666666668,166.0920666686266
beta,harmonic_fold,1.0,67,3,0.8312499999999999,0.8312499999999999,151.14820619047998
beta,harmonic_fold,1.0,68,3,0.33125,0.33125,35.16653659565575
beta,harmonic_fold,1.0,69,3,0.2604166666666667,0.2604166666666667,23.8283386121185
beta,harmonic_fold,1.0,70,3,0.7937500000000001,0.7937500000000001,139.96280765801166
beta,harmonic_fold,1.2,1,3,0.8770833333333333,0.8770833333333333,145.9283089022699
beta,harmonic_fold,1.2,2,3,0.9145833333333333,0.9145833333333333,157.09521478628696
beta,harmonic_fold,1.2,3,3,0.9333333333333332,0.9333333333333332,162.9940823103298
beta,harmonic_fold,1.2,4,3,0.775,0.775,118.7932364623518
beta,harmonic_fold,1.2,5,3,0.75625,0.75625,114.08796136772175
beta,harmonic_fold,1.2,6,3,0.7354166666666666,0.7354166666666666,109.0907478742207
beta,harmonic_fold,1.2,7,3,0.5187499999999999,0.5187499999999999,62.87469354221319
beta,harmonic_fold,1.2,8,3,0.74375,0.74375,111.14586965064451
beta,harmonic_fold,1.2,9,3,0.9541666666666666,0.9541666666666666,169.84384694807494
beta,harmonic_fold,1.2,10,3,0.6916666666666668,0.6916666666666668,98.86376315193765
beta,harmonic_fold,1.2,11,3,0.3666666666666667,0.3666666666666667,36.273807700355725
beta,harmonic_fold,1.2,12,3,0.9249999999999999,0.9249999999999999,160.34320874885154
beta,harmonic_fold,1.2,13,3,0.94375,0.94375,166.3650193001499
beta,harmonic_fold,1.2,14,3,0.41041666666666665,0.41041666666666665,43.5536737690947
beta,harmonic_fold,1.2,15,3,0.7062499999999999,0.7062499999999999,102.22808592844387
beta,harmonic_fold,1.2,16,3,0.7791666666666668,0.7791666666666668,119.78716780666154
beta,harmonic_fold,1.2,17,3,0.25416666666666665,0.25416666666666665,19.87073443119115
beta,harmonic_fold,1.2,18,3,0.9875000000000002,0.9875000000000002,182.1355646961155
beta,harmonic_fold,1.2,19,3,0.8354166666666667,0.8354166666666667,134.36194996882162
beta,harmonic_fold,1.2,20,3,0.3958333333333333,0.3958333333333333,40.96038457475634
beta,harmonic_fold,1.2,21,3,0.8583333333333334,0.8583333333333334,140.64488903577546
beta,harmonic_fold,1.2,22,3,0.7979166666666666,0.7979166666666666,124.61629033885383
beta,harmonic_fold,1.2,23,3,0.8645833333333334,0.8645833333333334,142.43955614351748
beta,harmonic_fold,1.2,24,3,0.625,0.625,84.2015036148325
beta,harmonic_fold,1.2,25,3,0.44375000000000003,0.44375000000000003,49.11544229090413
beta,harmonic_fold,1.2,26,3,0.6229166666666667,0.6229166666666667,83.81403661920884
beta,harmonic_fold,1.2,27,3,0.8666666666666667,0.8666666666666667,143.02021441626502
beta,harmonic_fold,1.2,28,3,0.8520833333333333,0.8520833333333333,138.91329925586564
beta,harmonic_fold,1.2,29,3,0.8520833333333334,0.8520833333333334,139.2562020637619
beta,harmonic_fold,1.2,30,3,0.74375,0.74375,111.10899095451225
beta,harmonic_fold,1.2,31,3,0.5541666666666666,0.5541666666666666,69.78936565140519
beta,harmonic_fold,1.2,32,3,0.20833333333333334,0.20833333333333334,14.32091529149452
beta,harmonic_fold,1.2,33,3,0.5041666666666668,0.5041666666666668,60.13698953425777
beta,harmonic_fold,1.2,34,3,0.9249999999999999,0.9249999999999999,160.36491072647493
beta,harmonic_fold,1.2,35,3,0.8041666666666666,0.8041666666666666,126.26013093093047
beta,harmonic_fold,1.2,36,3,0.9666666666666668,0.9666666666666668,174.22037193522337
beta,harmonic_fold,1.2,37,3,0.9812499999999998,0.9812499999999998,179.62954628403546
beta,harmonic_fold,1.2,38,3,0.6583333333333333,0.6583333333333333,91.47852100185865
beta,harmonic_fold,1.2,39,3,0.7541666666666668,0.7541666666666668,113.58100951506005
beta,harmonic_fold,1.2,40,3,0.5125000000000001,0.5125000000000001,61.61719735375883
beta,harmonic_fold,1.2,41,3,0.3354166666666667,0.3354166666666667,31.47582067494351
beta,harmonic_fold,1.2,42,3,0.6479166666666667,0.6479166666666667,89.12545285482376
beta,harmonic_fold,1.2,43,3,0.6958333333333333,0.6958333333333333,99.88952259606947
beta,harmonic_fold,1.2,44,3,0.4666666666666666,0.4666666666666666,53.33648440380051
beta,harmonic_fold,1.2,45,3,0.5395833333333334,0.5395833333333334,67.06353547714382
beta,harmonic_fold,1.2,46,3,0.6812499999999999,0.6812499999999999,96.5593394885866
beta,harmonic_fold,1.2,47,3,0.4437499999999999,0.4437499999999999,49.10740478804981
beta,harmonic_fold,1.2,48,3,0.6479166666666667,0.6479166666666667,89.89778095606356
beta,harmonic_fold,1.2,49,3,0.8333333333333334,0.8333333333333334,133.80651120955653
beta,harmonic_fold,1.2,50,3,0.54375,0.54375,67.92116209063745
beta,harmonic_fold,1.2,51,3,0.6770833333333334,0.6770833333333334,95.66974271266297
beta,harmonic_fold,1.2,52,3,0.8770833333333333,0.8770833333333333,146.05321152726597
beta,harmonic_fold,1.2,53,3,0.8249999999999998,0.8249999999999998,131.66088744953717
beta,harmonic_fold,1.2,54,3,0.7020833333333334,0.7020833333333334,101.28352974292916
beta,harmonic_fold,1.2,55,3,0.50625,0.50625,60.45528332252935
beta,harmonic_fold,1.2,56,3,0.8666666666666666,0.8666666666666666,143.02021441626505
beta,harmonic_fold,1.2,57,3,0.8958333333333334,0.8958333333333334,151.61110547939873
beta,harmonic_fold,1.2,58,3,0.7041666666666666,0.7041666666666666,101.79315091587233
beta,harmonic_fold,1.2,59,3,0.3104166666666666,0.3104166666666666,27.794214858477932
beta,harmonic_fold,1.2,60,3,0.5125,0.5125,61.63843227461131
beta,harmonic_fold,1.2,61,3,0.32708333333333334,0.32708333333333334,30.268520574116526
beta,harmonic_fold,1.2,62,3,0.8562500000000001,0.8562500000000001,140.12234031573732
beta,harmonic_fold,1.2,63,3,0.9541666666666666,0.9541666666666666,169.87819832143137
beta,harmonic_fold,1.2,64,3,0.8312499999999999,0.8312499999999999,133.4237896820403
beta,harmonic_fold,1.2,65,3,0.3104166666666666,0.3104166666666666,27.76236257923253
beta,harmonic_fold,1.2,66,3,0.90625,0.90625,154.5098258713584
beta,harmonic_fold,1.2,67,3,0.8479166666666668,0.8479166666666668,138.1031024044307
beta,harmonic_fold,1.2,68,3,0.3625,0.3625,35.776715390116216
beta,harmonic_fold,1.2,69,3,0.26458333333333334,0.26458333333333334,21.969554132238013
beta,harmonic_fold,1.2,70,3,0.81875,0.81875,129.93605379973786
beta,harmonic_fold,1.5,1,3,0.9125,0.9125,132.94863683288423
beta,harmonic_fold,1.5,2,3,0.9,0.9,129.84669212585015
beta,harmonic_fold,1.5,3,3,0.9520833333333334,0.9520833333333334,143.7398460899623
beta,harmonic_fold,1.5,4,3,0.80625,0.80625,107.70644544308648
beta,harmonic_fold,1.5,5,3,0.8354166666666666,0.8354166666666666,114.34369393384615
beta,harmonic_fold,1.5,6,3,0.7625000000000001,0.7625000000000001,98.40915459512435
beta,harmonic_fold,1.5,7,3,0.5624999999999999,0.5624999999999999,60.779213588343
beta,harmonic_fold,1.5,8,3,0.7645833333333334,0.7645833333333334,98.96193181929543
beta,harmonic_fold,1.5,9,3,0.9729166666666668,0.9729166666666668,149.98401167073473
beta,harmonic_fold,1.5,10,3,0.7583333333333333,0.7583333333333333,97.4118459257092
beta,harmonic_fold,1.5,11,3,0.41875,0.41875,38.15836987319501
beta,harmonic_fold,1.5,12,3,0.9541666666666666,0.9541666666666666,144.34186137507584
beta,harmonic_fold,1.5,13,3,0.9729166666666668,0.9729166666666668,149.98401167073473
beta,harmonic_fold,1.5,14,3,0.4749999999999999,0.4749999999999999,46.63635003058249
beta,harmonic_fold,1.5,15,3,0.7479166666666667,0.7479166666666667,95.29923167096189
beta,harmonic_fold,1.5,16,3,0.8166666666666668,0.8166666666666668,109.98512914710885
beta,harmonic_fold,1.5,17,3,0.26666666666666666,0.26666666666666666,18.292207609894948
beta,harmonic_fold,1.5,18,3,0.9895833333333334,0.9895833333333334,155.51975595124165
beta,harmonic_fold,1.5,19,3,0.8583333333333334,0.8583333333333334,119.6023021784002
beta,harmonic_fold,1.5,20,3,0.4875,0.4875,48.41507921089417
beta,harmonic_fold,1.5,21,3,0.9208333333333334,0.9208333333333334,135.1608373840712
beta,harmonic_fold,1.5,22,3,0.8791666666666668,0.8791666666666668,124.8169304931738
beta,harmonic_fold,1.5,23,3,0.9458333333333333,0.9458333333333333,142.02579641161648
beta,harmonic_fold,1.5,24,3,0.7145833333333332,0.7145833333333332,88.56542154056206
beta,harmonic_fold,1.5,25,3,0.55,0.55,58.52167927234629
beta,harmonic_fold,1.5,26,3,0.6666666666666666,0.6666666666666666,79.29652293227097
beta,harmonic_fold,1.5,27,3,0.9145833333333333,0.9145833333333333,133.48692306650034
beta,harmonic_fold,1.5,28,3,0.88125,0.88125,125.14262089435668
beta,harmonic_fold,1.5,29,3,0.8708333333333335,0.8708333333333335,122.89719047495664
beta,harmonic_fold,1.5,30,3,0.7541666666666665,0.7541666666666665,96.5772109752158
beta,harmonic_fold,1.5,31,3,0.5979166666666668,0.5979166666666668,66.74816639378177
beta,harmonic_fold,1.5,32,3,0.25833333333333336,0.25833333333333336,17.697737207189544
beta,harmonic_fold,1.5,33,3,0.5499999999999999,0.5499999999999999,58.537638462470795
beta,harmonic_fold,1.5,34,3,0.9604166666666667,0.9604166666666667,146.20413534052048
beta,harmonic_fold,1.5,35,3,0.8541666666666666,0.8541666666666666,118.78016164732556
beta,harmonic_fold,1.5,36,3,0.9791666666666666,0.9791666666666666,151.98058838188663
beta,harmonic_fold,1.5,37,3,0.9895833333333334,0.9895833333333334,155.56750711026643
beta,harmonic_fold,1.5,38,3,0.75625,0.75625,96.99328276403229
beta,harmonic_fold,1.5,39,3,0.7916666666666666,0.7916666666666666,104.490445489044
beta,harmonic_fold,1.5,40,3,0.5812499999999999,0.5812499999999999,63.8501436523845
beta,harmonic_fold,1.5,41,3,0.39375,0.39375,34.68655227631813
beta,harmonic_fold,1.5,42,3,0.7374999999999999,0.7374999999999999,93.13208212050739
beta,harmonic_fold,1.5,43,3,0.75625,0.75625,96.99328276403226
beta,harmonic_fold,1.5,44,3,0.5083333333333333,0.5083333333333333,51.77711638147688
beta,harmonic_fold,1.5,45,3,0.5791666666666666,0.5791666666666666,63.66321013035713
beta,harmonic_fold,1.5,46,3,0.7666666666666666,0.7666666666666666,99.16338948973355
beta,harmonic_fold,1.5,47,3,0.5229166666666666,0.5229166666666666,54.11094526428042
beta,harmonic_fold,1.5,48,3,0.71875,0.71875,89.90119668055674
beta,harmonic_fold,1.5,49,3,0.8270833333333334,0.8270833333333334,112.48192574054288
beta,harmonic_fold,1.5,50,3,0.6229166666666667,0.6229166666666667,71.89155625719481
beta,harmonic_fold,1.5,51,3,0.7520833333333333,0.7520833333333333,96.2318771623744
beta,harmonic_fold,1.5,52,3,0.9416666666666668,0.9416666666666668,140.8307815084603
beta,harmonic_fold,1.5,53,3,0.8333333333333334,0.8333333333333334,113.85013440201072
beta,harmonic_fold,1.5,54,3,0.7999999999999999,0.7999999999999999,106.29110935748194
beta,harmonic_fold,1.5,55,3,0.51875,0.51875,53.38028729679545
beta,harmonic_fold,1.5,56,3,0.8916666666666666,0.8916666666666666,127.67099470850404
beta,harmonic_fold,1.5,57,3,0.9416666666666668,0.9416666666666668,140.8307815084603
beta,harmonic_fold,1.5,58,3,0.78125,0.78125,102.35564876077888
beta,harmonic_fold,1.5,59,3,0.3645833333333333,0.3645833333333333,30.527593446663932
beta,harmonic_fold,1.5,60,3,0.5479166666666667,0.5479166666666667,58.20168471010777
beta,harmonic_fold,1.5,61,3,0.35000000000000003,0.35000000000000003,28.587741517786508
beta,harmonic_fold,1.5,62,3,0.8895833333333334,0.8895833333333334,127.17603653870566
beta,harmonic_fold,1.5,63,3,0.9729166666666668,0.9729166666666668,150.02611029042453
beta,harmonic_fold,1.5,64,3,0.8479166666666668,0.8479166666666668,117.25433893292922
beta,harmonic_fold,1.5,65,3,0.3625,0.3625,30.242116541407928
beta,harmonic_fold,1.5,66,3,0.9187499999999998,0.9187499999999998,134.57762290904446
beta,harmonic_fold,1.5,67,3,0.8583333333333334,0.8583333333333334,120.33561689364005
beta,harmonic_fold,1.5,68,3,0.41041666666666665,0.41041666666666665,37.38314356974819
beta,harmonic_fold,1.5,69,3,0.27916666666666673,0.27916666666666673,20.05926159467799
beta,harmonic_fold,1.5,70,3,0.8562500000000001,0.8562500000000001,119.04984277038564
beta,ssvepformer,0.4,1,3,0.53125,0.53125,123.15272286263068
beta,ssvepformer,0.4,2,3,0.5020833333333333,0.5020833333333333,112.70509360158955
beta,ssvepformer,0.4,3,3,0.5770833333333334,0.5770833333333334,140.30494531164067
beta,ssvepformer,0.4,4,3,0.3104166666666667,0.3104166666666667,52.250274816575434
beta,ssvepformer,0.4,5,3,0.21041666666666667,0.21041666666666667,27.171205045679596
beta,ssvepformer,0.4,6,3,0.29375,0.29375,47.71247353971298
beta,ssvepformer,0.4,7,3,0.12083333333333333,0.12083333333333333,9.636106554133722
beta,ssvepformer,0.4,8,3,0.30833333333333335,0.30833333333333335,51.70055850319403
beta,ssvepformer,0.4,9,3,0.56875,0.56875,137.09041715130226
beta,ssvepformer,0.4,10,3,0.3125,0.3125,52.92162242515135
beta,ssvepformer,0.4,11,3,0.12083333333333333,0.12083333333333333,9.565718721873631
beta,ssvepformer,0.4,12,3,0.5208333333333334,0.5208333333333334,119.41964685273776
beta,ssvepformer,0.4,13,3,0.46458333333333335,0.46458333333333335,99.71220792126995
beta,ssvepformer,0.4,14,3,0.17916666666666667,0.17916666666666667,20.49199657483525
beta,ssvepformer,0.4,15,3,0.26875,0.26875,41.23145136278913
beta,ssvepformer,0.4,16,3,0.3333333333333333,0.3333333333333333,58.795568052112344
beta,ssvepformer,0.4,17,3,0.10000000000000002,0.10000000000000002,6.40470028813714
beta,ssvepformer,0.4,18,3,0.59375,0.59375,146.6881280506581
beta,ssvepformer,0.4,19,3,0.325,0.325,56.30874057550367
beta,ssvepformer,0.4,20,3,0.09999999999999999,0.09999999999999999,6.7087156299984905
beta,ssvepformer,0.4,21,3,0.4395833333333334,0.4395833333333334,91.43694813089171
beta,ssvepformer,0.4,22,3,0.45625,0.45625,96.96187486026933
beta,ssvepformer,0.4,23,3,0.27499999999999997,0.27499999999999997,42.94256825388006
beta,ssvepformer,0.4,24,3,0.18333333333333335,0.18333333333333335,21.2161927622451
beta,ssvepformer,0.4,25,3,0.16874999999999998,0.16874999999999998,18.303386768659912
beta,ssvepformer,0.4,26,3,0.25625000000000003,0.25625000000000003,38.05088072743501
beta,ssvepformer,0.4,27,3,0.2520833333333333,0.2520833333333333,37.02301791981589
beta,ssvepformer,0.4,28,3,0.4541666666666666,0.4541666666666666,96.29100893283477
beta,ssvepformer,0.4,29,3,0.38958333333333334,0.38958333333333334,75.40844481674453
beta,ssvepformer,0.4,30,3,0.32083333333333336,0.32083333333333336,55.14497084796659
beta,ssvepformer,0.4,31,3,0.16666666666666666,0.16666666666666666,17.92184117264425
beta,ssvepformer,0.4,32,3,0.08333333333333333,0.08333333333333333,4.2485277549197455
beta,ssvepformer,0.4,33,3,0.18958333333333333,0.18958333333333333,22.541000286927332
beta,ssvepformer,0.4,34,3,0.3875,0.3875,74.7687427046721
beta,ssvepformer,0.4,35,3,0.3812499999999999,0.3812499999999999,72.92934718370572
beta,ssvepformer,0.4,36,3,0.5729166666666666,0.5729166666666666,138.66949878243759
beta,ssvepformer,0.4,37,3,0.5833333333333334,0.5833333333333334,142.98891426350448
beta,ssvepformer,0.4,38,3,0.15833333333333333,0.15833333333333333,16.25438305656783
beta,ssvepformer,0.4,39,3,0.3125,0.3125,52.83504342138409
beta,ssvepformer,0.4,40,3,0.1875,0.1875,22.096657199635615
beta,ssvepformer,0.4,41,3,0.12708333333333333,0.12708333333333333,10.614706757753703
beta,ssvepformer,0.4,42,3,0.25,0.25,36.56530635854936
beta,ssvepformer,0.4,43,3,0.27083333333333337,0.27083333333333337,41.6972233735135
beta,ssvepformer,0.4,44,3,0.12291666666666667,0.12291666666666667,9.927509182164465
beta,ssvepformer,0.4,45,3,0.17500000000000002,0.17500000000000002,19.599373571745755
beta,ssvepformer,0.4,46,3,0.24583333333333335,0.24583333333333335,35.578589331971976
beta,ssvepformer,0.4,47,3,0.09166666666666667,0.09166666666666667,5.389232725728573
beta,ssvepformer,0.4,48,3,0.1708333333333333,0.1708333333333333,18.67662355916841
beta,ssvepformer,0.4,49,3,0.3333333333333333,0.3333333333333333,58.67624890862845
beta,ssvepformer,0.4,50,3,0.27291666666666664,0.27291666666666664,42.45420290701407
beta,ssvepformer,0.4,51,3,0.18541666666666667,0.18541666666666667,21.660535849536817
beta,ssvepformer,0.4,52,3,0.31666666666666665,0.31666666666666665,54.004522082812976
beta,ssvepformer,0.4,53,3,0.4395833333333334,0.4395833333333334,91.39608931683648
beta,ssvepformer,0.4,54,3,0.29791666666666666,0.29791666666666666,48.85292230486659
beta,ssvepformer,0.4,55,3,0.21875,0.21875,28.995938695262286
beta,ssvepformer,0.4,56,3,0.34375,0.34375,61.68475907485597
beta,ssvepformer,0.4,57,3,0.4166666666666667,0.4166666666666667,83.95473959893587
beta,ssvepformer,0.4,58,3,0.25,0.25,36.52100929337454
beta,ssvepformer,0.4,59,3,0.16875000000000004,0.16875000000000004,18.248942627774095
beta,ssvepformer,0.4,60,3,0.23958333333333334,0.23958333333333334,34.07764478036358
beta,ssvepformer,0.4,61,3,0.13749999999999998,0.13749999999999998,12.38488158031418
beta,ssvepformer,0.4,62,3,0.5125000000000001,0.5125000000000001,116.3980623387245
beta,ssvepformer,0.4,63,3,0.6395833333333333,0.6395833333333333,164.99728819653703
beta,ssvepformer,0.4,64,3,0.36874999999999997,0.36874999999999997,69.09181551386655
beta,ssvepformer,0.4,65,3,0.1125,0.1125,8.298441699728363
beta,ssvepformer,0.4,66,3,0.5791666666666666,0.5791666666666666,141.11766915189116
beta,ssvepformer,0.4,67,3,0.33125,0.33125,58.11388798407503
beta,ssvepformer,0.4,68,3,0.15416666666666665,0.15416666666666665,15.435126949454293
beta,ssvepformer,0.4,69,3,0.1125,0.1125,8.338108258982816
beta,ssvepformer,0.4,70,3,0.33749999999999997,0.33749999999999997,59.93051180861843
beta,ssvepformer,0.6,1,3,0.7312499999999998,0.7312499999999998,167.00787314739952
beta,ssvepformer,0.6,2,3,0.7270833333333333,0.7270833333333333,165.50963019760334
beta,ssvepformer,0.6,3,3,0.775,0.775,183.47059122313695
beta,ssvepformer,0.6,4,3,0.4875,0.4875,88.06842720500264
beta,ssvepformer,0.6,5,3,0.30624999999999997,0.30624999999999997,41.836651651131184
beta,ssvepformer,0.6,6,3,0.4583333333333333,0.4583333333333333,79.92695828926144
beta,ssvepformer,0.6,7,3,0.18333333333333335,0.18333333333333335,17.420937268291276
beta,ssvepformer,0.6,8,3,0.43124999999999997,0.43124999999999997,72.57443275969443
beta,ssvepformer,0.6,9,3,0.7895833333333333,0.7895833333333333,189.22431570000387
beta,ssvepformer,0.6,10,3,0.4583333333333333,0.4583333333333333,79.86510385633188
beta,ssvepformer,0.6,11,3,0.19375,0.19375,19.209461821833266
beta,ssvepformer,0.6,12,3,0.6291666666666668,0.6291666666666668,131.52483833214254
beta,ssvepformer,0.6,13,3,0.6145833333333334,0.6145833333333334,126.76622712665251
beta,ssvepformer,0.6,14,3,0.27291666666666664,0.27291666666666664,34.58087157821644
beta,ssvepformer,0.6,15,3,0.3333333333333333,0.3333333333333333,48.01242281552766
beta,ssvepformer,0.6,16,3,0.5291666666666667,0.5291666666666667,100.14635048775597
beta,ssvepformer,0.6,17,3,0.12083333333333333,0.12083333333333333,7.826497136078426
beta,ssvepformer,0.6,18,3,0.86875,0.86875,221.91809708553782
beta,ssvepformer,0.6,19,3,0.5145833333333333,0.5145833333333333,95.83334026594032
beta,ssvepformer,0.6,20,3,0.15833333333333333,0.15833333333333333,13.268899817389254
beta,ssvepformer,0.6,21,3,0.55625,0.55625,108.32641192454984
beta,ssvepformer,0.6,22,3,0.63125,0.63125,132.18050502774287
beta,ssvepformer,0.6,23,3,0.45208333333333334,0.45208333333333334,78.14751035843545
beta,ssvepformer,0.6,24,3,0.26666666666666666,0.26666666666666666,33.300786982181144
beta,ssvepformer,0.6,25,3,0.2354166666666667,0.2354166666666667,26.929473540549168
beta,ssvepformer,0.6,26,3,0.3458333333333334,0.3458333333333334,50.97969330810425
beta,ssvepformer,0.6,27,3,0.4520833333333334,0.4520833333333334,78.15164065737748
beta,ssvepformer,0.6,28,3,0.6291666666666668,0.6291666666666668,131.49832616937599
beta,ssvepformer,0.6,29,3,0.65,0.65,138.50679589136556
beta,ssvepformer,0.6,30,3,0.3854166666666667,0.3854166666666667,60.69013738363703
beta,ssvepformer,0.6,31,3,0.23125000000000004,0.23125000000000004,26.110736722528667
beta,ssvepformer,0.6,32,3,0.11666666666666665,0.11666666666666665,7.321834618809123
beta,ssvepformer,0.6,33,3,0.19583333333333333,0.19583333333333333,19.546095433137932
beta,ssvepformer,0.6,34,3,0.5916666666666667,0.5916666666666667,119.49627403395361
beta,ssvepformer,0.6,35,3,0.5333333333333333,0.5333333333333333,101.39685617138203
beta,ssvepformer,0.6,36,3,0.7374999999999999,0.7374999999999999,169.3575472095516
beta,ssvepformer,0.6,37,3,0.78125,0.78125,185.92533361765763
beta,ssvepformer,0.6,38,3,0.2041666666666667,0.2041666666666667,21.026394853682863
beta,ssvepformer,0.6,39,3,0.5125000000000001,0.5125000000000001,95.30862177474556
beta,ssvepformer,0.6,40,3,0.25416666666666665,0.25416666666666665,30.753823457210842
beta,ssvepformer,0.6,41,3,0.21875,0.21875,23.90632588581533
beta,ssvepformer,0.6,42,3,0.3666666666666667,0.3666666666666667,56.08511070922372
beta,ssvepformer,0.6,43,3,0.3979166666666667,0.3979166666666667,63.85567815845358
beta,ssvepformer,0.6,44,3,0.24583333333333335,0.24583333333333335,29.0011814486781
beta,ssvepformer,0.6,45,3,0.20624999999999996,0.20624999999999996,21.536111572148993
beta,ssvepformer,0.6,46,3,0.45208333333333334,0.45208333333333334,78.1516406573775
beta,ssvepformer,0.6,47,3,0.16874999999999998,0.16874999999999998,14.945357400010048
beta,ssvepformer,0.6,48,3,0.3145833333333333,0.3145833333333333,43.72626184705558
beta,ssvepformer,0.6,49,3,0.5625,0.5625,110.30836183616213
beta,ssvepformer,0.6,50,3,0.40208333333333335,0.40208333333333335,64.92395249974538
beta,ssvepformer,0.6,51,3,0.30624999999999997,0.30624999999999997,41.836321225306264
beta,ssvepformer,0.6,52,3,0.46875,0.46875,82.74290205057656
beta,ssvepformer,0.6,53,3,0.5604166666666667,0.5604166666666667,109.64765400413988
beta,ssvepformer,0.6,54,3,0.4145833333333333,0.4145833333333333,68.25171827787334
beta,ssvepformer,0.6,55,3,0.30416666666666664,0.30416666666666664,41.357874185008264
beta,ssvepformer,0.6,56,3,0.55625,0.55625,108.51348701617638
beta,ssvepformer,0.6,57,3,0.6395833333333333,0.6395833333333333,134.94878250245847
beta,ssvepformer,0.6,58,3,0.30000000000000004,0.30000000000000004,40.41518728132091
beta,ssvepformer,0.6,59,3,0.22708333333333333,0.22708333333333333,25.315063774018714
beta,ssvepformer,0.6,60,3,0.33125,0.33125,47.53397577522966
beta,ssvepformer,0.6,61,3,0.19583333333333333,0.19583333333333333,19.6631038762196
beta,ssvepformer,0.6,62,3,0.7145833333333332,0.7145833333333332,160.95173695278572
beta,ssvepformer,0.6,63,3,0.8374999999999999,0.8374999999999999,208.65606764574943
beta,ssvepformer,0.6,64,3,0.4708333333333334,0.4708333333333334,83.44438488219873
beta,ssvepformer,0.6,65,3,0.1729166666666667,0.1729166666666667,15.623696242924074
beta,ssvepformer,0.6,66,3,0.71875,0.71875,162.45562998809976
beta,ssvepformer,0.6,67,3,0.5187499999999999,0.5187499999999999,97.08381502196899
beta,ssvepformer,0.6,68,3,0.20833333333333334,0.20833333333333334,21.860080708885476
beta,ssvepformer,0.6,69,3,0.2104166666666667,0.2104166666666667,22.27493420138023
beta,ssvepformer,0.6,70,3,0.5812499999999999,0.5812499999999999,116.06595867045796
beta,ssvepformer,0.8,1,3,0.7875,0.7875,159.34826870832248
beta,ssvepformer,0.8,2,3,0.7916666666666666,0.7916666666666666,160.74381542774074
beta,ssvepformer,0.8,3,3,0.8833333333333333,0.8833333333333333,193.22721581648963
beta,ssvepformer,0.8,4,3,0.6229166666666667,0.6229166666666667,109.52130680703054
beta,ssvepformer,0.8,5,3,0.4479166666666667,0.4479166666666667,65.2095823238679
beta,ssvepformer,0.8,6,3,0.6020833333333333,0.6020833333333333,103.80757005585504
beta,ssvepformer,0.8,7,3,0.28125,0.28125,30.77232140119571
beta,ssvepformer,0.8,8,3,0.6,0.6,103.25214172599154
beta,ssvepformer,0.8,9,3,0.86875,0.86875,187.7320375109664
beta,ssvepformer,0.8,10,3,0.49583333333333335,0.49583333333333335,76.4898285477505
beta,ssvepformer,0.8,11,3,0.25416666666666665,0.25416666666666665,25.971366250699905
beta,ssvepformer,0.8,12,3,0.7541666666666668,0.7541666666666668,148.52430864754604
beta,ssvepformer,0.8,13,3,0.6979166666666666,0.6979166666666666,131.17093509660344
beta,ssvepformer,0.8,14,3,0.3916666666666666,0.3916666666666666,52.68139249865519
beta,ssvepformer,0.8,15,3,0.4791666666666667,0.4791666666666667,72.52826191768291
beta,ssvepformer,0.8,16,3,0.6291666666666665,0.6291666666666665,111.26781445101047
beta,ssvepformer,0.8,17,3,0.14583333333333334,0.14583333333333334,9.636559206759996
beta,ssvepformer,0.8,18,3,0.9416666666666668,0.9416666666666668,216.62807864617517
beta,ssvepformer,0.8,19,3,0.65,0.65,117.14844586800312
beta,ssvepformer,0.8,20,3,0.22291666666666665,0.22291666666666665,20.73732679038534
beta,ssvepformer,0.8,21,3,0.63125,0.63125,111.90094725029878
beta,ssvepformer,0.8,22,3,0.7333333333333334,0.7333333333333334,141.96363854364756
beta,ssvepformer,0.8,23,3,0.5666666666666665,0.5666666666666665,94.43830156959672
beta,ssvepformer,0.8,24,3,0.4291666666666667,0.4291666666666667,60.930662823720574
beta,ssvepformer,0.8,25,3,0.3125,0.3125,36.56599741535049
beta,ssvepformer,0.8,26,3,0.4791666666666667,0.4791666666666667,72.48311459659932
beta,ssvepformer,0.8,27,3,0.5916666666666667,0.5916666666666667,100.99425894643677
beta,ssvepformer,0.8,28,3,0.7354166666666666,0.7354166666666666,142.65325560454187
beta,ssvepformer,0.8,29,3,0.8083333333333332,0.8083333333333332,166.37166540077774
beta,ssvepformer,0.8,30,3,0.49374999999999997,0.49374999999999997,75.99375625538421
beta,ssvepformer,0.8,31,3,0.2833333333333333,0.2833333333333333,31.221280918245686
beta,ssvepformer,0.8,32,3,0.15416666666666667,0.15416666666666667,10.672477525167492
beta,ssvepformer,0.8,33,3,0.28541666666666665,0.28541666666666665,31.51964985309307
beta,ssvepformer,0.8,34,3,0.7416666666666666,0.7416666666666666,144.6062921962987
beta,ssvepformer,0.8,35,3,0.6458333333333334,0.6458333333333334,115.97545200687365
beta,ssvepformer,0.8,36,3,0.8375,0.8375,176.44298537962084
beta,ssvepformer,0.8,37,3,0.8770833333333333,0.8770833333333333,190.90090599483213
beta,ssvepformer,0.8,38,3,0.32291666666666663,0.32291666666666663,38.5781344412504
beta,ssvepformer,0.8,39,3,0.6354166666666666,0.6354166666666666,113.04439980263493
beta,ssvepformer,0.8,40,3,0.32916666666666666,0.32916666666666666,39.79660619008579
beta,ssvepformer,0.8,41,3,0.2020833333333333,0.2020833333333333,17.5051370109181
beta,ssvepformer,0.8,42,3,0.40208333333333335,0.40208333333333335,54.924754270842335
beta,ssvepformer,0.8,43,3,0.5354166666666668,0.5354166666666668,86.33163866671849
beta,ssvepformer,0.8,44,3,0.29791666666666666,0.29791666666666666,33.808864743601895
beta,ssvepformer,0.8,45,3,0.2791666666666667,0.2791666666666667,30.357798972632576
beta,ssvepformer,0.8,46,3,0.5333333333333333,0.5333333333333333,85.79733983732326
beta,ssvepformer,0.8,47,3,0.23124999999999998,0.23124999999999998,22.108338398703513
beta,ssvepformer,0.8,48,3,0.4583333333333333,0.4583333333333333,67.57118220489419
beta,ssvepformer,0.8,49,3,0.69375,0.69375,129.98517212454905
beta,ssvepformer,0.8,50,3,0.5104166666666666,0.5104166666666666,80.08026922039268
beta,ssvepformer,0.8,51,3,0.4479166666666667,0.4479166666666667,65.17812169725391
beta,ssvepformer,0.8,52,3,0.5541666666666666,0.5541666666666666,91.19302255161773
beta,ssvepformer,0.8,53,3,0.6354166666666667,0.6354166666666667,113.04790760534082
beta,ssvepformer,0.8,54,3,0.4916666666666667,0.4916666666666667,75.48728072639783
beta,ssvepformer,0.8,55,3,0.3520833333333333,0.3520833333333333,44.43980435885362
beta,ssvepformer,0.8,56,3,0.6958333333333333,0.6958333333333333,130.58795424821054
beta,ssvepformer,0.8,57,3,0.7854166666666668,0.7854166666666668,158.68639927499748
beta,ssvepformer,0.8,58,3,0.35833333333333334,0.35833333333333334,45.65906616435678
beta,ssvepformer,0.8,59,3,0.30416666666666664,0.30416666666666664,34.99512431039161
beta,ssvepformer,0.8,60,3,0.43124999999999997,0.43124999999999997,61.4092843546772
beta,ssvepformer,0.8,61,3,0.2270833333333333,0.2270833333333333,21.450590321928534
beta,ssvepformer,0.8,62,3,0.8041666666666667,0.8041666666666667,164.94807833134115
beta,ssvepformer,0.8,63,3,0.8583333333333334,0.8583333333333334,183.96182531579043
beta,ssvepformer,0.8,64,3,0.5479166666666667,0.5479166666666667,89.50605190890242
beta,ssvepformer,0.8,65,3,0.22291666666666665,0.22291666666666665,20.757223192042847
beta,ssvepformer,0.8,66,3,0.8145833333333333,0.8145833333333333,168.47570463587152
beta,ssvepformer,0.8,67,3,0.6229166666666667,0.6229166666666667,109.54343428567832
beta,ssvepformer,0.8,68,3,0.2125,0.2125,19.143188650345998
beta,ssvepformer,0.8,69,3,0.26666666666666666,0.26666666666666666,28.445891000833615
beta,ssvepformer,0.8,70,3,0.7312499999999998,0.7312499999999998,141.31876621600608
beta,ssvepformer,1.0,1,3,0.8395833333333332,0.8395833333333332,153.57421229117668
beta,ssvepformer,1.0,2,3,0.8270833333333334,0.8270833333333334,149.76900500578915
beta,ssvepformer,1.0,3,3,0.9333333333333332,0.9333333333333332,184.6641621803882
beta,ssvepformer,1.0,4,3,0.7270833333333334,0.7270833333333334,121.40024916951391
beta,ssvepformer,1.0,5,3,0.48541666666666666,0.48541666666666666,64.20180903084947
beta,ssvepformer,1.0,6,3,0.6729166666666666,0.6729166666666666,107.2645395460312
beta,ssvepformer,1.0,7,3,0.3145833333333334,0.3145833333333334,32.06592535450743
beta,ssvepformer,1.0,8,3,0.6687500000000001,0.6687500000000001,106.21117885647544
beta,ssvepformer,1.0,9,3,0.90625,0.90625,175.11113598753954
beta,ssvepformer,1.0,10,3,0.5583333333333333,0.5583333333333333,79.92686118966088
beta,ssvepformer,1.0,11,3,0.2770833333333333,0.2770833333333333,25.991798745540923
beta,ssvepformer,1.0,12,3,0.8312499999999999,0.8312499999999999,151.02340448035383
beta,ssvepformer,1.0,13,3,0.7583333333333333,0.7583333333333333,130.0396086423983
beta,ssvepformer,1.0,14,3,0.4291666666666667,0.4291666666666667,52.800322080259
beta,ssvepformer,1.0,15,3,0.5604166666666667,0.5604166666666667,80.37156699963232
beta,ssvepformer,1.0,16,3,0.7166666666666667,0.7166666666666667,118.5863940720648
beta,ssvepformer,1.0,17,3,0.17916666666666667,0.17916666666666667,12.211434288451196
beta,ssvepformer,1.0,18,3,0.9562499999999999,0.9562499999999999,193.27652184208657
beta,ssvepformer,1.0,19,3,0.6895833333333333,0.6895833333333333,111.52617181039422
beta,ssvepformer,1.0,20,3,0.2729166666666667,0.2729166666666667,25.34029034145095
beta,ssvepformer,1.0,21,3,0.7604166666666666,0.7604166666666666,130.49023085629304
beta,ssvepformer,1.0,22,3,0.7979166666666666,0.7979166666666666,141.11199549410466
beta,ssvepformer,1.0,23,3,0.63125,0.63125,96.99675446065868
beta,ssvepformer,1.0,24,3,0.53125,0.53125,73.9097277586613
beta,ssvepformer,1.0,25,3,0.3416666666666666,0.3416666666666666,36.78602749750713
beta,ssvepformer,1.0,26,3,0.5104166666666666,0.5104166666666666,69.44502253446123
beta,ssvepformer,1.0,27,3,0.6749999999999999,0.6749999999999999,107.79115339262133
beta,ssvepformer,1.0,28,3,0.7937500000000001,0.7937500000000001,139.9162996526027
beta,ssvepformer,1.0,29,3,0.8562500000000001,0.8562500000000001,158.7514627155467
beta,ssvepformer,1.0,30,3,0.56875,0.56875,82.37042004113266
beta,ssvepformer,1.0,31,3,0.33749999999999997,0.33749999999999997,35.981157790858965
beta,ssvepformer,1.0,32,3,0.18333333333333335,0.18333333333333335,12.789794801500692
beta,ssvepformer,1.0,33,3,0.28958333333333336,0.28958333333333336,27.961198843745194
beta,ssvepformer,1.0,34,3,0.81875,0.81875,147.2660664225629
beta,ssvepformer,1.0,35,3,0.7354166666666667,0.7354166666666667,123.60557187197718
beta,ssvepformer,1.0,36,3,0.88125,0.88125,166.74118032131884
beta,ssvepformer,1.0,37,3,0.9249999999999999,0.9249999999999999,181.72740552534128
beta,ssvepformer,1.0,38,3,0.3979166666666667,0.3979166666666667,46.7993116466599
beta,ssvepformer,1.0,39,3,0.7375000000000002,0.7375000000000002,124.22275369097447
beta,ssvepformer,1.0,40,3,0.3875,0.3875,44.918551955773474
beta,ssvepformer,1.0,41,3,0.2333333333333333,0.2333333333333333,19.44177512685138
beta,ssvepformer,1.0,42,3,0.4791666666666667,0.4791666666666667,62.83075317876976
beta,ssvepformer,1.0,43,3,0.5937499999999999,0.5937499999999999,88.03152678550059
beta,ssvepformer,1.0,44,3,0.3208333333333333,0.3208333333333333,33.08698250877996
beta,ssvepformer,1.0,45,3,0.3645833333333333,0.3645833333333333,40.70018137006295
beta,ssvepformer,1.0,46,3,0.6208333333333332,0.6208333333333332,94.41820140329077
beta,ssvepformer,1.0,47,3,0.33749999999999997,0.33749999999999997,35.927766999770775
beta,ssvepformer,1.0,48,3,0.5375,0.5375,75.27173020438005
beta,ssvepformer,1.0,49,3,0.7666666666666666,0.7666666666666666,132.20539924651462
beta,ssvepformer,1.0,50,3,0.5499999999999999,0.5499999999999999,78.04105092386868
beta,ssvepformer,1.0,51,3,0.5,0.5,67.18110312957624
beta,ssvepformer,1.0,52,3,0.6229166666666667,0.6229166666666667,94.95034839366132
beta,ssvepformer,1.0,53,3,0.69375,0.69375,112.58259555293937
beta,ssvepformer,1.0,54,3,0.59375,0.59375,88.14421122471259
beta,ssvepformer,1.0,55,3,0.37916666666666665,0.37916666666666665,43.370492640509276
beta,ssvepformer,1.0,56,3,0.7604166666666666,0.7604166666666666,130.6027224776279
beta,ssvepformer,1.0,57,3,0.8666666666666667,0.8666666666666667,162.0430198003903
beta,ssvepformer,1.0,58,3,0.37916666666666665,0.37916666666666665,43.332371449651994
beta,ssvepformer,1.0,59,3,0.37916666666666665,0.37916666666666665,43.370492640509276
beta,ssvepformer,1.0,60,3,0.5041666666666667,0.5041666666666667,68.14325189442549
beta,ssvepformer,1.0,61,3,0.26875,0.26875,24.742588139453925
beta,ssvepformer,1.0,62,3,0.8270833333333334,0.8270833333333334,149.8116687838591
beta,ssvepformer,1.0,63,3,0.8979166666666667,0.8979166666666667,172.32410078603252
beta,ssvepformer,1.0,64,3,0.5791666666666667,0.5791666666666667,84.63978005788955
beta,ssvepformer,1.0,65,3,0.2729166666666667,0.2729166666666667,25.43089700274039
beta,ssvepformer,1.0,66,3,0.8541666666666666,0.8541666666666666,158.07504431806697
beta,ssvepformer,1.0,67,3,0.6770833333333334,0.6770833333333334,108.34882387976745
beta,ssvepformer,1.0,68,3,0.24791666666666667,0.24791666666666667,21.606124453549125
beta,ssvepformer,1.0,69,3,0.3020833333333333,0.3020833333333333,30.05931723070958
beta,ssvepformer,1.0,70,3,0.7916666666666666,0.7916666666666666,139.31130670404198
beta,ssvepformer,1.2,1,3,0.8520833333333334,0.8520833333333334,138.92353070986044
beta,ssvepformer,1.2,2,3,0.8624999999999999,0.8624999999999999,141.83508704272114
beta,ssvepformer,1.2,3,3,0.9499999999999998,0.9499999999999998,168.39744800570446
beta,ssvepformer,1.2,4,3,0.7833333333333333,0.7833333333333333,120.85729916493192
beta,ssvepformer,1.2,5,3,0.5625,0.5625,71.39721904128616
beta,ssvepformer,1.2,6,3,0.7520833333333333,0.7520833333333333,113.07759396620769
beta,ssvepformer,1.2,7,3,0.35625,0.35625,34.623021836265345
beta,ssvepformer,1.2,8,3,0.7000000000000001,0.7000000000000001,100.80613529676702
beta,ssvepformer,1.2,9,3,0.9145833333333333,0.9145833333333333,157.05174912253682
beta,ssvepformer,1.2,10,3,0.5708333333333333,0.5708333333333333,72.99392026677907
beta,ssvepformer,1.2,11,3,0.30833333333333335,0.30833333333333335,27.370883913455668
beta,ssvepformer,1.2,12,3,0.875,0.875,145.40113200638766
beta,ssvepformer,1.2,13,3,0.7875,0.7875,121.93128948243013
beta,ssvepformer,1.2,14,3,0.4604166666666667,0.4604166666666667,52.05410583314819
beta,ssvepformer,1.2,15,3,0.6125,0.6125,81.5557637581443
beta,ssvepformer,1.2,16,3,0.74375,0.74375,111.05674117300384
beta,ssvepformer,1.2,17,3,0.1958333333333333,0.1958333333333333,12.67733176879427
beta,ssvepformer,1.2,18,3,0.975,0.975,177.21642733832246
beta,ssvepformer,1.2,19,3,0.7083333333333334,0.7083333333333334,102.7016683582819
beta,ssvepformer,1.2,20,3,0.29791666666666666,0.29791666666666666,25.916595166696467
beta,ssvepformer,1.2,21,3,0.8291666666666666,0.8291666666666666,132.68617886664472
beta,ssvepformer,1.2,22,3,0.8020833333333334,0.8020833333333334,125.58614364045341
beta,ssvepformer,1.2,23,3,0.64375,0.64375,88.28918803132984
beta,ssvepformer,1.2,24,3,0.5916666666666667,0.5916666666666667,77.28878417547617
beta,ssvepformer,1.2,25,3,0.38125000000000003,0.38125000000000003,38.60110801093216
beta,ssvepformer,1.2,26,3,0.5458333333333333,0.5458333333333333,68.07742367252567
beta,ssvepformer,1.2,27,3,0.7125,0.7125,103.6940033149366
beta,ssvepformer,1.2,28,3,0.8333333333333334,0.8333333333333334,133.80178379736572
beta,ssvepformer,1.2,29,3,0.88125,0.88125,147.14389055334576
beta,ssvepformer,1.2,30,3,0.5854166666666667,0.5854166666666667,75.95380045458282
beta,ssvepformer,1.2,31,3,0.38958333333333334,0.38958333333333334,39.955555106343645
beta,ssvepformer,1.2,32,3,0.21458333333333335,0.21458333333333335,14.847588749962933
beta,ssvepformer,1.2,33,3,0.33125000000000004,0.33125000000000004,30.837783404232123
beta,ssvepformer,1.2,34,3,0.8333333333333334,0.8333333333333334,133.80651120955656
beta,ssvepformer,1.2,35,3,0.7604166666666666,0.7604166666666666,115.10546209292293
beta,ssvepformer,1.2,36,3,0.9145833333333333,0.9145833333333333,157.0767579693279
beta,ssvepformer,1.2,37,3,0.93125,0.93125,162.28848873903215
beta,ssvepformer,1.2,38,3,0.46875,0.46875,53.57146059078116
beta,ssvepformer,1.2,39,3,0.775,0.775,118.72394740414512
beta,ssvepformer,1.2,40,3,0.41874999999999996,0.41874999999999996,44.84256678598259
beta,ssvepformer,1.2,41,3,0.25416666666666665,0.25416666666666665,19.89513270546089
beta,ssvepformer,1.2,42,3,0.5125000000000001,0.5125000000000001,61.633127696084806
beta,ssvepformer,1.2,43,3,0.6854166666666667,0.6854166666666667,97.45461144669783
beta,ssvepformer,1.2,44,3,0.3729166666666666,0.3729166666666666,37.24953660093024
beta,ssvepformer,1.2,45,3,0.38125000000000003,0.38125000000000003,38.58439267914168
beta,ssvepformer,1.2,46,3,0.65625,0.65625,90.95151457119856
beta,ssvepformer,1.2,47,3,0.3645833333333333,0.3645833333333333,35.90913852596892
beta,ssvepformer,1.2,48,3,0.5770833333333333,0.5770833333333333,74.26827498241202
beta,ssvepformer,1.2,49,3,0.7833333333333333,0.7833333333333333,120.83826300701145
beta,ssvepformer,1.2,50,3,0.6020833333333333,0.6020833333333333,79.38225945447739
beta,ssvepformer,1.2,51,3,0.54375,0.54375,67.7278343245116
beta,ssvepformer,1.2,52,3,0.6541666666666667,0.6541666666666667,90.50447275756837
beta,ssvepformer,1.2,53,3,0.74375,0.74375,111.06364516620778
beta,ssvepformer,1.2,54,3,0.6437499999999999,0.6437499999999999,88.35877086231598
beta,ssvepformer,1.2,55,3,0.4145833333333333,0.4145833333333333,44.10773213698878
beta,ssvepformer,1.2,56,3,0.80625,0.80625,126.84343373221783
beta,ssvepformer,1.2,57,3,0.8875000000000001,0.8875000000000001,148.95825053503293
beta,ssvepformer,1.2,58,3,0.4270833333333333,0.4270833333333333,46.24703680726274
beta,ssvepformer,1.2,59,3,0.43124999999999997,0.43124999999999997,46.932930986469465
beta,ssvepformer,1.2,60,3,0.5354166666666667,0.5354166666666667,66.01299070821115
beta,ssvepformer,1.2,61,3,0.3104166666666666,0.3104166666666666,27.73089113420581
beta,ssvepformer,1.2,62,3,0.8666666666666667,0.8666666666666667,142.9791351179915
beta,ssvepformer,1.2,63,3,0.9104166666666668,0.9104166666666668,155.84383885218048
beta,ssvepformer,1.2,64,3,0.5979166666666665,0.5979166666666665,78.57714768584488
beta,ssvepformer,1.2,65,3,0.30833333333333335,0.30833333333333335,27.430376563937383
beta,ssvepformer,1.2,66,3,0.8562499999999998,0.8562499999999998,140.05325058553055
beta,ssvepformer,1.2,67,3,0.7229166666666668,0.7229166666666668,106.09801852365051
beta,ssvepformer,1.2,68,3,0.26458333333333334,0.26458333333333334,21.259799237245065
beta,ssvepformer,1.2,69,3,0.33125000000000004,0.33125000000000004,30.80792863582415
beta,ssvepformer,1.2,70,3,0.8083333333333332,0.8083333333333332,127.22124687041192
beta,ssvepformer,1.5,1,3,0.8624999999999999,0.8624999999999999,120.53069497139529
beta,ssvepformer,1.5,2,3,0.8770833333333333,0.8770833333333333,124.04960433373238
beta,ssvepformer,1.5,3,3,0.9499999999999998,0.9499999999999998,143.1378308048488
beta,ssvepformer,1.5,4,3,0.8125,0.8125,109.04108756176636
beta,ssvepformer,1.5,5,3,0.5895833333333332,0.5895833333333332,65.31305835511455
beta,ssvepformer,1.5,6,3,0.7854166666666668,0.7854166666666668,103.16963629286317
beta,ssvepformer,1.5,7,3,0.3958333333333333,0.3958333333333333,34.82101151982296
beta,ssvepformer,1.5,8,3,0.7583333333333334,0.7583333333333334,97.44825628002009
beta,ssvepformer,1.5,9,3,0.93125,0.93125,137.9282697985258
beta,ssvepformer,1.5,10,3,0.6124999999999999,0.6124999999999999,69.32239919442264
beta,ssvepformer,1.5,11,3,0.3604166666666666,0.3604166666666666,29.983536105470346
beta,ssvepformer,1.5,12,3,0.8875000000000001,0.8875000000000001,126.61396271078826
beta,ssvepformer,1.5,13,3,0.7979166666666666,0.7979166666666666,105.89047187763003
beta,ssvepformer,1.5,14,3,0.5041666666666667,0.5041666666666667,51.04199373279244
beta,ssvepformer,1.5,15,3,0.6729166666666666,0.6729166666666666,80.4484046595234
beta,ssvepformer,1.5,16,3,0.7916666666666666,0.7916666666666666,104.49358879085445
beta,ssvepformer,1.5,17,3,0.21041666666666667,0.21041666666666667,12.247981636944063
beta,ssvepformer,1.5,18,3,0.9875000000000002,0.9875000000000002,154.76747883267336
beta,ssvepformer,1.5,19,3,0.7583333333333333,0.7583333333333333,97.43321233917554
beta,ssvepformer,1.5,20,3,0.3416666666666666,0.3416666666666666,27.49242669126998
beta,ssvepformer,1.5,21,3,0.8479166666666668,0.8479166666666668,117.11146270048151
beta,ssvepformer,1.5,22,3,0.84375,0.84375,116.12892340949536
beta,ssvepformer,1.5,23,3,0.6479166666666667,0.6479166666666667,75.75909234571691
beta,ssvepformer,1.5,24,3,0.6270833333333333,0.6270833333333333,71.95612991326124
beta,ssvepformer,1.5,25,3,0.39999999999999997,0.39999999999999997,35.45759634404695
beta,ssvepformer,1.5,26,3,0.5875,0.5875,64.93340319678568
beta,ssvepformer,1.5,27,3,0.7354166666666666,0.7354166666666666,92.71574189049095
beta,ssvepformer,1.5,28,3,0.8729166666666667,0.8729166666666667,123.0273942610256
beta,ssvepformer,1.5,29,3,0.9041666666666667,0.9041666666666667,130.80170330331325
beta,ssvepformer,1.5,30,3,0.61875,0.61875,70.46961344324865
beta,ssvepformer,1.5,31,3,0.42083333333333334,0.42083333333333334,38.39729057875536
beta,ssvepformer,1.5,32,3,0.24375000000000002,0.24375000000000002,15.736186682509903
beta,ssvepformer,1.5,33,3,0.38333333333333336,0.38333333333333336,33.089335115735885
beta,ssvepformer,1.5,34,3,0.8479166666666668,0.8479166666666668,117.09376507649962
beta,ssvepformer,1.5,35,3,0.8041666666666667,0.8041666666666667,107.20894298246189
beta,ssvepformer,1.5,36,3,0.9166666666666666,0.9166666666666666,134.03227298777242
beta,ssvepformer,1.5,37,3,0.9500000000000001,0.9500000000000001,143.18576972408303
beta,ssvepformer,1.5,38,3,0.56875,0.56875,61.75069291600115
beta,ssvepformer,1.5,39,3,0.7854166666666668,0.7854166666666668,103.16267083185068
beta,ssvepformer,1.5,40,3,0.4083333333333334,0.4083333333333334,36.59525268175138
beta,ssvepformer,1.5,41,3,0.26875,0.26875,18.556432925689865
beta,ssvepformer,1.5,42,3,0.53125,0.53125,55.42325542270822
beta,ssvepformer,1.5,43,3,0.7104166666666667,0.7104166666666667,87.70181872937853
beta,ssvepformer,1.5,44,3,0.3833333333333333,0.3833333333333333,33.072591361413856
beta,ssvepformer,1.5,45,3,0.4229166666666666,0.4229166666666666,38.77372146711946
beta,ssvepformer,1.5,46,3,0.7229166666666668,0.7229166666666668,90.18048896215241
beta,ssvepformer,1.5,47,3,0.4041666666666666,0.4041666666666666,36.0054598446055
beta,ssvepformer,1.5,48,3,0.6395833333333333,0.6395833333333333,74.2340823155066
beta,ssvepformer,1.5,49,3,0.8125,0.8125,109.05589346483008
beta,ssvepformer,1.5,50,3,0.6375000000000001,0.6375000000000001,73.85394927039674
beta,ssvepformer,1.5,51,3,0.56875,0.56875,61.71822217063872
beta,ssvepformer,1.5,52,3,0.7145833333333332,0.7145833333333332,88.53171119807608
beta,ssvepformer,1.5,53,3,0.74375,0.74375,94.39822999705326
beta,ssvepformer,1.5,54,3,0.7395833333333334,0.7395833333333334,93.54538073925102
beta,ssvepformer,1.5,55,3,0.4291666666666667,0.4291666666666667,39.650686122767816
beta,ssvepformer,1.5,56,3,0.8291666666666666,0.8291666666666666,112.9069642608603
beta,ssvepformer,1.5,57,3,0.9104166666666668,0.9104166666666668,132.41698814554283
beta,ssvepformer,1.5,58,3,0.4937500000000001,0.4937500000000001,49.39143267425222
beta,ssvepformer,1.5,59,3,0.4375,0.4375,40.82631330586312
beta,ssvepformer,1.5,60,3,0.5770833333333333,0.5770833333333333,63.13033145170874
beta,ssvepformer,1.5,61,3,0.35625,0.35625,29.429800207550823
beta,ssvepformer,1.5,62,3,0.8937499999999999,0.8937499999999999,128.20928094212016
beta,ssvepformer,1.5,63,3,0.9291666666666667,0.9291666666666667,137.36723158283854
beta,ssvepformer,1.5,64,3,0.6395833333333333,0.6395833333333333,74.22183037635217
beta,ssvepformer,1.5,65,3,0.32916666666666666,0.32916666666666666,25.867794023555764
beta,ssvepformer,1.5,66,3,0.8770833333333333,0.8770833333333333,124.03906256692942
beta,ssvepformer,1.5,67,3,0.78125,0.78125,102.23933485616847
beta,ssvepformer,1.5,68,3,0.3,0.3,22.228353004726504
beta,ssvepformer,1.5,69,3,0.3645833333333333,0.3645833333333333,30.53724691521576
beta,ssvepformer,1.5,70,3,0.8145833333333332,0.8145833333333332,109.52031413464339
