dataset,condition,window_s,participant,seed,accuracy,balanced_accuracy,itr_bits_per_minute
benchmark,harmonic_fold,0.4,1,20260929,0.3541666666666667,0.35416666666666663,64.7136578590238
benchmark,harmonic_fold,0.4,2,20260929,0.42916666666666664,0.4291666666666666,87.95801264118286
benchmark,harmonic_fold,0.4,3,20260929,0.7083333333333334,0.7083333333333334,193.96586523225616
benchmark,harmonic_fold,0.4,4,20260929,0.39166666666666666,0.39166666666666666,76.05167042422626
benchmark,harmonic_fold,0.4,5,20260929,0.2875,0.2875,46.04060776796116
benchmark,harmonic_fold,0.4,6,20260929,0.2916666666666667,0.29166666666666663,47.14913693052706
benchmark,harmonic_fold,0.4,7,20260929,0.22083333333333333,0.2208333333333333,29.468842497366644
benchmark,harmonic_fold,0.4,8,20260929,0.15833333333333333,0.15833333333333335,16.20492128985204
benchmark,harmonic_fold,0.4,9,20260929,0.2916666666666667,0.29166666666666663,47.14913693052706
benchmark,harmonic_fold,0.4,10,20260929,0.36666666666666664,0.3666666666666666,68.42856306760225
benchmark,harmonic_fold,0.4,11,20260929,0.041666666666666664,0.041666666666666664,0.4579117096348284
benchmark,harmonic_fold,0.4,12,20260929,0.12083333333333333,0.12083333333333332,9.561808145251108
benchmark,harmonic_fold,0.4,13,20260929,0.09583333333333334,0.09583333333333333,5.826461323216077
benchmark,harmonic_fold,0.4,14,20260929,0.20416666666666666,0.20416666666666666,25.69635126130727
benchmark,harmonic_fold,0.4,15,20260929,0.22083333333333333,0.2208333333333333,29.468842497366644
benchmark,harmonic_fold,0.4,16,20260929,0.25833333333333336,0.25833333333333336,38.51336856262429
benchmark,harmonic_fold,0.4,17,20260929,0.2916666666666667,0.29166666666666663,47.14913693052706
benchmark,harmonic_fold,0.4,18,20260929,0.5375,0.5375,125.4327307354651
benchmark,harmonic_fold,0.4,19,20260929,0.07916666666666666,0.07916666666666666,3.7144993998056224
benchmark,harmonic_fold,0.4,20,20260929,0.2875,0.2875,46.04060776796116
benchmark,harmonic_fold,0.4,21,20260929,0.2125,0.2125,27.562636411190766
benchmark,harmonic_fold,0.4,22,20260929,0.4375,0.4375,90.67932923259005
benchmark,harmonic_fold,0.4,23,20260929,0.15,0.15,14.633060275870058
benchmark,harmonic_fold,0.4,24,20260929,0.36666666666666664,0.36666666666666664,68.42856306760225
benchmark,harmonic_fold,0.4,25,20260929,0.25,0.25,36.43988708543618
benchmark,harmonic_fold,0.4,26,20260929,0.3333333333333333,0.33333333333333337,58.66871877275826
benchmark,harmonic_fold,0.4,27,20260929,0.2625,0.2625,39.563229064858284
benchmark,harmonic_fold,0.4,28,20260929,0.5625,0.5625,134.72434772310876
benchmark,harmonic_fold,0.4,29,20260929,0.11666666666666667,0.11666666666666665,8.896889892538104
benchmark,harmonic_fold,0.4,30,20260929,0.25833333333333336,0.2583333333333333,38.51336856262429
benchmark,harmonic_fold,0.4,31,20260929,0.36666666666666664,0.36666666666666664,68.42856306760225
benchmark,harmonic_fold,0.4,32,20260929,0.6583333333333333,0.6583333333333333,172.64517790857872
benchmark,harmonic_fold,0.4,33,20260929,0.2,0.2,24.778548327346723
benchmark,harmonic_fold,0.4,34,20260929,0.48333333333333334,0.4833333333333334,106.1292396141041
benchmark,harmonic_fold,0.4,35,20260929,0.13333333333333333,0.13333333333333333,11.649111021367217
benchmark,harmonic_fold,0.4,1,20260930,0.39166666666666666,0.39166666666666666,76.05167042422626
benchmark,harmonic_fold,0.4,2,20260930,0.4125,0.4125,82.59731473429352
benchmark,harmonic_fold,0.4,3,20260930,0.6708333333333333,0.6708333333333333,177.87181139423592
benchmark,harmonic_fold,0.4,4,20260930,0.44583333333333336,0.4458333333333334,93.42778782911792
benchmark,harmonic_fold,0.4,5,20260930,0.2791666666666667,0.2791666666666667,43.848076418216074
benchmark,harmonic_fold,0.4,6,20260930,0.31666666666666665,0.31666666666666665,53.967793253497796
benchmark,harmonic_fold,0.4,7,20260930,0.23333333333333334,0.2333333333333333,32.400629751662535
benchmark,harmonic_fold,0.4,8,20260930,0.1875,0.1875,22.088435462442686
benchmark,harmonic_fold,0.4,9,20260930,0.3,0.3,49.390376163539784
benchmark,harmonic_fold,0.4,10,20260930,0.3958333333333333,0.39583333333333337,77.34688303763949
benchmark,harmonic_fold,0.4,11,20260930,0.0375,0.0375,0.26790023606479235
benchmark,harmonic_fold,0.4,12,20260930,0.09583333333333334,0.09583333333333333,5.826461323216077
benchmark,harmonic_fold,0.4,13,20260930,0.14583333333333334,0.14583333333333331,13.866630819958853
benchmark,harmonic_fold,0.4,14,20260930,0.20416666666666666,0.20416666666666666,25.69635126130727
benchmark,harmonic_fold,0.4,15,20260930,0.22083333333333333,0.2208333333333333,29.468842497366644
benchmark,harmonic_fold,0.4,16,20260930,0.23333333333333334,0.2333333333333333,32.400629751662535
benchmark,harmonic_fold,0.4,17,20260930,0.29583333333333334,0.2958333333333333,48.265748626590074
benchmark,harmonic_fold,0.4,18,20260930,0.4875,0.4875,107.57402312634744
benchmark,harmonic_fold,0.4,19,20260930,0.075,0.07499999999999998,3.2412998875523513
benchmark,harmonic_fold,0.4,20,20260930,0.2916666666666667,0.29166666666666663,47.14913693052706
benchmark,harmonic_fold,0.4,21,20260930,0.25416666666666665,0.2541666666666666,37.47222343672725
benchmark,harmonic_fold,0.4,22,20260930,0.4041666666666667,0.4041666666666666,79.95823038363389
benchmark,harmonic_fold,0.4,23,20260930,0.16666666666666666,0.16666666666666669,17.826921612475683
benchmark,harmonic_fold,0.4,24,20260930,0.3,0.3,49.390376163539784
benchmark,harmonic_fold,0.4,25,20260930,0.25833333333333336,0.2583333333333333,38.51336856262429
benchmark,harmonic_fold,0.4,26,20260930,0.32083333333333336,0.3208333333333333,55.13158081265252
benchmark,harmonic_fold,0.4,27,20260930,0.25,0.24999999999999994,36.43988708543618
benchmark,harmonic_fold,0.4,28,20260930,0.55,0.55,130.04817616076954
benchmark,harmonic_fold,0.4,29,20260930,0.11666666666666667,0.11666666666666667,8.896889892538104
benchmark,harmonic_fold,0.4,30,20260930,0.24166666666666667,0.2416666666666667,34.40203284098763
benchmark,harmonic_fold,0.4,31,20260930,0.2875,0.2875,46.04060776796116
benchmark,harmonic_fold,0.4,32,20260930,0.6583333333333333,0.6583333333333334,172.64517790857872
benchmark,harmonic_fold,0.4,33,20260930,0.17916666666666667,0.17916666666666664,20.349543221154438
benchmark,harmonic_fold,0.4,34,20260930,0.43333333333333335,0.4333333333333333,89.31527087732682
benchmark,harmonic_fold,0.4,35,20260930,0.12083333333333333,0.12083333333333332,9.561808145251108
benchmark,harmonic_fold,0.4,1,20260931,0.38333333333333336,0.3833333333333333,73.48229708489987
benchmark,harmonic_fold,0.4,2,20260931,0.4041666666666667,0.4041666666666666,79.95823038363389
benchmark,harmonic_fold,0.4,3,20260931,0.675,0.675,179.62908341506443
benchmark,harmonic_fold,0.4,4,20260931,0.43333333333333335,0.4333333333333333,89.31527087732682
benchmark,harmonic_fold,0.4,5,20260931,0.25833333333333336,0.2583333333333333,38.51336856262429
benchmark,harmonic_fold,0.4,6,20260931,0.20833333333333334,0.20833333333333331,26.624431476308885
benchmark,harmonic_fold,0.4,7,20260931,0.23333333333333334,0.2333333333333333,32.400629751662535
benchmark,harmonic_fold,0.4,8,20260931,0.14166666666666666,0.14166666666666666,13.113607762098312
benchmark,harmonic_fold,0.4,9,20260931,0.25833333333333336,0.2583333333333333,38.51336856262429
benchmark,harmonic_fold,0.4,10,20260931,0.3458333333333333,0.3458333333333333,62.27349495648049
benchmark,harmonic_fold,0.4,11,20260931,0.03333333333333333,0.03333333333333333,0.12424331124378796
benchmark,harmonic_fold,0.4,12,20260931,0.12083333333333333,0.12083333333333332,9.561808145251108
benchmark,harmonic_fold,0.4,13,20260931,0.075,0.07499999999999998,3.2412998875523513
benchmark,harmonic_fold,0.4,14,20260931,0.12083333333333333,0.12083333333333332,9.561808145251108
benchmark,harmonic_fold,0.4,15,20260931,0.22083333333333333,0.2208333333333333,29.468842497366644
benchmark,harmonic_fold,0.4,16,20260931,0.25416666666666665,0.25416666666666665,37.47222343672725
benchmark,harmonic_fold,0.4,17,20260931,0.24583333333333332,0.24583333333333335,35.41645657979563
benchmark,harmonic_fold,0.4,18,20260931,0.525,0.525,120.87774412566561
benchmark,harmonic_fold,0.4,19,20260931,0.075,0.07499999999999998,3.2412998875523513
benchmark,harmonic_fold,0.4,20,20260931,0.2916666666666667,0.29166666666666663,47.14913693052706
benchmark,harmonic_fold,0.4,21,20260931,0.25833333333333336,0.2583333333333333,38.51336856262429
benchmark,harmonic_fold,0.4,22,20260931,0.5541666666666667,0.5541666666666666,131.6001371875675
benchmark,harmonic_fold,0.4,23,20260931,0.11666666666666667,0.11666666666666665,8.896889892538104
benchmark,harmonic_fold,0.4,24,20260931,0.38333333333333336,0.3833333333333333,73.48229708489987
benchmark,harmonic_fold,0.4,25,20260931,0.23333333333333334,0.2333333333333333,32.400629751662535
benchmark,harmonic_fold,0.4,26,20260931,0.30833333333333335,0.3083333333333333,51.66342393220032
benchmark,harmonic_fold,0.4,27,20260931,0.22083333333333333,0.2208333333333333,29.468842497366644
benchmark,harmonic_fold,0.4,28,20260931,0.5041666666666667,0.5041666666666667,113.41997259060727
benchmark,harmonic_fold,0.4,29,20260931,0.11666666666666667,0.11666666666666665,8.896889892538104
benchmark,harmonic_fold,0.4,30,20260931,0.2916666666666667,0.29166666666666663,47.14913693052706
benchmark,harmonic_fold,0.4,31,20260931,0.37083333333333335,0.3708333333333333,69.68129327022758
benchmark,harmonic_fold,0.4,32,20260931,0.65,0.65,169.19795086067236
benchmark,harmonic_fold,0.4,33,20260931,0.20833333333333334,0.20833333333333331,26.624431476308885
benchmark,harmonic_fold,0.4,34,20260931,0.4666666666666667,0.4666666666666666,100.41701863416849
benchmark,harmonic_fold,0.4,35,20260931,0.175,0.175,19.49702861796337
benchmark,harmonic_fold,0.6,1,20260929,0.55,0.55,106.4030532224478
benchmark,harmonic_fold,0.6,2,20260929,0.6708333333333333,0.6708333333333332,145.53148204982938
benchmark,harmonic_fold,0.6,3,20260929,0.9375,0.9375,253.87093034135228
benchmark,harmonic_fold,0.6,4,20260929,0.725,0.725,164.7215076221252
benchmark,harmonic_fold,0.6,5,20260929,0.5875,0.5875,118.03118778083439
benchmark,harmonic_fold,0.6,6,20260929,0.5708333333333333,0.5708333333333334,112.8073911249033
benchmark,harmonic_fold,0.6,7,20260929,0.37916666666666665,0.37916666666666665,59.07942977804341
benchmark,harmonic_fold,0.6,8,20260929,0.275,0.275,34.98890770459727
benchmark,harmonic_fold,0.6,9,20260929,0.42916666666666664,0.4291666666666666,71.96564670642233
benchmark,harmonic_fold,0.6,10,20260929,0.6083333333333333,0.6083333333333333,124.68793838819353
benchmark,harmonic_fold,0.6,11,20260929,0.08333333333333333,0.08333333333333333,3.445047852363749
benchmark,harmonic_fold,0.6,12,20260929,0.2875,0.2875,37.6695881737864
benchmark,harmonic_fold,0.6,13,20260929,0.2625,0.2625,32.3699146894295
benchmark,harmonic_fold,0.6,14,20260929,0.32083333333333336,0.3208333333333333,45.10765702853388
benchmark,harmonic_fold,0.6,15,20260929,0.42083333333333334,0.4208333333333333,69.76142278899293
benchmark,harmonic_fold,0.6,16,20260929,0.3625,0.3625,54.967928275412206
benchmark,harmonic_fold,0.6,17,20260929,0.6041666666666666,0.6041666666666667,123.34520224513965
benchmark,harmonic_fold,0.6,18,20260929,0.7208333333333333,0.7208333333333334,163.20584325113094
benchmark,harmonic_fold,0.6,19,20260929,0.16666666666666666,0.16666666666666666,14.585663137480104
benchmark,harmonic_fold,0.6,20,20260929,0.5833333333333334,0.5833333333333333,116.7168225660149
benchmark,harmonic_fold,0.6,21,20260929,0.3875,0.3875,61.17010858594645
benchmark,harmonic_fold,0.6,22,20260929,0.7166666666666667,0.7166666666666666,161.69696817228947
benchmark,harmonic_fold,0.6,23,20260929,0.31666666666666665,0.3166666666666666,44.155467207407284
benchmark,harmonic_fold,0.6,24,20260929,0.5958333333333333,0.5958333333333334,120.67684805653307
benchmark,harmonic_fold,0.6,25,20260929,0.4583333333333333,0.4583333333333333,79.85547626278223
benchmark,harmonic_fold,0.6,26,20260929,0.5666666666666667,0.5666666666666667,111.51541958226557
benchmark,harmonic_fold,0.6,27,20260929,0.5,0.5,91.59419920670389
benchmark,harmonic_fold,0.6,28,20260929,0.7708333333333334,0.7708333333333334,181.86187096110746
benchmark,harmonic_fold,0.6,29,20260929,0.20833333333333334,0.20833333333333331,21.78362575334363
benchmark,harmonic_fold,0.6,30,20260929,0.4791666666666667,0.47916666666666663,85.6563895251149
benchmark,harmonic_fold,0.6,31,20260929,0.6791666666666667,0.6791666666666666,148.41324585175056
benchmark,harmonic_fold,0.6,32,20260929,0.8291666666666667,0.8291666666666668,205.05805466615863
benchmark,harmonic_fold,0.6,33,20260929,0.2791666666666667,0.2791666666666667,35.87569888763133
benchmark,harmonic_fold,0.6,34,20260929,0.625,0.625,130.11645053940293
benchmark,harmonic_fold,0.6,35,20260929,0.29583333333333334,0.2958333333333333,39.49015796721006
benchmark,harmonic_fold,0.6,1,20260930,0.5541666666666667,0.5541666666666666,107.67283951710067
benchmark,harmonic_fold,0.6,2,20260930,0.6875,0.6875,151.32009103409194
benchmark,harmonic_fold,0.6,3,20260930,0.9375,0.9375,253.87093034135228
benchmark,harmonic_fold,0.6,4,20260930,0.6666666666666666,0.6666666666666667,144.0999011570249
benchmark,harmonic_fold,0.6,5,20260930,0.5416666666666666,0.5416666666666666,103.88003180306515
benchmark,harmonic_fold,0.6,6,20260930,0.5875,0.5874999999999999,118.03118778083439
benchmark,harmonic_fold,0.6,7,20260930,0.4125,0.4125,67.57962114624014
benchmark,harmonic_fold,0.6,8,20260930,0.29583333333333334,0.2958333333333333,39.49015796721006
benchmark,harmonic_fold,0.6,9,20260930,0.48333333333333334,0.4833333333333333,86.83301422972153
benchmark,harmonic_fold,0.6,10,20260930,0.6375,0.6375,134.24896155834588
benchmark,harmonic_fold,0.6,11,20260930,0.041666666666666664,0.041666666666666664,0.37465503515576865
benchmark,harmonic_fold,0.6,12,20260930,0.23333333333333334,0.2333333333333333,26.509606160451163
benchmark,harmonic_fold,0.6,13,20260930,0.2708333333333333,0.2708333333333333,34.10896907807641
benchmark,harmonic_fold,0.6,14,20260930,0.3375,0.3375,48.9787016253846
benchmark,harmonic_fold,0.6,15,20260930,0.4166666666666667,0.41666666666666663,68.667711485449
benchmark,harmonic_fold,0.6,16,20260930,0.36666666666666664,0.36666666666666664,55.987006146220025
benchmark,harmonic_fold,0.6,17,20260930,0.6,0.6,122.0081788847888
benchmark,harmonic_fold,0.6,18,20260930,0.6916666666666667,0.6916666666666667,152.78302961164724
benchmark,harmonic_fold,0.6,19,20260930,0.175,0.175,15.95211432378821
benchmark,harmonic_fold,0.6,20,20260930,0.5583333333333333,0.5583333333333333,108.94815553012836
benchmark,harmonic_fold,0.6,21,20260930,0.45416666666666666,0.4541666666666666,78.7117758541043
benchmark,harmonic_fold,0.6,22,20260930,0.6916666666666667,0.6916666666666667,152.78302961164724
benchmark,harmonic_fold,0.6,23,20260930,0.2833333333333333,0.2833333333333333,36.76927936281815
benchmark,harmonic_fold,0.6,24,20260930,0.5416666666666666,0.5416666666666667,103.88003180306515
benchmark,harmonic_fold,0.6,25,20260930,0.4583333333333333,0.4583333333333333,79.85547626278223
benchmark,harmonic_fold,0.6,26,20260930,0.5583333333333333,0.5583333333333333,108.94815553012836
benchmark,harmonic_fold,0.6,27,20260930,0.45416666666666666,0.4541666666666666,78.7117758541043
benchmark,harmonic_fold,0.6,28,20260930,0.7791666666666667,0.7791666666666666,185.07539325410477
benchmark,harmonic_fold,0.6,29,20260930,0.20416666666666666,0.20416666666666666,21.024287395615037
benchmark,harmonic_fold,0.6,30,20260930,0.45,0.45,77.57358657410819
benchmark,harmonic_fold,0.6,31,20260930,0.6041666666666666,0.6041666666666666,123.34520224513965
benchmark,harmonic_fold,0.6,32,20260930,0.8416666666666667,0.8416666666666666,210.25992739474452
benchmark,harmonic_fold,0.6,33,20260930,0.3,0.3,40.41030777016891
benchmark,harmonic_fold,0.6,34,20260930,0.5916666666666667,0.5916666666666666,119.35119047076759
benchmark,harmonic_fold,0.6,35,20260930,0.2916666666666667,0.29166666666666663,38.57656657952213
benchmark,harmonic_fold,0.6,1,20260931,0.5541666666666667,0.5541666666666666,107.67283951710067
benchmark,harmonic_fold,0.6,2,20260931,0.6666666666666666,0.6666666666666666,144.0999011570249
benchmark,harmonic_fold,0.6,3,20260931,0.9375,0.9375,253.87093034135228
benchmark,harmonic_fold,0.6,4,20260931,0.6583333333333333,0.6583333333333334,141.2551455615644
benchmark,harmonic_fold,0.6,5,20260931,0.55,0.55,106.4030532224478
benchmark,harmonic_fold,0.6,6,20260931,0.5166666666666667,0.5166666666666667,96.44283644583473
benchmark,harmonic_fold,0.6,7,20260931,0.3958333333333333,0.3958333333333333,63.28381339443231
benchmark,harmonic_fold,0.6,8,20260931,0.23333333333333334,0.2333333333333333,26.509606160451163
benchmark,harmonic_fold,0.6,9,20260931,0.45416666666666666,0.4541666666666666,78.7117758541043
benchmark,harmonic_fold,0.6,10,20260931,0.5791666666666667,0.5791666666666666,115.4080783155305
benchmark,harmonic_fold,0.6,11,20260931,0.05,0.05,0.7854016283056869
benchmark,harmonic_fold,0.6,12,20260931,0.275,0.27499999999999997,34.98890770459727
benchmark,harmonic_fold,0.6,13,20260931,0.25416666666666665,0.25416666666666665,30.659091902776836
benchmark,harmonic_fold,0.6,14,20260931,0.2625,0.2625,32.3699146894295
benchmark,harmonic_fold,0.6,15,20260931,0.3958333333333333,0.3958333333333333,63.28381339443231
benchmark,harmonic_fold,0.6,16,20260931,0.4375,0.4375,74.19217846302821
benchmark,harmonic_fold,0.6,17,20260931,0.5166666666666667,0.5166666666666666,96.44283644583473
benchmark,harmonic_fold,0.6,18,20260931,0.6875,0.6875,151.32009103409194
benchmark,harmonic_fold,0.6,19,20260931,0.17083333333333334,0.17083333333333334,15.26406589792334
benchmark,harmonic_fold,0.6,20,20260931,0.5791666666666667,0.5791666666666667,115.4080783155305
benchmark,harmonic_fold,0.6,21,20260931,0.4625,0.4625,81.00467970639868
benchmark,harmonic_fold,0.6,22,20260931,0.7708333333333334,0.7708333333333333,181.86187096110746
benchmark,harmonic_fold,0.6,23,20260931,0.2375,0.2375,27.324589770113903
benchmark,harmonic_fold,0.6,24,20260931,0.5958333333333333,0.5958333333333334,120.67684805653307
benchmark,harmonic_fold,0.6,25,20260931,0.49583333333333335,0.4958333333333334,90.39570383828674
benchmark,harmonic_fold,0.6,26,20260931,0.5791666666666667,0.5791666666666666,115.4080783155305
benchmark,harmonic_fold,0.6,27,20260931,0.42916666666666664,0.4291666666666666,71.96564670642233
benchmark,harmonic_fold,0.6,28,20260931,0.7166666666666667,0.7166666666666666,161.69696817228947
benchmark,harmonic_fold,0.6,29,20260931,0.23333333333333334,0.2333333333333333,26.509606160451163
benchmark,harmonic_fold,0.6,30,20260931,0.49166666666666664,0.4916666666666667,89.20267366661311
benchmark,harmonic_fold,0.6,31,20260931,0.6875,0.6875,151.32009103409194
benchmark,harmonic_fold,0.6,32,20260931,0.8708333333333333,0.8708333333333332,222.76810801570235
benchmark,harmonic_fold,0.6,33,20260931,0.31666666666666665,0.31666666666666665,44.155467207407284
benchmark,harmonic_fold,0.6,34,20260931,0.5875,0.5875,118.03118778083439
benchmark,harmonic_fold,0.6,35,20260931,0.30833333333333335,0.3083333333333333,42.27007412634571
benchmark,harmonic_fold,0.8,1,20260929,0.6875,0.6875,128.04007702884704
benchmark,harmonic_fold,0.8,2,20260929,0.8708333333333333,0.8708333333333332,188.496091397902
benchmark,harmonic_fold,0.8,3,20260929,0.9833333333333333,0.9833333333333334,235.91752896170536
benchmark,harmonic_fold,0.8,4,20260929,0.825,0.825,172.06000945522666
benchmark,harmonic_fold,0.8,5,20260929,0.85,0.85,180.88972880038267
benchmark,harmonic_fold,0.8,6,20260929,0.8875,0.8875,194.76504838156902
benchmark,harmonic_fold,0.8,7,20260929,0.575,0.575,96.5503333498948
benchmark,harmonic_fold,0.8,8,20260929,0.5708333333333333,0.5708333333333333,95.45240787491818
benchmark,harmonic_fold,0.8,9,20260929,0.6458333333333334,0.6458333333333333,115.95140838708518
benchmark,harmonic_fold,0.8,10,20260929,0.8375,0.8375,176.4366134142091
benchmark,harmonic_fold,0.8,11,20260929,0.125,0.125,7.0909250853830486
benchmark,harmonic_fold,0.8,12,20260929,0.4791666666666667,0.47916666666666663,72.47848344432799
benchmark,harmonic_fold,0.8,13,20260929,0.5291666666666667,0.5291666666666666,84.73110135932112
benchmark,harmonic_fold,0.8,14,20260929,0.42916666666666664,0.4291666666666667,60.89400875158814
benchmark,harmonic_fold,0.8,15,20260929,0.6083333333333333,0.6083333333333334,105.50517863616376
benchmark,harmonic_fold,0.8,16,20260929,0.5791666666666667,0.5791666666666666,97.65298934391042
benchmark,harmonic_fold,0.8,17,20260929,0.7375,0.7375,143.2622072276512
benchmark,harmonic_fold,0.8,18,20260929,0.7666666666666667,0.7666666666666666,152.53341367699093
benchmark,harmonic_fold,0.8,19,20260929,0.3416666666666667,0.3416666666666666,42.27539843026008
benchmark,harmonic_fold,0.8,20,20260929,0.7833333333333333,0.7833333333333333,157.97185652015736
benchmark,harmonic_fold,0.8,21,20260929,0.65,0.65,117.1370429035424
benchmark,harmonic_fold,0.8,22,20260929,0.8666666666666667,0.8666666666666666,186.95530580705346
benchmark,harmonic_fold,0.8,23,20260929,0.4166666666666667,0.4166666666666667,58.10344817999532
benchmark,harmonic_fold,0.8,24,20260929,0.8458333333333333,0.8458333333333332,179.39655450882333
benchmark,harmonic_fold,0.8,25,20260929,0.7,0.7,131.76999369221514
benchmark,harmonic_fold,0.8,26,20260929,0.7541666666666667,0.7541666666666667,148.52275276701133
benchmark,harmonic_fold,0.8,27,20260929,0.6625,0.6625,120.72455004287454
benchmark,harmonic_fold,0.8,28,20260929,0.8916666666666667,0.8916666666666668,196.3603672880804
benchmark,harmonic_fold,0.8,29,20260929,0.29583333333333334,0.2958333333333333,33.41474904917774
benchmark,harmonic_fold,0.8,30,20260929,0.75,0.75,147.1984345713539
benchmark,harmonic_fold,0.8,31,20260929,0.8125,0.8125,167.75551932579438
benchmark,harmonic_fold,0.8,32,20260929,0.9583333333333334,0.9583333333333334,223.93018659699618
benchmark,harmonic_fold,0.8,33,20260929,0.3875,0.3875,51.759322649647004
benchmark,harmonic_fold,0.8,34,20260929,0.8,0.8,163.51936413357924
benchmark,harmonic_fold,0.8,35,20260929,0.525,0.525,83.68459208699927
benchmark,harmonic_fold,0.8,1,20260930,0.7166666666666667,0.7166666666666667,136.8205115303988
benchmark,harmonic_fold,0.8,2,20260930,0.8583333333333333,0.8583333333333334,183.90349415151167
benchmark,harmonic_fold,0.8,3,20260930,0.975,0.975,231.74455882703703
benchmark,harmonic_fold,0.8,4,20260930,0.8208333333333333,0.8208333333333334,170.6173648655658
benchmark,harmonic_fold,0.8,5,20260930,0.8166666666666667,0.8166666666666668,169.18258131992414
benchmark,harmonic_fold,0.8,6,20260930,0.8791666666666667,0.8791666666666668,191.60879099150637
benchmark,harmonic_fold,0.8,7,20260930,0.6083333333333333,0.6083333333333334,105.50517863616376
benchmark,harmonic_fold,0.8,8,20260930,0.6291666666666667,0.6291666666666667,111.25915256582286
benchmark,harmonic_fold,0.8,9,20260930,0.6541666666666667,0.6541666666666667,118.32775885368002
benchmark,harmonic_fold,0.8,10,20260930,0.8625,0.8625,185.42452552801112
benchmark,harmonic_fold,0.8,11,20260930,0.11666666666666667,0.11666666666666665,6.159385310218687
benchmark,harmonic_fold,0.8,12,20260930,0.44583333333333336,0.4458333333333333,64.68077618938932
benchmark,harmonic_fold,0.8,13,20260930,0.525,0.525,83.68459208699927
benchmark,harmonic_fold,0.8,14,20260930,0.49583333333333335,0.4958333333333334,76.48867247855031
benchmark,harmonic_fold,0.8,15,20260930,0.5916666666666667,0.5916666666666666,100.98946885988028
benchmark,harmonic_fold,0.8,16,20260930,0.5625,0.5625,93.27070226984452
benchmark,harmonic_fold,0.8,17,20260930,0.6875,0.6874999999999999,128.04007702884704
benchmark,harmonic_fold,0.8,18,20260930,0.7333333333333333,0.7333333333333334,141.96215821151978
benchmark,harmonic_fold,0.8,19,20260930,0.37916666666666665,0.37916666666666665,49.9902867352675
benchmark,harmonic_fold,0.8,20,20260930,0.7666666666666667,0.7666666666666666,152.53341367699093
benchmark,harmonic_fold,0.8,21,20260930,0.7083333333333334,0.7083333333333334,134.28406054540812
benchmark,harmonic_fold,0.8,22,20260930,0.8666666666666667,0.8666666666666668,186.95530580705346
benchmark,harmonic_fold,0.8,23,20260930,0.42916666666666664,0.4291666666666666,60.89400875158814
benchmark,harmonic_fold,0.8,24,20260930,0.7416666666666667,0.7416666666666666,144.56822773335927
benchmark,harmonic_fold,0.8,25,20260930,0.7458333333333333,0.7458333333333333,145.8802819611468
benchmark,harmonic_fold,0.8,26,20260930,0.7208333333333333,0.7208333333333334,138.0972519817262
benchmark,harmonic_fold,0.8,27,20260930,0.5791666666666667,0.5791666666666666,97.65298934391042
benchmark,harmonic_fold,0.8,28,20260930,0.9083333333333333,0.9083333333333334,202.86573642756605
benchmark,harmonic_fold,0.8,29,20260930,0.31666666666666665,0.3166666666666666,37.362318406267704
benchmark,harmonic_fold,0.8,30,20260930,0.7458333333333333,0.7458333333333333,145.8802819611468
benchmark,harmonic_fold,0.8,31,20260930,0.7791666666666667,0.7791666666666666,156.60225583039636
benchmark,harmonic_fold,0.8,32,20260930,0.95,0.95,220.21204739207505
benchmark,harmonic_fold,0.8,33,20260930,0.36666666666666664,0.36666666666666664,47.3736205852631
benchmark,harmonic_fold,0.8,34,20260930,0.8083333333333333,0.8083333333333333,166.3360459850355
benchmark,harmonic_fold,0.8,35,20260930,0.5791666666666667,0.5791666666666666,97.65298934391042
benchmark,harmonic_fold,0.8,1,20260931,0.6833333333333333,0.6833333333333333,126.807586725475
benchmark,harmonic_fold,0.8,2,20260931,0.825,0.825,172.06000945522666
benchmark,harmonic_fold,0.8,3,20260931,0.975,0.975,231.74455882703703
benchmark,harmonic_fold,0.8,4,20260931,0.8333333333333334,0.8333333333333334,174.96947554286
benchmark,harmonic_fold,0.8,5,20260931,0.825,0.825,172.06000945522666
benchmark,harmonic_fold,0.8,6,20260931,0.8833333333333333,0.8833333333333334,193.18130997765206
benchmark,harmonic_fold,0.8,7,20260931,0.5791666666666667,0.5791666666666667,97.65298934391042
benchmark,harmonic_fold,0.8,8,20260931,0.4791666666666667,0.47916666666666663,72.47848344432799
benchmark,harmonic_fold,0.8,9,20260931,0.6375,0.6375,113.59527516475421
benchmark,harmonic_fold,0.8,10,20260931,0.8208333333333333,0.8208333333333334,170.6173648655658
benchmark,harmonic_fold,0.8,11,20260931,0.09583333333333334,0.09583333333333333,4.033703992995746
benchmark,harmonic_fold,0.8,12,20260931,0.45416666666666666,0.4541666666666667,66.60227187654979
benchmark,harmonic_fold,0.8,13,20260931,0.5,0.5,77.50278394413407
benchmark,harmonic_fold,0.8,14,20260931,0.36666666666666664,0.36666666666666664,47.3736205852631
benchmark,harmonic_fold,0.8,15,20260931,0.6333333333333333,0.6333333333333333,112.42472481741383
benchmark,harmonic_fold,0.8,16,20260931,0.6041666666666666,0.6041666666666666,104.36901728434894
benchmark,harmonic_fold,0.8,17,20260931,0.6416666666666667,0.6416666666666668,114.77082791849317
benchmark,harmonic_fold,0.8,18,20260931,0.7791666666666667,0.7791666666666666,156.60225583039636
benchmark,harmonic_fold,0.8,19,20260931,0.4083333333333333,0.4083333333333333,56.26683470027665
benchmark,harmonic_fold,0.8,20,20260931,0.8166666666666667,0.8166666666666668,169.18258131992414
benchmark,harmonic_fold,0.8,21,20260931,0.7291666666666666,0.7291666666666667,140.66802077276606
benchmark,harmonic_fold,0.8,22,20260931,0.9083333333333333,0.9083333333333334,202.86573642756605
benchmark,harmonic_fold,0.8,23,20260931,0.3416666666666667,0.3416666666666667,42.27539843026008
benchmark,harmonic_fold,0.8,24,20260931,0.7958333333333333,0.7958333333333332,162.121919157528
benchmark,harmonic_fold,0.8,25,20260931,0.7375,0.7375,143.2622072276512
benchmark,harmonic_fold,0.8,26,20260931,0.7708333333333334,0.7708333333333334,153.88312158247555
benchmark,harmonic_fold,0.8,27,20260931,0.6208333333333333,0.6208333333333333,108.94284994565413
benchmark,harmonic_fold,0.8,28,20260931,0.8708333333333333,0.8708333333333332,188.496091397902
benchmark,harmonic_fold,0.8,29,20260931,0.36666666666666664,0.3666666666666666,47.3736205852631
benchmark,harmonic_fold,0.8,30,20260931,0.7666666666666667,0.7666666666666667,152.53341367699093
benchmark,harmonic_fold,0.8,31,20260931,0.8166666666666667,0.8166666666666668,169.18258131992414
benchmark,harmonic_fold,0.8,32,20260931,0.9708333333333333,0.9708333333333334,229.73423854879562
benchmark,harmonic_fold,0.8,33,20260931,0.39166666666666666,0.3916666666666666,52.65115644754126
benchmark,harmonic_fold,0.8,34,20260931,0.7791666666666667,0.7791666666666667,156.60225583039636
benchmark,harmonic_fold,0.8,35,20260931,0.5625,0.5625,93.27070226984452
benchmark,harmonic_fold,1.0,1,20260929,0.725,0.725,120.79577225622513
benchmark,harmonic_fold,1.0,2,20260929,0.9041666666666667,0.9041666666666666,174.39054853714234
benchmark,harmonic_fold,1.0,3,20260929,0.9791666666666666,0.9791666666666667,202.62885194163718
benchmark,harmonic_fold,1.0,4,20260929,0.85,0.85,156.771098293665
benchmark,harmonic_fold,1.0,5,20260929,0.9375,0.9375,186.17201558365835
benchmark,harmonic_fold,1.0,6,20260929,0.9416666666666667,0.9416666666666668,187.71279719624832
benchmark,harmonic_fold,1.0,7,20260929,0.7708333333333334,0.7708333333333334,133.36537203814547
benchmark,harmonic_fold,1.0,8,20260929,0.7125,0.7125,117.47620238143496
benchmark,harmonic_fold,1.0,9,20260929,0.7375,0.7375,124.16057959729771
benchmark,harmonic_fold,1.0,10,20260929,0.8833333333333333,0.8833333333333332,167.4238019806318
benchmark,harmonic_fold,1.0,11,20260929,0.2,0.19999999999999998,14.867128996408034
benchmark,harmonic_fold,1.0,12,20260929,0.6375,0.6375,98.44923847612033
benchmark,harmonic_fold,1.0,13,20260929,0.675,0.675,107.77745004903865
benchmark,harmonic_fold,1.0,14,20260929,0.45416666666666666,0.4541666666666666,57.721968959676495
benchmark,harmonic_fold,1.0,15,20260929,0.7583333333333333,0.7583333333333334,129.872865561079
benchmark,harmonic_fold,1.0,16,20260929,0.6916666666666667,0.6916666666666667,112.04088838187465
benchmark,harmonic_fold,1.0,17,20260929,0.8083333333333333,0.8083333333333333,144.1579065203641
benchmark,harmonic_fold,1.0,18,20260929,0.7833333333333333,0.7833333333333334,136.90894231746972
benchmark,harmonic_fold,1.0,19,20260929,0.5416666666666666,0.5416666666666667,76.17868998891446
benchmark,harmonic_fold,1.0,20,20260929,0.9,0.9,172.97569117647427
benchmark,harmonic_fold,1.0,21,20260929,0.75,0.75,127.57197662850672
benchmark,harmonic_fold,1.0,22,20260929,0.925,0.925,181.6484553738479
benchmark,harmonic_fold,1.0,23,20260929,0.44583333333333336,0.4458333333333333,56.05667269747075
benchmark,harmonic_fold,1.0,24,20260929,0.8625,0.8625,160.70125545760962
benchmark,harmonic_fold,1.0,25,20260929,0.8083333333333333,0.8083333333333333,144.1579065203641
benchmark,harmonic_fold,1.0,26,20260929,0.8291666666666667,0.8291666666666668,150.375906755183
benchmark,harmonic_fold,1.0,27,20260929,0.7458333333333333,0.7458333333333333,126.42957769966057
benchmark,harmonic_fold,1.0,28,20260929,0.975,0.975,200.84528431676543
benchmark,harmonic_fold,1.0,29,20260929,0.44583333333333336,0.4458333333333334,56.05667269747075
benchmark,harmonic_fold,1.0,30,20260929,0.8416666666666667,0.8416666666666668,154.19061342281267
benchmark,harmonic_fold,1.0,31,20260929,0.9125,0.9125,177.2554308603044
benchmark,harmonic_fold,1.0,32,20260929,0.9833333333333333,0.9833333333333334,204.461858433478
benchmark,harmonic_fold,1.0,33,20260929,0.425,0.425,51.96454225673536
benchmark,harmonic_fold,1.0,34,20260929,0.9,0.9,172.97569117647427
benchmark,harmonic_fold,1.0,35,20260929,0.7625,0.7625,131.03147909419073
benchmark,harmonic_fold,1.0,1,20260930,0.7333333333333333,0.7333333333333333,123.03387044998381
benchmark,harmonic_fold,1.0,2,20260930,0.9166666666666666,0.9166666666666667,178.70644238714166
benchmark,harmonic_fold,1.0,3,20260930,0.9916666666666667,0.9916666666666668,208.33413717608144
benchmark,harmonic_fold,1.0,4,20260930,0.8541666666666666,0.8541666666666667,158.073041359739
benchmark,harmonic_fold,1.0,5,20260930,0.9291666666666667,0.9291666666666668,183.14078468162472
benchmark,harmonic_fold,1.0,6,20260930,0.925,0.925,181.6484553738479
benchmark,harmonic_fold,1.0,7,20260930,0.7875,0.7875,138.10183288054614
benchmark,harmonic_fold,1.0,8,20260930,0.7833333333333333,0.7833333333333334,136.90894231746972
benchmark,harmonic_fold,1.0,9,20260930,0.7416666666666667,0.7416666666666667,125.29246403557805
benchmark,harmonic_fold,1.0,10,20260930,0.8833333333333333,0.8833333333333332,167.4238019806318
benchmark,harmonic_fold,1.0,11,20260930,0.19583333333333333,0.1958333333333333,14.322709301349512
benchmark,harmonic_fold,1.0,12,20260930,0.5541666666666667,0.5541666666666666,78.9600823125405
benchmark,harmonic_fold,1.0,13,20260930,0.6625,0.6625,104.62794337049127
benchmark,harmonic_fold,1.0,14,20260930,0.5958333333333333,0.5958333333333333,88.4963552414576
benchmark,harmonic_fold,1.0,15,20260930,0.7625,0.7625,131.03147909419073
benchmark,harmonic_fold,1.0,16,20260930,0.7083333333333334,0.7083333333333333,116.3795191393537
benchmark,harmonic_fold,1.0,17,20260930,0.7083333333333334,0.7083333333333333,116.3795191393537
benchmark,harmonic_fold,1.0,18,20260930,0.7916666666666666,0.7916666666666667,139.30071065923772
benchmark,harmonic_fold,1.0,19,20260930,0.5625,0.5625,80.83460863386526
benchmark,harmonic_fold,1.0,20,20260930,0.8958333333333334,0.8958333333333334,171.57196862691146
benchmark,harmonic_fold,1.0,21,20260930,0.8,0.8,141.716782249102
benchmark,harmonic_fold,1.0,22,20260930,0.925,0.925,181.6484553738479
benchmark,harmonic_fold,1.0,23,20260930,0.49583333333333335,0.4958333333333333,66.2901828147436
benchmark,harmonic_fold,1.0,24,20260930,0.8208333333333333,0.8208333333333332,147.86838288349037
benchmark,harmonic_fold,1.0,25,20260930,0.8708333333333333,0.8708333333333333,163.36327921151508
benchmark,harmonic_fold,1.0,26,20260930,0.8083333333333333,0.8083333333333332,144.1579065203641
benchmark,harmonic_fold,1.0,27,20260930,0.6333333333333333,0.6333333333333334,97.43476150842532
benchmark,harmonic_fold,1.0,28,20260930,0.975,0.975,200.84528431676543
benchmark,harmonic_fold,1.0,29,20260930,0.4666666666666667,0.4666666666666667,60.25021118050109
benchmark,harmonic_fold,1.0,30,20260930,0.85,0.85,156.771098293665
benchmark,harmonic_fold,1.0,31,20260930,0.8875,0.8875,168.7963752640265
benchmark,harmonic_fold,1.0,32,20260930,0.9833333333333333,0.9833333333333334,204.461858433478
benchmark,harmonic_fold,1.0,33,20260930,0.45,0.45,56.88729682101268
benchmark,harmonic_fold,1.0,34,20260930,0.8958333333333334,0.8958333333333334,171.57196862691146
benchmark,harmonic_fold,1.0,35,20260930,0.75,0.75,127.57197662850672
benchmark,harmonic_fold,1.0,1,20260931,0.7,0.7,114.2006611999198
benchmark,harmonic_fold,1.0,2,20260931,0.8958333333333334,0.8958333333333334,171.57196862691146
benchmark,harmonic_fold,1.0,3,20260931,0.9875,0.9875,206.3566384435645
benchmark,harmonic_fold,1.0,4,20260931,0.8875,0.8875,168.7963752640265
benchmark,harmonic_fold,1.0,5,20260931,0.9333333333333333,0.9333333333333332,184.64834447767169
benchmark,harmonic_fold,1.0,6,20260931,0.9208333333333333,0.9208333333333334,180.17057434157906
benchmark,harmonic_fold,1.0,7,20260931,0.7458333333333333,0.7458333333333333,126.42957769966057
benchmark,harmonic_fold,1.0,8,20260931,0.6875,0.6875,110.9680667583341
benchmark,harmonic_fold,1.0,9,20260931,0.7041666666666667,0.7041666666666667,115.28768541737077
benchmark,harmonic_fold,1.0,10,20260931,0.8791666666666667,0.8791666666666668,166.06095219263884
benchmark,harmonic_fold,1.0,11,20260931,0.19583333333333333,0.1958333333333333,14.322709301349512
benchmark,harmonic_fold,1.0,12,20260931,0.65,0.65,101.51877051640342
benchmark,harmonic_fold,1.0,13,20260931,0.6333333333333333,0.6333333333333333,97.43476150842532
benchmark,harmonic_fold,1.0,14,20260931,0.36666666666666664,0.36666666666666664,41.05713784056135
benchmark,harmonic_fold,1.0,15,20260931,0.7625,0.7625,131.03147909419073
benchmark,harmonic_fold,1.0,16,20260931,0.775,0.775,134.54079066521373
benchmark,harmonic_fold,1.0,17,20260931,0.7,0.7,114.2006611999198
benchmark,harmonic_fold,1.0,18,20260931,0.7958333333333333,0.7958333333333333,140.5056632698576
benchmark,harmonic_fold,1.0,19,20260931,0.5333333333333333,0.5333333333333333,74.34461709746707
benchmark,harmonic_fold,1.0,20,20260931,0.8833333333333333,0.8833333333333332,167.4238019806318
benchmark,harmonic_fold,1.0,21,20260931,0.8416666666666667,0.8416666666666668,154.19061342281267
benchmark,harmonic_fold,1.0,22,20260931,0.9583333333333334,0.9583333333333333,194.07282838406334
benchmark,harmonic_fold,1.0,23,20260931,0.35,0.35,38.093943890056394
benchmark,harmonic_fold,1.0,24,20260931,0.8625,0.8625,160.70125545760962
benchmark,harmonic_fold,1.0,25,20260931,0.85,0.85,156.771098293665
benchmark,harmonic_fold,1.0,26,20260931,0.8416666666666667,0.8416666666666668,154.19061342281267
benchmark,harmonic_fold,1.0,27,20260931,0.6666666666666666,0.6666666666666666,105.67326084848493
benchmark,harmonic_fold,1.0,28,20260931,0.9375,0.9375,186.17201558365835
benchmark,harmonic_fold,1.0,29,20260931,0.4708333333333333,0.4708333333333333,61.10101600073307
benchmark,harmonic_fold,1.0,30,20260931,0.8291666666666667,0.8291666666666666,150.375906755183
benchmark,harmonic_fold,1.0,31,20260931,0.9166666666666666,0.9166666666666667,178.70644238714166
benchmark,harmonic_fold,1.0,32,20260931,0.9916666666666667,0.9916666666666666,208.33413717608144
benchmark,harmonic_fold,1.0,33,20260931,0.48333333333333334,0.4833333333333334,63.67754376846246
benchmark,harmonic_fold,1.0,34,20260931,0.9041666666666667,0.9041666666666668,174.39054853714234
benchmark,harmonic_fold,1.0,35,20260931,0.7416666666666667,0.7416666666666668,125.29246403557805
benchmark,harmonic_fold,1.2,1,20260929,0.7375,0.7375,109.55345258585092
benchmark,harmonic_fold,1.2,2,20260929,0.9458333333333333,0.9458333333333334,167.00455793126253
benchmark,harmonic_fold,1.2,3,20260929,0.9916666666666667,0.9916666666666668,183.82423868477775
benchmark,harmonic_fold,1.2,4,20260929,0.8583333333333333,0.8583333333333332,140.6320837629207
benchmark,harmonic_fold,1.2,5,20260929,0.9291666666666667,0.9291666666666666,161.5948100131983
benchmark,harmonic_fold,1.2,6,20260929,0.9625,0.9625,172.6946666819489
benchmark,harmonic_fold,1.2,7,20260929,0.8083333333333333,0.8083333333333333,127.19815281208598
benchmark,harmonic_fold,1.2,8,20260929,0.7625,0.7625,115.61601096546241
benchmark,harmonic_fold,1.2,9,20260929,0.7583333333333333,0.7583333333333333,114.59370490683442
benchmark,harmonic_fold,1.2,10,20260929,0.9083333333333333,0.9083333333333334,155.1326219740211
benchmark,harmonic_fold,1.2,11,20260929,0.20416666666666666,0.20416666666666666,13.603950667750908
benchmark,harmonic_fold,1.2,12,20260929,0.6916666666666667,0.6916666666666667,98.85960739577176
benchmark,harmonic_fold,1.2,13,20260929,0.725,0.725,106.58450493196337
benchmark,harmonic_fold,1.2,14,20260929,0.475,0.475,54.66691944500726
benchmark,harmonic_fold,1.2,15,20260929,0.7916666666666666,0.7916666666666667,122.91239175815093
benchmark,harmonic_fold,1.2,16,20260929,0.7541666666666667,0.7541666666666667,113.57622270418514
benchmark,harmonic_fold,1.2,17,20260929,0.7625,0.7625,115.61601096546241
benchmark,harmonic_fold,1.2,18,20260929,0.8041666666666667,0.8041666666666668,126.11837937676255
benchmark,harmonic_fold,1.2,19,20260929,0.6208333333333333,0.6208333333333333,83.30923819373552
benchmark,harmonic_fold,1.2,20,20260929,0.9625,0.9625,172.6946666819489
benchmark,harmonic_fold,1.2,21,20260929,0.8083333333333333,0.8083333333333333,127.19815281208598
benchmark,harmonic_fold,1.2,22,20260929,0.9375,0.9375,164.26942551499266
benchmark,harmonic_fold,1.2,23,20260929,0.475,0.475,54.66691944500726
benchmark,harmonic_fold,1.2,24,20260929,0.875,0.875,145.33017791752889
benchmark,harmonic_fold,1.2,25,20260929,0.8875,0.8875,148.93797817414102
benchmark,harmonic_fold,1.2,26,20260929,0.9,0.9,152.62560986159497
benchmark,harmonic_fold,1.2,27,20260929,0.725,0.725,106.58450493196337
benchmark,harmonic_fold,1.2,28,20260929,0.9666666666666667,0.9666666666666668,174.17314308023845
benchmark,harmonic_fold,1.2,29,20260929,0.5166666666666667,0.5166666666666667,62.4041882884813
benchmark,harmonic_fold,1.2,30,20260929,0.8916666666666667,0.8916666666666668,150.15792792617913
benchmark,harmonic_fold,1.2,31,20260929,0.9291666666666667,0.9291666666666668,161.5948100131983
benchmark,harmonic_fold,1.2,32,20260929,0.9958333333333333,0.9958333333333333,185.68099481109695
benchmark,harmonic_fold,1.2,33,20260929,0.4625,0.4625,52.414792751199144
benchmark,harmonic_fold,1.2,34,20260929,0.9208333333333333,0.9208333333333334,158.97403618374625
benchmark,harmonic_fold,1.2,35,20260929,0.8125,0.8125,128.2836324256075
benchmark,harmonic_fold,1.2,1,20260930,0.7625,0.7625,115.61601096546241
benchmark,harmonic_fold,1.2,2,20260930,0.9541666666666667,0.9541666666666668,169.80896922038949
benchmark,harmonic_fold,1.2,3,20260930,0.9916666666666667,0.9916666666666668,183.82423868477775
benchmark,harmonic_fold,1.2,4,20260930,0.8583333333333333,0.8583333333333334,140.6320837629207
benchmark,harmonic_fold,1.2,5,20260930,0.9291666666666667,0.9291666666666668,161.5948100131983
benchmark,harmonic_fold,1.2,6,20260930,0.9291666666666667,0.9291666666666668,161.5948100131983
benchmark,harmonic_fold,1.2,7,20260930,0.8208333333333333,0.8208333333333332,130.47210254425622
benchmark,harmonic_fold,1.2,8,20260930,0.7666666666666667,0.7666666666666668,116.64319869416954
benchmark,harmonic_fold,1.2,9,20260930,0.7583333333333333,0.7583333333333333,114.59370490683442
benchmark,harmonic_fold,1.2,10,20260930,0.9208333333333333,0.9208333333333332,158.97403618374625
benchmark,harmonic_fold,1.2,11,20260930,0.22916666666666666,0.22916666666666666,16.63087408482068
benchmark,harmonic_fold,1.2,12,20260930,0.65,0.65,89.57538574976772
benchmark,harmonic_fold,1.2,13,20260930,0.7166666666666667,0.7166666666666667,104.62744999383438
benchmark,harmonic_fold,1.2,14,20260930,0.5958333333333333,0.5958333333333334,78.08501933069788
benchmark,harmonic_fold,1.2,15,20260930,0.8166666666666667,0.8166666666666668,129.37491512700083
benchmark,harmonic_fold,1.2,16,20260930,0.8,0.8,125.04421963156061
benchmark,harmonic_fold,1.2,17,20260930,0.725,0.725,106.58450493196337
benchmark,harmonic_fold,1.2,18,20260930,0.7541666666666667,0.7541666666666667,113.57622270418514
benchmark,harmonic_fold,1.2,19,20260930,0.6208333333333333,0.6208333333333333,83.30923819373552
benchmark,harmonic_fold,1.2,20,20260930,0.925,0.925,160.27804885927756
benchmark,harmonic_fold,1.2,21,20260930,0.7958333333333333,0.7958333333333333,123.97558523810966
benchmark,harmonic_fold,1.2,22,20260930,0.925,0.925,160.27804885927756
benchmark,harmonic_fold,1.2,23,20260930,0.5125,0.5125,61.614543612944765
benchmark,harmonic_fold,1.2,24,20260930,0.8083333333333333,0.8083333333333332,127.19815281208598
benchmark,harmonic_fold,1.2,25,20260930,0.9,0.9,152.62560986159497
benchmark,harmonic_fold,1.2,26,20260930,0.875,0.875,145.33017791752889
benchmark,harmonic_fold,1.2,27,20260930,0.625,0.625,84.19299740784896
benchmark,harmonic_fold,1.2,28,20260930,0.9708333333333333,0.9708333333333332,175.67912359613783
benchmark,harmonic_fold,1.2,29,20260930,0.5125,0.5125,61.614543612944765
benchmark,harmonic_fold,1.2,30,20260930,0.8916666666666667,0.8916666666666668,150.15792792617913
benchmark,harmonic_fold,1.2,31,20260930,0.9083333333333333,0.9083333333333332,155.1326219740211
benchmark,harmonic_fold,1.2,32,20260930,1.0,1.0,187.8327562901422
benchmark,harmonic_fold,1.2,33,20260930,0.4125,0.4125,43.72799015344951
benchmark,harmonic_fold,1.2,34,20260930,0.9375,0.9375,164.26942551499266
benchmark,harmonic_fold,1.2,35,20260930,0.7958333333333333,0.7958333333333332,123.97558523810966
benchmark,harmonic_fold,1.2,1,20260931,0.675,0.675,95.0977500432694
benchmark,harmonic_fold,1.2,2,20260931,0.95,0.95,168.39744800570446
benchmark,harmonic_fold,1.2,3,20260931,0.9875,0.9875,182.07938686196866
benchmark,harmonic_fold,1.2,4,20260931,0.8958333333333334,0.8958333333333334,151.38703114139247
benchmark,harmonic_fold,1.2,5,20260931,0.95,0.95,168.39744800570446
benchmark,harmonic_fold,1.2,6,20260931,0.9416666666666667,0.9416666666666668,165.62893870257207
benchmark,harmonic_fold,1.2,7,20260931,0.7708333333333334,0.7708333333333334,117.67532826895189
benchmark,harmonic_fold,1.2,8,20260931,0.7375,0.7375,109.55345258585092
benchmark,harmonic_fold,1.2,9,20260931,0.7291666666666666,0.7291666666666666,107.56966294387993
benchmark,harmonic_fold,1.2,10,20260931,0.9208333333333333,0.9208333333333334,158.97403618374625
benchmark,harmonic_fold,1.2,11,20260931,0.1875,0.1875,11.693877597763775
benchmark,harmonic_fold,1.2,12,20260931,0.7166666666666667,0.7166666666666666,104.62744999383438
benchmark,harmonic_fold,1.2,13,20260931,0.7208333333333333,0.7208333333333334,105.6037809272024
benchmark,harmonic_fold,1.2,14,20260931,0.4,0.39999999999999997,41.63774714524751
benchmark,harmonic_fold,1.2,15,20260931,0.8333333333333334,0.8333333333333333,133.80018717983413
benchmark,harmonic_fold,1.2,16,20260931,0.7333333333333333,0.7333333333333333,108.55929745586808
benchmark,harmonic_fold,1.2,17,20260931,0.65,0.65,89.57538574976772
benchmark,harmonic_fold,1.2,18,20260931,0.7916666666666666,0.7916666666666666,122.91239175815093
benchmark,harmonic_fold,1.2,19,20260931,0.5916666666666667,0.5916666666666666,77.22724089284962
benchmark,harmonic_fold,1.2,20,20260931,0.9541666666666667,0.9541666666666668,169.80896922038949
benchmark,harmonic_fold,1.2,21,20260931,0.9083333333333333,0.9083333333333332,155.1326219740211
benchmark,harmonic_fold,1.2,22,20260931,0.9583333333333334,0.9583333333333333,171.24073092711473
benchmark,harmonic_fold,1.2,23,20260931,0.36666666666666664,0.3666666666666667,36.226886329907074
benchmark,harmonic_fold,1.2,24,20260931,0.8666666666666667,0.8666666666666668,142.96582208774677
benchmark,harmonic_fold,1.2,25,20260931,0.8916666666666667,0.8916666666666668,150.15792792617913
benchmark,harmonic_fold,1.2,26,20260931,0.8958333333333334,0.8958333333333334,151.38703114139247
benchmark,harmonic_fold,1.2,27,20260931,0.6916666666666667,0.6916666666666667,98.85960739577176
benchmark,harmonic_fold,1.2,28,20260931,0.9541666666666667,0.9541666666666668,169.80896922038949
benchmark,harmonic_fold,1.2,29,20260931,0.5416666666666666,0.5416666666666666,67.21649116668922
benchmark,harmonic_fold,1.2,30,20260931,0.8583333333333333,0.8583333333333334,140.6320837629207
benchmark,harmonic_fold,1.2,31,20260931,0.925,0.925,160.27804885927756
benchmark,harmonic_fold,1.2,32,20260931,1.0,1.0,187.8327562901422
benchmark,harmonic_fold,1.2,33,20260931,0.5166666666666667,0.5166666666666666,62.4041882884813
benchmark,harmonic_fold,1.2,34,20260931,0.9541666666666667,0.9541666666666666,169.80896922038949
benchmark,harmonic_fold,1.2,35,20260931,0.7958333333333333,0.7958333333333334,123.97558523810966
benchmark,harmonic_fold,2.0,1,20260929,0.7666666666666667,0.7666666666666667,79.3173751120353
benchmark,harmonic_fold,2.0,2,20260929,0.9791666666666666,0.9791666666666667,121.5773111649823
benchmark,harmonic_fold,2.0,3,20260929,0.9833333333333333,0.9833333333333332,122.67711506008679
benchmark,harmonic_fold,2.0,4,20260929,0.9291666666666667,0.9291666666666666,109.88447080897484
benchmark,harmonic_fold,2.0,5,20260929,0.9791666666666666,0.9791666666666667,121.5773111649823
benchmark,harmonic_fold,2.0,6,20260929,0.9791666666666666,0.9791666666666667,121.5773111649823
benchmark,harmonic_fold,2.0,7,20260929,0.8958333333333334,0.8958333333333334,102.94318117614687
benchmark,harmonic_fold,2.0,8,20260929,0.9166666666666666,0.9166666666666667,107.223865432285
benchmark,harmonic_fold,2.0,9,20260929,0.8375,0.8375,91.74703897538873
benchmark,harmonic_fold,2.0,10,20260929,0.9625,0.9625,117.43237334372525
benchmark,harmonic_fold,2.0,11,20260929,0.3333333333333333,0.3333333333333333,21.120738758192974
benchmark,harmonic_fold,2.0,12,20260929,0.8291666666666667,0.8291666666666668,90.2255440531098
benchmark,harmonic_fold,2.0,13,20260929,0.8708333333333333,0.8708333333333333,98.01796752690905
benchmark,harmonic_fold,2.0,14,20260929,0.44166666666666665,0.4416666666666666,33.13806222044219
benchmark,harmonic_fold,2.0,15,20260929,0.9333333333333333,0.9333333333333333,110.78900668660302
benchmark,harmonic_fold,2.0,16,20260929,0.8083333333333333,0.8083333333333332,86.49474391221847
benchmark,harmonic_fold,2.0,17,20260929,0.9166666666666666,0.9166666666666667,107.223865432285
benchmark,harmonic_fold,2.0,18,20260929,0.8375,0.8375,91.74703897538873
benchmark,harmonic_fold,2.0,19,20260929,0.8291666666666667,0.8291666666666668,90.2255440531098
benchmark,harmonic_fold,2.0,20,20260929,0.9958333333333333,0.9958333333333333,126.26307647154593
benchmark,harmonic_fold,2.0,21,20260929,0.9083333333333333,0.9083333333333334,105.49018294233436
benchmark,harmonic_fold,2.0,22,20260929,0.9833333333333333,0.9833333333333332,122.67711506008679
benchmark,harmonic_fold,2.0,23,20260929,0.4875,0.4875,38.72664832548508
benchmark,harmonic_fold,2.0,24,20260929,0.9166666666666666,0.9166666666666667,107.223865432285
benchmark,harmonic_fold,2.0,25,20260929,0.9583333333333334,0.9583333333333334,116.44369703043802
benchmark,harmonic_fold,2.0,26,20260929,0.9708333333333333,0.9708333333333332,119.46180404537373
benchmark,harmonic_fold,2.0,27,20260929,0.8083333333333333,0.8083333333333333,86.49474391221847
benchmark,harmonic_fold,2.0,28,20260929,0.9791666666666666,0.9791666666666667,121.5773111649823
benchmark,harmonic_fold,2.0,29,20260929,0.6833333333333333,0.6833333333333333,65.939945097247
benchmark,harmonic_fold,2.0,30,20260929,0.9666666666666667,0.9666666666666668,118.43773729456214
benchmark,harmonic_fold,2.0,31,20260929,0.975,0.975,120.50717059005926
benchmark,harmonic_fold,2.0,32,20260929,1.0,1.0,127.7262742772967
benchmark,harmonic_fold,2.0,33,20260929,0.5041666666666667,0.5041666666666667,40.83119013261862
benchmark,harmonic_fold,2.0,34,20260929,0.9375,0.9375,111.70320935019501
benchmark,harmonic_fold,2.0,35,20260929,0.9125,0.9125,106.35325851618263
benchmark,harmonic_fold,2.0,1,20260930,0.7791666666666667,0.7791666666666666,81.4331730318061
benchmark,harmonic_fold,2.0,2,20260930,0.9791666666666666,0.9791666666666667,121.5773111649823
benchmark,harmonic_fold,2.0,3,20260930,0.9833333333333333,0.9833333333333334,122.67711506008679
benchmark,harmonic_fold,2.0,4,20260930,0.8916666666666667,0.8916666666666668,102.10739098980181
benchmark,harmonic_fold,2.0,5,20260930,0.975,0.975,120.50717059005926
benchmark,harmonic_fold,2.0,6,20260930,0.9541666666666667,0.9541666666666668,115.47009906986484
benchmark,harmonic_fold,2.0,7,20260930,0.8625,0.8625,96.42075327456578
benchmark,harmonic_fold,2.0,8,20260930,0.9291666666666667,0.9291666666666666,109.88447080897484
benchmark,harmonic_fold,2.0,9,20260930,0.875,0.875,98.82452098391964
benchmark,harmonic_fold,2.0,10,20260930,0.9708333333333333,0.9708333333333332,119.46180404537373
benchmark,harmonic_fold,2.0,11,20260930,0.37916666666666665,0.37916666666666665,25.994949102339103
benchmark,harmonic_fold,2.0,12,20260930,0.7208333333333333,0.7208333333333333,71.81057103049763
benchmark,harmonic_fold,2.0,13,20260930,0.8625,0.8625,96.42075327456578
benchmark,harmonic_fold,2.0,14,20260930,0.6875,0.6875,66.58084005500046
benchmark,harmonic_fold,2.0,15,20260930,0.9541666666666667,0.9541666666666668,115.47009906986484
benchmark,harmonic_fold,2.0,16,20260930,0.8,0.8,85.03006934946121
benchmark,harmonic_fold,2.0,17,20260930,0.8791666666666667,0.8791666666666668,99.63657131558331
benchmark,harmonic_fold,2.0,18,20260930,0.7875,0.7875,82.86109972832769
benchmark,harmonic_fold,2.0,19,20260930,0.8416666666666667,0.8416666666666668,92.5143680536876
benchmark,harmonic_fold,2.0,20,20260930,0.9791666666666666,0.9791666666666667,121.5773111649823
benchmark,harmonic_fold,2.0,21,20260930,0.9208333333333333,0.9208333333333334,108.10234460494743
benchmark,harmonic_fold,2.0,22,20260930,0.9791666666666666,0.9791666666666667,121.5773111649823
benchmark,harmonic_fold,2.0,23,20260930,0.6,0.6,53.68359870930708
benchmark,harmonic_fold,2.0,24,20260930,0.8875,0.8875,101.2778251584159
benchmark,harmonic_fold,2.0,25,20260930,0.9333333333333333,0.9333333333333332,110.78900668660302
benchmark,harmonic_fold,2.0,26,20260930,0.9166666666666666,0.9166666666666666,107.223865432285
benchmark,harmonic_fold,2.0,27,20260930,0.6541666666666667,0.6541666666666667,61.53043460391361
benchmark,harmonic_fold,2.0,28,20260930,0.9708333333333333,0.9708333333333332,119.46180404537373
benchmark,harmonic_fold,2.0,29,20260930,0.6875,0.6875,66.58084005500046
benchmark,harmonic_fold,2.0,30,20260930,0.9666666666666667,0.9666666666666668,118.43773729456214
benchmark,harmonic_fold,2.0,31,20260930,0.9583333333333334,0.9583333333333334,116.44369703043802
benchmark,harmonic_fold,2.0,32,20260930,1.0,1.0,127.7262742772967
benchmark,harmonic_fold,2.0,33,20260930,0.45,0.45,34.13237809260761
benchmark,harmonic_fold,2.0,34,20260930,0.9625,0.9625,117.43237334372525
benchmark,harmonic_fold,2.0,35,20260930,0.8541666666666666,0.8541666666666666,94.8438248158434
benchmark,harmonic_fold,2.0,1,20260931,0.7166666666666667,0.7166666666666667,71.14666599580737
benchmark,harmonic_fold,2.0,2,20260931,0.9875,0.9875,123.81398306613869
benchmark,harmonic_fold,2.0,3,20260931,0.9875,0.9875,123.81398306613869
benchmark,harmonic_fold,2.0,4,20260931,0.9416666666666667,0.9416666666666668,112.627678317749
benchmark,harmonic_fold,2.0,5,20260931,0.9833333333333333,0.9833333333333334,122.67711506008679
benchmark,harmonic_fold,2.0,6,20260931,0.9666666666666667,0.9666666666666668,118.43773729456214
benchmark,harmonic_fold,2.0,7,20260931,0.8375,0.8375,91.74703897538873
benchmark,harmonic_fold,2.0,8,20260931,0.9416666666666667,0.9416666666666668,112.627678317749
benchmark,harmonic_fold,2.0,9,20260931,0.8208333333333333,0.8208333333333334,88.72102973009422
benchmark,harmonic_fold,2.0,10,20260931,0.9625,0.9625,117.43237334372525
benchmark,harmonic_fold,2.0,11,20260931,0.30833333333333335,0.30833333333333335,18.598832615592116
benchmark,harmonic_fold,2.0,12,20260931,0.8208333333333333,0.8208333333333334,88.72102973009422
benchmark,harmonic_fold,2.0,13,20260931,0.8958333333333334,0.8958333333333334,102.94318117614687
benchmark,harmonic_fold,2.0,14,20260931,0.4666666666666667,0.4666666666666666,36.150126708300654
benchmark,harmonic_fold,2.0,15,20260931,0.9583333333333334,0.9583333333333334,116.44369703043802
benchmark,harmonic_fold,2.0,16,20260931,0.8,0.8,85.03006934946121
benchmark,harmonic_fold,2.0,17,20260931,0.825,0.825,89.47120491671788
benchmark,harmonic_fold,2.0,18,20260931,0.8416666666666667,0.8416666666666668,92.5143680536876
benchmark,harmonic_fold,2.0,19,20260931,0.825,0.825,89.47120491671788
benchmark,harmonic_fold,2.0,20,20260931,0.9916666666666667,0.9916666666666666,125.00048230564887
benchmark,harmonic_fold,2.0,21,20260931,0.9416666666666667,0.9416666666666668,112.627678317749
benchmark,harmonic_fold,2.0,22,20260931,0.9875,0.9875,123.81398306613869
benchmark,harmonic_fold,2.0,23,20260931,0.4,0.4,28.313668058768304
benchmark,harmonic_fold,2.0,24,20260931,0.9416666666666667,0.9416666666666667,112.627678317749
benchmark,harmonic_fold,2.0,25,20260931,0.9208333333333333,0.9208333333333332,108.10234460494743
benchmark,harmonic_fold,2.0,26,20260931,0.9458333333333333,0.9458333333333334,113.56309939325851
benchmark,harmonic_fold,2.0,27,20260931,0.7958333333333333,0.7958333333333333,84.30339796191456
benchmark,harmonic_fold,2.0,28,20260931,0.9708333333333333,0.9708333333333334,119.46180404537373
benchmark,harmonic_fold,2.0,29,20260931,0.6875,0.6875,66.58084005500046
benchmark,harmonic_fold,2.0,30,20260931,0.9333333333333333,0.9333333333333333,110.78900668660302
benchmark,harmonic_fold,2.0,31,20260931,0.9541666666666667,0.9541666666666668,115.47009906986484
benchmark,harmonic_fold,2.0,32,20260931,1.0,1.0,127.7262742772967
benchmark,harmonic_fold,2.0,33,20260931,0.5291666666666667,0.5291666666666667,44.060172706846984
benchmark,harmonic_fold,2.0,34,20260931,0.9583333333333334,0.9583333333333334,116.44369703043802
benchmark,harmonic_fold,2.0,35,20260931,0.8833333333333333,0.8833333333333334,100.45428118837908
benchmark,harmonic_fold,3.0,1,20260929,0.7833333333333333,0.7833333333333333,58.67526099320131
benchmark,harmonic_fold,3.0,2,20260929,0.9791666666666666,0.9791666666666667,86.84093654641593
benchmark,harmonic_fold,3.0,3,20260929,0.9833333333333333,0.9833333333333334,87.62651075720485
benchmark,harmonic_fold,3.0,4,20260929,0.95,0.95,81.7930461741993
benchmark,harmonic_fold,3.0,5,20260929,1.0,1.0,91.23305305521193
benchmark,harmonic_fold,3.0,6,20260929,0.9958333333333333,0.9958333333333333,90.18791176538994
benchmark,harmonic_fold,3.0,7,20260929,0.9458333333333333,0.9458333333333334,81.11649956661323
benchmark,harmonic_fold,3.0,8,20260929,0.9625,0.9625,83.88026667408947
benchmark,harmonic_fold,3.0,9,20260929,0.8875,0.8875,72.34130368458278
benchmark,harmonic_fold,3.0,10,20260929,0.9666666666666667,0.9666666666666668,84.5983837818301
benchmark,harmonic_fold,3.0,11,20260929,0.475,0.475,26.552503730432097
benchmark,harmonic_fold,3.0,12,20260929,0.8541666666666666,0.8541666666666666,67.74558915417386
benchmark,harmonic_fold,3.0,13,20260929,0.8583333333333333,0.8583333333333334,68.30701211341862
benchmark,harmonic_fold,3.0,14,20260929,0.4666666666666667,0.4666666666666667,25.82151907735761
benchmark,harmonic_fold,3.0,15,20260929,0.9916666666666667,0.9916666666666668,89.28605878974919
benchmark,harmonic_fold,3.0,16,20260929,0.8666666666666667,0.8666666666666668,69.44054215690558
benchmark,harmonic_fold,3.0,17,20260929,0.9208333333333333,0.9208333333333334,77.21596043210532
benchmark,harmonic_fold,3.0,18,20260929,0.9166666666666666,0.9166666666666667,76.58847530877499
benchmark,harmonic_fold,3.0,19,20260929,0.9416666666666667,0.9416666666666668,80.448341655535
benchmark,harmonic_fold,3.0,20,20260929,0.9916666666666667,0.9916666666666668,89.28605878974919
benchmark,harmonic_fold,3.0,21,20260929,0.9166666666666666,0.9166666666666667,76.58847530877499
benchmark,harmonic_fold,3.0,22,20260929,0.9958333333333333,0.9958333333333332,90.18791176538994
benchmark,harmonic_fold,3.0,23,20260929,0.45,0.45,24.38027006614829
benchmark,harmonic_fold,3.0,24,20260929,0.95,0.95,81.7930461741993
benchmark,harmonic_fold,3.0,25,20260929,0.975,0.975,86.0765504214709
benchmark,harmonic_fold,3.0,26,20260929,0.9833333333333333,0.9833333333333332,87.62651075720485
benchmark,harmonic_fold,3.0,27,20260929,0.8958333333333334,0.8958333333333334,73.53084369724776
benchmark,harmonic_fold,3.0,28,20260929,0.9791666666666666,0.9791666666666667,86.84093654641593
benchmark,harmonic_fold,3.0,29,20260929,0.85,0.85,67.18761355442786
benchmark,harmonic_fold,3.0,30,20260929,0.975,0.975,86.0765504214709
benchmark,harmonic_fold,3.0,31,20260929,0.9833333333333333,0.9833333333333334,87.62651075720485
benchmark,harmonic_fold,3.0,32,20260929,1.0,1.0,91.23305305521193
benchmark,harmonic_fold,3.0,33,20260929,0.5,0.5,28.78674832210694
benchmark,harmonic_fold,3.0,34,20260929,0.9916666666666667,0.9916666666666668,89.28605878974919
benchmark,harmonic_fold,3.0,35,20260929,0.9708333333333333,0.9708333333333334,85.3298600324098
benchmark,harmonic_fold,3.0,1,20260930,0.8,0.8,60.735763821043726
benchmark,harmonic_fold,3.0,2,20260930,0.9791666666666666,0.9791666666666666,86.84093654641593
benchmark,harmonic_fold,3.0,3,20260930,0.9791666666666666,0.9791666666666667,86.84093654641593
benchmark,harmonic_fold,3.0,4,20260930,0.8958333333333334,0.8958333333333333,73.53084369724776
benchmark,harmonic_fold,3.0,5,20260930,1.0,1.0,91.23305305521193
benchmark,harmonic_fold,3.0,6,20260930,0.9625,0.9625,83.88026667408947
benchmark,harmonic_fold,3.0,7,20260930,0.9625,0.9625,83.88026667408947
benchmark,harmonic_fold,3.0,8,20260930,0.9625,0.9625,83.88026667408947
benchmark,harmonic_fold,3.0,9,20260930,0.8708333333333333,0.8708333333333333,70.01283394779217
benchmark,harmonic_fold,3.0,10,20260930,0.9833333333333333,0.9833333333333334,87.62651075720485
benchmark,harmonic_fold,3.0,11,20260930,0.5041666666666667,0.5041666666666667,29.1651358090133
benchmark,harmonic_fold,3.0,12,20260930,0.7125,0.7125,50.34694387775784
benchmark,harmonic_fold,3.0,13,20260930,0.8125,0.8125,62.30919289243792
benchmark,harmonic_fold,3.0,14,20260930,0.6208333333333333,0.6208333333333333,40.464487122671535
benchmark,harmonic_fold,3.0,15,20260930,0.9833333333333333,0.9833333333333334,87.62651075720485
benchmark,harmonic_fold,3.0,16,20260930,0.7875,0.7875,59.18649980594835
benchmark,harmonic_fold,3.0,17,20260930,0.9,0.9,74.13243907563184
benchmark,harmonic_fold,3.0,18,20260930,0.8125,0.8125,62.30919289243792
benchmark,harmonic_fold,3.0,19,20260930,0.9416666666666667,0.9416666666666668,80.448341655535
benchmark,harmonic_fold,3.0,20,20260930,0.9875,0.9875,88.4385593329562
benchmark,harmonic_fold,3.0,21,20260930,0.9375,0.9375,79.78800667871073
benchmark,harmonic_fold,3.0,22,20260930,0.9875,0.9875,88.4385593329562
benchmark,harmonic_fold,3.0,23,20260930,0.5208333333333334,0.5208333333333334,30.695866864223433
benchmark,harmonic_fold,3.0,24,20260930,0.8416666666666667,0.8416666666666668,66.08169146691971
benchmark,harmonic_fold,3.0,25,20260930,0.9583333333333334,0.9583333333333334,83.17406930745572
benchmark,harmonic_fold,3.0,26,20260930,0.9583333333333334,0.9583333333333334,83.17406930745572
benchmark,harmonic_fold,3.0,27,20260930,0.7708333333333334,0.7708333333333334,57.15658801634806
benchmark,harmonic_fold,3.0,28,20260930,0.975,0.975,86.0765504214709
benchmark,harmonic_fold,3.0,29,20260930,0.8875,0.8875,72.34130368458278
benchmark,harmonic_fold,3.0,30,20260930,0.9791666666666666,0.9791666666666667,86.84093654641593
benchmark,harmonic_fold,3.0,31,20260930,0.9416666666666667,0.9416666666666667,80.448341655535
benchmark,harmonic_fold,3.0,32,20260930,0.9958333333333333,0.9958333333333333,90.18791176538994
benchmark,harmonic_fold,3.0,33,20260930,0.4125,0.4125,21.239309503104046
benchmark,harmonic_fold,3.0,34,20260930,0.975,0.975,86.0765504214709
benchmark,harmonic_fold,3.0,35,20260930,0.9375,0.9375,79.78800667871073
benchmark,harmonic_fold,3.0,1,20260931,0.7416666666666667,0.7416666666666666,53.69677030096202
benchmark,harmonic_fold,3.0,2,20260931,0.9791666666666666,0.9791666666666667,86.84093654641593
benchmark,harmonic_fold,3.0,3,20260931,0.9791666666666666,0.9791666666666667,86.84093654641593
benchmark,harmonic_fold,3.0,4,20260931,0.95,0.95,81.7930461741993
benchmark,harmonic_fold,3.0,5,20260931,0.9958333333333333,0.9958333333333332,90.18791176538994
benchmark,harmonic_fold,3.0,6,20260931,0.9958333333333333,0.9958333333333333,90.18791176538994
benchmark,harmonic_fold,3.0,7,20260931,0.9666666666666667,0.9666666666666668,84.5983837818301
benchmark,harmonic_fold,3.0,8,20260931,0.9791666666666666,0.9791666666666667,86.84093654641593
benchmark,harmonic_fold,3.0,9,20260931,0.8583333333333333,0.8583333333333334,68.30701211341862
benchmark,harmonic_fold,3.0,10,20260931,0.9708333333333333,0.9708333333333332,85.3298600324098
benchmark,harmonic_fold,3.0,11,20260931,0.5291666666666667,0.5291666666666666,31.47155193346213
benchmark,harmonic_fold,3.0,12,20260931,0.8,0.8,60.735763821043726
benchmark,harmonic_fold,3.0,13,20260931,0.8916666666666667,0.8916666666666668,72.9338507070013
benchmark,harmonic_fold,3.0,14,20260931,0.49583333333333335,0.4958333333333333,28.41007834917583
benchmark,harmonic_fold,3.0,15,20260931,0.9833333333333333,0.9833333333333332,87.62651075720485
benchmark,harmonic_fold,3.0,16,20260931,0.8208333333333333,0.8208333333333334,63.37216409292444
benchmark,harmonic_fold,3.0,17,20260931,0.8958333333333334,0.8958333333333334,73.53084369724776
benchmark,harmonic_fold,3.0,18,20260931,0.8791666666666667,0.8791666666666668,71.16897951113093
benchmark,harmonic_fold,3.0,19,20260931,0.9375,0.9375,79.78800667871073
benchmark,harmonic_fold,3.0,20,20260931,0.9958333333333333,0.9958333333333332,90.18791176538994
benchmark,harmonic_fold,3.0,21,20260931,0.9458333333333333,0.9458333333333332,81.11649956661323
benchmark,harmonic_fold,3.0,22,20260931,0.9916666666666667,0.9916666666666668,89.28605878974919
benchmark,harmonic_fold,3.0,23,20260931,0.35,0.35,16.32597595288131
benchmark,harmonic_fold,3.0,24,20260931,0.9583333333333334,0.9583333333333333,83.17406930745572
benchmark,harmonic_fold,3.0,25,20260931,0.9416666666666667,0.9416666666666667,80.448341655535
benchmark,harmonic_fold,3.0,26,20260931,0.975,0.975,86.0765504214709
benchmark,harmonic_fold,3.0,27,20260931,0.8958333333333334,0.8958333333333333,73.53084369724776
benchmark,harmonic_fold,3.0,28,20260931,0.9833333333333333,0.9833333333333334,87.62651075720485
benchmark,harmonic_fold,3.0,29,20260931,0.8625,0.8625,68.87196662468985
benchmark,harmonic_fold,3.0,30,20260931,0.9708333333333333,0.9708333333333334,85.3298600324098
benchmark,harmonic_fold,3.0,31,20260931,0.9416666666666667,0.9416666666666667,80.448341655535
benchmark,harmonic_fold,3.0,32,20260931,1.0,1.0,91.23305305521193
benchmark,harmonic_fold,3.0,33,20260931,0.5166666666666667,0.5166666666666667,30.310605740119488
benchmark,harmonic_fold,3.0,34,20260931,0.9833333333333333,0.9833333333333332,87.62651075720485
benchmark,harmonic_fold,3.0,35,20260931,0.925,0.925,77.84933801736338
benchmark,harmonic_fold,5.0,1,20260929,0.8083333333333333,0.8083333333333332,39.31579268737203
benchmark,harmonic_fold,5.0,2,20260929,0.9791666666666666,0.9791666666666667,55.26241416590105
benchmark,harmonic_fold,5.0,3,20260929,0.9708333333333333,0.9708333333333332,54.30082002062442
benchmark,harmonic_fold,5.0,4,20260929,0.9333333333333333,0.9333333333333332,50.35863940300137
benchmark,harmonic_fold,5.0,5,20260929,0.9833333333333333,0.9833333333333334,55.76232502731218
benchmark,harmonic_fold,5.0,6,20260929,1.0,1.0,58.05739739877122
benchmark,harmonic_fold,5.0,7,20260929,0.9708333333333333,0.9708333333333334,54.30082002062442
benchmark,harmonic_fold,5.0,8,20260929,0.9166666666666666,0.9166666666666667,48.738120651038635
benchmark,harmonic_fold,5.0,9,20260929,0.9041666666666667,0.9041666666666668,47.56105869194791
benchmark,harmonic_fold,5.0,10,20260929,0.9833333333333333,0.9833333333333332,55.76232502731218
benchmark,harmonic_fold,5.0,11,20260929,0.49583333333333335,0.49583333333333324,18.079140767657346
benchmark,harmonic_fold,5.0,12,20260929,0.8208333333333333,0.8208333333333334,40.327740786406466
benchmark,harmonic_fold,5.0,13,20260929,0.8583333333333333,0.8583333333333334,43.468098617630034
benchmark,harmonic_fold,5.0,14,20260929,0.425,0.425,14.172147888200554
benchmark,harmonic_fold,5.0,15,20260929,0.9791666666666666,0.9791666666666667,55.26241416590105
benchmark,harmonic_fold,5.0,16,20260929,0.825,0.825,40.66872950759903
benchmark,harmonic_fold,5.0,17,20260929,0.9541666666666667,0.9541666666666668,52.48640866812038
benchmark,harmonic_fold,5.0,18,20260929,0.9083333333333333,0.9083333333333332,47.95008315560653
benchmark,harmonic_fold,5.0,19,20260929,0.9708333333333333,0.9708333333333332,54.30082002062442
benchmark,harmonic_fold,5.0,20,20260929,0.9958333333333333,0.9958333333333333,57.392307487066326
benchmark,harmonic_fold,5.0,21,20260929,0.9,0.9,47.17518850267481
benchmark,harmonic_fold,5.0,22,20260929,0.9958333333333333,0.9958333333333332,57.392307487066326
benchmark,harmonic_fold,5.0,23,20260929,0.3958333333333333,0.39583333333333337,12.656762678886462
benchmark,harmonic_fold,5.0,24,20260929,0.95,0.95,52.05012029267229
benchmark,harmonic_fold,5.0,25,20260929,0.9666666666666667,0.9666666666666666,53.83533513389188
benchmark,harmonic_fold,5.0,26,20260929,0.9708333333333333,0.9708333333333334,54.30082002062442
benchmark,harmonic_fold,5.0,27,20260929,0.7708333333333334,0.7708333333333333,36.37237419222149
benchmark,harmonic_fold,5.0,28,20260929,0.9708333333333333,0.9708333333333332,54.30082002062442
benchmark,harmonic_fold,5.0,29,20260929,0.8291666666666667,0.8291666666666668,41.01161093323173
benchmark,harmonic_fold,5.0,30,20260929,0.9875,0.9875,56.27908321188122
benchmark,harmonic_fold,5.0,31,20260929,0.9541666666666667,0.9541666666666666,52.48640866812038
benchmark,harmonic_fold,5.0,32,20260929,1.0,1.0,58.05739739877122
benchmark,harmonic_fold,5.0,33,20260929,0.6083333333333333,0.6083333333333334,24.937587677638707
benchmark,harmonic_fold,5.0,34,20260929,0.975,0.975,54.77598663184512
benchmark,harmonic_fold,5.0,35,20260929,0.9541666666666667,0.9541666666666668,52.48640866812038
benchmark,harmonic_fold,5.0,1,20260930,0.825,0.825,40.66872950759903
benchmark,harmonic_fold,5.0,2,20260930,0.9708333333333333,0.9708333333333334,54.30082002062442
benchmark,harmonic_fold,5.0,3,20260930,0.9625,0.9625,53.37835151987511
benchmark,harmonic_fold,5.0,4,20260930,0.8583333333333333,0.8583333333333332,43.468098617630034
benchmark,harmonic_fold,5.0,5,20260930,0.9958333333333333,0.9958333333333332,57.392307487066326
benchmark,harmonic_fold,5.0,6,20260930,0.9333333333333333,0.9333333333333333,50.35863940300137
benchmark,harmonic_fold,5.0,7,20260930,0.9375,0.9375,50.77418606827046
benchmark,harmonic_fold,5.0,8,20260930,0.925,0.925,49.54048782923124
benchmark,harmonic_fold,5.0,9,20260930,0.9125,0.9125,48.34239023462847
benchmark,harmonic_fold,5.0,10,20260930,0.9583333333333334,0.9583333333333334,52.92895319565364
benchmark,harmonic_fold,5.0,11,20260930,0.4625,0.4625,16.200935941279734
benchmark,harmonic_fold,5.0,12,20260930,0.7166666666666667,0.7166666666666668,32.3393936344579
benchmark,harmonic_fold,5.0,13,20260930,0.7791666666666667,0.7791666666666666,37.01507865082096
benchmark,harmonic_fold,5.0,14,20260930,0.49166666666666664,0.4916666666666666,17.840534733322624
benchmark,harmonic_fold,5.0,15,20260930,0.9833333333333333,0.9833333333333334,55.76232502731218
benchmark,harmonic_fold,5.0,16,20260930,0.8416666666666667,0.8416666666666668,42.05198547894891
benchmark,harmonic_fold,5.0,17,20260930,0.925,0.925,49.54048782923124
benchmark,harmonic_fold,5.0,18,20260930,0.8666666666666667,0.8666666666666666,44.18943591803082
benchmark,harmonic_fold,5.0,19,20260930,0.9708333333333333,0.9708333333333334,54.30082002062442
benchmark,harmonic_fold,5.0,20,20260930,0.9916666666666667,0.9916666666666668,56.81840104802222
benchmark,harmonic_fold,5.0,21,20260930,0.9375,0.9375,50.77418606827046
benchmark,harmonic_fold,5.0,22,20260930,0.9958333333333333,0.9958333333333332,57.392307487066326
benchmark,harmonic_fold,5.0,23,20260930,0.4,0.4,12.869849117621955
benchmark,harmonic_fold,5.0,24,20260930,0.8708333333333333,0.8708333333333333,44.55362160314048
benchmark,harmonic_fold,5.0,25,20260930,0.9208333333333333,0.9208333333333334,49.1374293658852
benchmark,harmonic_fold,5.0,26,20260930,0.9375,0.9375,50.77418606827046
benchmark,harmonic_fold,5.0,27,20260930,0.5875,0.5875,23.606237556166878
benchmark,harmonic_fold,5.0,28,20260930,0.975,0.975,54.77598663184512
benchmark,harmonic_fold,5.0,29,20260930,0.8541666666666666,0.8541666666666667,43.110829461747
benchmark,harmonic_fold,5.0,30,20260930,0.9833333333333333,0.9833333333333334,55.76232502731218
benchmark,harmonic_fold,5.0,31,20260930,0.8416666666666667,0.8416666666666668,42.05198547894891
benchmark,harmonic_fold,5.0,32,20260930,1.0,1.0,58.05739739877122
benchmark,harmonic_fold,5.0,33,20260930,0.4041666666666667,0.4041666666666666,13.084074062776455
benchmark,harmonic_fold,5.0,34,20260930,0.9541666666666667,0.9541666666666666,52.48640866812038
benchmark,harmonic_fold,5.0,35,20260930,0.9458333333333333,0.9458333333333332,51.619590633299325
benchmark,harmonic_fold,5.0,1,20260931,0.7625,0.7625,35.73585793477929
benchmark,harmonic_fold,5.0,2,20260931,0.9791666666666666,0.9791666666666666,55.26241416590105
benchmark,harmonic_fold,5.0,3,20260931,0.9791666666666666,0.9791666666666667,55.26241416590105
benchmark,harmonic_fold,5.0,4,20260931,0.9541666666666667,0.9541666666666668,52.48640866812038
benchmark,harmonic_fold,5.0,5,20260931,1.0,1.0,58.05739739877122
benchmark,harmonic_fold,5.0,6,20260931,0.9916666666666667,0.9916666666666666,56.81840104802222
benchmark,harmonic_fold,5.0,7,20260931,0.9708333333333333,0.9708333333333334,54.30082002062442
benchmark,harmonic_fold,5.0,8,20260931,0.9416666666666667,0.9416666666666667,51.194399235340455
benchmark,harmonic_fold,5.0,9,20260931,0.875,0.875,44.92023681087256
benchmark,harmonic_fold,5.0,10,20260931,0.9666666666666667,0.9666666666666668,53.83533513389188
benchmark,harmonic_fold,5.0,11,20260931,0.5208333333333334,0.5208333333333334,19.533733459051277
benchmark,harmonic_fold,5.0,12,20260931,0.8083333333333333,0.8083333333333333,39.31579268737203
benchmark,harmonic_fold,5.0,13,20260931,0.8666666666666667,0.8666666666666668,44.18943591803082
benchmark,harmonic_fold,5.0,14,20260931,0.4791666666666667,0.47916666666666663,17.13127790502298
benchmark,harmonic_fold,5.0,15,20260931,0.9833333333333333,0.9833333333333334,55.76232502731218
benchmark,harmonic_fold,5.0,16,20260931,0.875,0.875,44.92023681087256
benchmark,harmonic_fold,5.0,17,20260931,0.9208333333333333,0.9208333333333332,49.1374293658852
benchmark,harmonic_fold,5.0,18,20260931,0.9,0.9,47.17518850267481
benchmark,harmonic_fold,5.0,19,20260931,0.9666666666666667,0.9666666666666668,53.83533513389188
benchmark,harmonic_fold,5.0,20,20260931,0.9958333333333333,0.9958333333333332,57.392307487066326
benchmark,harmonic_fold,5.0,21,20260931,0.9416666666666667,0.9416666666666667,51.194399235340455
benchmark,harmonic_fold,5.0,22,20260931,0.9958333333333333,0.9958333333333332,57.392307487066326
benchmark,harmonic_fold,5.0,23,20260931,0.3125,0.3125,8.64191822056374
benchmark,harmonic_fold,5.0,24,20260931,0.9583333333333334,0.9583333333333334,52.92895319565364
benchmark,harmonic_fold,5.0,25,20260931,0.8833333333333333,0.8833333333333334,45.66103690380867
benchmark,harmonic_fold,5.0,26,20260931,0.9625,0.9625,53.37835151987511
benchmark,harmonic_fold,5.0,27,20260931,0.7416666666666667,0.7416666666666667,34.170672009703104
benchmark,harmonic_fold,5.0,28,20260931,0.9875,0.9875,56.27908321188122
benchmark,harmonic_fold,5.0,29,20260931,0.825,0.825,40.66872950759903
benchmark,harmonic_fold,5.0,30,20260931,1.0,1.0,58.05739739877122
benchmark,harmonic_fold,5.0,31,20260931,0.8625,0.8625,43.82761512480263
benchmark,harmonic_fold,5.0,32,20260931,1.0,1.0,58.05739739877122
benchmark,harmonic_fold,5.0,33,20260931,0.5875,0.5875,23.606237556166878
benchmark,harmonic_fold,5.0,34,20260931,0.9833333333333333,0.9833333333333332,55.76232502731218
benchmark,harmonic_fold,5.0,35,20260931,0.9083333333333333,0.9083333333333334,47.95008315560653
benchmark,ssvepformer,0.4,1,20260929,0.39166666666666666,0.39166666666666666,76.05167042422626
benchmark,ssvepformer,0.4,2,20260929,0.4583333333333333,0.45833333333333337,97.60113765451163
benchmark,ssvepformer,0.4,3,20260929,0.7041666666666667,0.7041666666666666,192.1461423622846
benchmark,ssvepformer,0.4,4,20260929,0.25416666666666665,0.25416666666666665,37.47222343672725
benchmark,ssvepformer,0.4,5,20260929,0.3,0.3,49.390376163539784
benchmark,ssvepformer,0.4,6,20260929,0.375,0.375,70.9411803448995
benchmark,ssvepformer,0.4,7,20260929,0.23333333333333334,0.2333333333333333,32.400629751662535
benchmark,ssvepformer,0.4,8,20260929,0.15833333333333333,0.1583333333333333,16.20492128985204
benchmark,ssvepformer,0.4,9,20260929,0.4,0.39999999999999997,78.64907794102307
benchmark,ssvepformer,0.4,10,20260929,0.4625,0.4625,99.00571964115393
benchmark,ssvepformer,0.4,11,20260929,0.05,0.049999999999999996,0.9599353234847285
benchmark,ssvepformer,0.4,12,20260929,0.12083333333333333,0.12083333333333332,9.561808145251108
benchmark,ssvepformer,0.4,13,20260929,0.08333333333333333,0.08333333333333333,4.210614041777916
benchmark,ssvepformer,0.4,14,20260929,0.19166666666666668,0.19166666666666665,22.974419647381044
benchmark,ssvepformer,0.4,15,20260929,0.2,0.2,24.778548327346723
benchmark,ssvepformer,0.4,16,20260929,0.2833333333333333,0.2833333333333333,44.94023033233331
benchmark,ssvepformer,0.4,17,20260929,0.2125,0.2125,27.562636411190766
benchmark,ssvepformer,0.4,18,20260929,0.5666666666666667,0.5666666666666667,136.29662393388014
benchmark,ssvepformer,0.4,19,20260929,0.15833333333333333,0.1583333333333333,16.20492128985204
benchmark,ssvepformer,0.4,20,20260929,0.35833333333333334,0.3583333333333333,65.94470952598103
benchmark,ssvepformer,0.4,21,20260929,0.20416666666666666,0.20416666666666666,25.69635126130727
benchmark,ssvepformer,0.4,22,20260929,0.4166666666666667,0.41666666666666663,83.9272029266599
benchmark,ssvepformer,0.4,23,20260929,0.17916666666666667,0.17916666666666664,20.349543221154438
benchmark,ssvepformer,0.4,24,20260929,0.37083333333333335,0.3708333333333333,69.68129327022758
benchmark,ssvepformer,0.4,25,20260929,0.22916666666666666,0.22916666666666666,31.413873271327947
benchmark,ssvepformer,0.4,26,20260929,0.29583333333333334,0.2958333333333333,48.265748626590074
benchmark,ssvepformer,0.4,27,20260929,0.2791666666666667,0.2791666666666667,43.848076418216074
benchmark,ssvepformer,0.4,28,20260929,0.5,0.5,111.94846569708254
benchmark,ssvepformer,0.4,29,20260929,0.06666666666666667,0.06666666666666667,2.368445928522848
benchmark,ssvepformer,0.4,30,20260929,0.4375,0.4375,90.67932923259005
benchmark,ssvepformer,0.4,31,20260929,0.4041666666666667,0.4041666666666666,79.95823038363389
benchmark,ssvepformer,0.4,32,20260929,0.675,0.675,179.62908341506443
benchmark,ssvepformer,0.4,33,20260929,0.14166666666666666,0.14166666666666666,13.113607762098312
benchmark,ssvepformer,0.4,34,20260929,0.44583333333333336,0.4458333333333333,93.42778782911792
benchmark,ssvepformer,0.4,35,20260929,0.19583333333333333,0.19583333333333333,23.871182168915855
benchmark,ssvepformer,0.4,1,20260930,0.39166666666666666,0.3916666666666666,76.05167042422626
benchmark,ssvepformer,0.4,2,20260930,0.44583333333333336,0.4458333333333334,93.42778782911792
benchmark,ssvepformer,0.4,3,20260930,0.7,0.7,190.33443533319965
benchmark,ssvepformer,0.4,4,20260930,0.22916666666666666,0.22916666666666666,31.413873271327947
benchmark,ssvepformer,0.4,5,20260930,0.29583333333333334,0.29583333333333334,48.265748626590074
benchmark,ssvepformer,0.4,6,20260930,0.35,0.35,63.48990648342732
benchmark,ssvepformer,0.4,7,20260930,0.22916666666666666,0.22916666666666666,31.413873271327947
benchmark,ssvepformer,0.4,8,20260930,0.17916666666666667,0.17916666666666664,20.349543221154438
benchmark,ssvepformer,0.4,9,20260930,0.3458333333333333,0.3458333333333333,62.27349495648049
benchmark,ssvepformer,0.4,10,20260930,0.44166666666666665,0.44166666666666676,92.05017283456162
benchmark,ssvepformer,0.4,11,20260930,0.06666666666666667,0.06666666666666667,2.368445928522848
benchmark,ssvepformer,0.4,12,20260930,0.14166666666666666,0.14166666666666666,13.113607762098312
benchmark,ssvepformer,0.4,13,20260930,0.0875,0.0875,4.728596063083638
benchmark,ssvepformer,0.4,14,20260930,0.15833333333333333,0.1583333333333333,16.20492128985204
benchmark,ssvepformer,0.4,15,20260930,0.225,0.225,30.436569750407056
benchmark,ssvepformer,0.4,16,20260930,0.25416666666666665,0.25416666666666665,37.47222343672725
benchmark,ssvepformer,0.4,17,20260930,0.20833333333333334,0.20833333333333334,26.624431476308885
benchmark,ssvepformer,0.4,18,20260930,0.5833333333333334,0.5833333333333333,142.65389424735156
benchmark,ssvepformer,0.4,19,20260930,0.19166666666666668,0.19166666666666665,22.974419647381044
benchmark,ssvepformer,0.4,20,20260930,0.36666666666666664,0.3666666666666667,68.42856306760225
benchmark,ssvepformer,0.4,21,20260930,0.225,0.225,30.436569750407056
benchmark,ssvepformer,0.4,22,20260930,0.3958333333333333,0.39583333333333337,77.34688303763949
benchmark,ssvepformer,0.4,23,20260930,0.15416666666666667,0.15416666666666665,15.41258753187448
benchmark,ssvepformer,0.4,24,20260930,0.35833333333333334,0.3583333333333333,65.94470952598103
benchmark,ssvepformer,0.4,25,20260930,0.20833333333333334,0.20833333333333331,26.624431476308885
benchmark,ssvepformer,0.4,26,20260930,0.29583333333333334,0.2958333333333333,48.265748626590074
benchmark,ssvepformer,0.4,27,20260930,0.29583333333333334,0.2958333333333333,48.265748626590074
benchmark,ssvepformer,0.4,28,20260930,0.5208333333333334,0.5208333333333333,119.37281558309112
benchmark,ssvepformer,0.4,29,20260930,0.0625,0.0625,1.9715632057993795
benchmark,ssvepformer,0.4,30,20260930,0.4125,0.4125,82.59731473429352
benchmark,ssvepformer,0.4,31,20260930,0.4166666666666667,0.4166666666666667,83.9272029266599
benchmark,ssvepformer,0.4,32,20260930,0.7291666666666666,0.7291666666666667,203.18714111621762
benchmark,ssvepformer,0.4,33,20260930,0.15,0.14999999999999997,14.633060275870058
benchmark,ssvepformer,0.4,34,20260930,0.42916666666666664,0.4291666666666666,87.95801264118286
benchmark,ssvepformer,0.4,35,20260930,0.2,0.2,24.778548327346723
benchmark,ssvepformer,0.4,1,20260931,0.35833333333333334,0.3583333333333333,65.94470952598103
benchmark,ssvepformer,0.4,2,20260931,0.4791666666666667,0.47916666666666663,104.69114275291821
benchmark,ssvepformer,0.4,3,20260931,0.7333333333333333,0.7333333333333333,205.056450749973
benchmark,ssvepformer,0.4,4,20260931,0.1875,0.18749999999999997,22.088435462442686
benchmark,ssvepformer,0.4,5,20260931,0.325,0.325,56.30303164161188
benchmark,ssvepformer,0.4,6,20260931,0.4041666666666667,0.4041666666666666,79.95823038363389
benchmark,ssvepformer,0.4,7,20260931,0.25833333333333336,0.2583333333333333,38.51336856262429
benchmark,ssvepformer,0.4,8,20260931,0.2,0.2,24.778548327346723
benchmark,ssvepformer,0.4,9,20260931,0.36666666666666664,0.36666666666666664,68.42856306760225
benchmark,ssvepformer,0.4,10,20260931,0.44583333333333336,0.4458333333333333,93.42778782911792
benchmark,ssvepformer,0.4,11,20260931,0.06666666666666667,0.06666666666666667,2.368445928522848
benchmark,ssvepformer,0.4,12,20260931,0.1375,0.1375,12.374318517674016
benchmark,ssvepformer,0.4,13,20260931,0.07916666666666666,0.07916666666666666,3.7144993998056224
benchmark,ssvepformer,0.4,14,20260931,0.15416666666666667,0.15416666666666667,15.41258753187448
benchmark,ssvepformer,0.4,15,20260931,0.2375,0.2375,33.396720830139216
benchmark,ssvepformer,0.4,16,20260931,0.25416666666666665,0.25416666666666665,37.47222343672725
benchmark,ssvepformer,0.4,17,20260931,0.22916666666666666,0.22916666666666666,31.413873271327947
benchmark,ssvepformer,0.4,18,20260931,0.5916666666666667,0.5916666666666666,145.8736772420493
benchmark,ssvepformer,0.4,19,20260931,0.175,0.175,19.49702861796337
benchmark,ssvepformer,0.4,20,20260931,0.3375,0.3375,59.862857542136744
benchmark,ssvepformer,0.4,21,20260931,0.20833333333333334,0.20833333333333334,26.624431476308885
benchmark,ssvepformer,0.4,22,20260931,0.45416666666666666,0.4541666666666667,96.20328159946082
benchmark,ssvepformer,0.4,23,20260931,0.1875,0.1875,22.088435462442686
benchmark,ssvepformer,0.4,24,20260931,0.375,0.37499999999999994,70.9411803448995
benchmark,ssvepformer,0.4,25,20260931,0.22083333333333333,0.2208333333333333,29.468842497366644
benchmark,ssvepformer,0.4,26,20260931,0.2875,0.2875,46.04060776796116
benchmark,ssvepformer,0.4,27,20260931,0.3125,0.3125,52.811722459000634
benchmark,ssvepformer,0.4,28,20260931,0.49583333333333335,0.4958333333333333,110.48363802457267
benchmark,ssvepformer,0.4,29,20260931,0.05,0.05,0.9599353234847285
benchmark,ssvepformer,0.4,30,20260931,0.42083333333333334,0.4208333333333333,85.26396118654692
benchmark,ssvepformer,0.4,31,20260931,0.4125,0.4125,82.59731473429352
benchmark,ssvepformer,0.4,32,20260931,0.7041666666666667,0.7041666666666667,192.1461423622846
benchmark,ssvepformer,0.4,33,20260931,0.1625,0.1625,17.00978619394527
benchmark,ssvepformer,0.4,34,20260931,0.475,0.475,103.25973672945814
benchmark,ssvepformer,0.4,35,20260931,0.24166666666666667,0.24166666666666664,34.40203284098763
benchmark,ssvepformer,0.6,1,20260929,0.5583333333333333,0.5583333333333333,108.94815553012836
benchmark,ssvepformer,0.6,2,20260929,0.6458333333333334,0.6458333333333333,137.03348263928248
benchmark,ssvepformer,0.6,3,20260929,0.9,0.9,235.875942513374
benchmark,ssvepformer,0.6,4,20260929,0.4083333333333333,0.4083333333333334,66.49716828214513
benchmark,ssvepformer,0.6,5,20260929,0.5333333333333333,0.5333333333333334,101.37902331472782
benchmark,ssvepformer,0.6,6,20260929,0.6458333333333334,0.6458333333333333,137.03348263928248
benchmark,ssvepformer,0.6,7,20260929,0.36666666666666664,0.36666666666666664,55.987006146220025
benchmark,ssvepformer,0.6,8,20260929,0.2875,0.2875,37.6695881737864
benchmark,ssvepformer,0.6,9,20260929,0.4875,0.4875,88.0151098306479
benchmark,ssvepformer,0.6,10,20260929,0.5958333333333333,0.5958333333333333,120.67684805653307
benchmark,ssvepformer,0.6,11,20260929,0.09166666666666666,0.09166666666666666,4.309771483259746
benchmark,ssvepformer,0.6,12,20260929,0.23333333333333334,0.2333333333333333,26.509606160451163
benchmark,ssvepformer,0.6,13,20260929,0.17083333333333334,0.17083333333333334,15.26406589792334
benchmark,ssvepformer,0.6,14,20260929,0.325,0.325,46.06611679768245
benchmark,ssvepformer,0.6,15,20260929,0.39166666666666666,0.3916666666666667,62.22409398345785
benchmark,ssvepformer,0.6,16,20260929,0.4125,0.4125,67.57962114624014
benchmark,ssvepformer,0.6,17,20260929,0.4,0.4,64.34924558810978
benchmark,ssvepformer,0.6,18,20260929,0.725,0.725,164.7215076221252
benchmark,ssvepformer,0.6,19,20260929,0.2708333333333333,0.2708333333333333,34.10896907807641
benchmark,ssvepformer,0.6,20,20260929,0.5416666666666666,0.5416666666666666,103.88003180306515
benchmark,ssvepformer,0.6,21,20260929,0.3625,0.3625,54.967928275412206
benchmark,ssvepformer,0.6,22,20260929,0.5416666666666666,0.5416666666666666,103.88003180306515
benchmark,ssvepformer,0.6,23,20260929,0.2125,0.2125,22.551247972792442
benchmark,ssvepformer,0.6,24,20260929,0.5833333333333334,0.5833333333333334,116.7168225660149
benchmark,ssvepformer,0.6,25,20260929,0.4666666666666667,0.4666666666666666,82.15937888250149
benchmark,ssvepformer,0.6,26,20260929,0.45,0.45,77.57358657410819
benchmark,ssvepformer,0.6,27,20260929,0.49166666666666664,0.4916666666666666,89.20267366661311
benchmark,ssvepformer,0.6,28,20260929,0.7083333333333334,0.7083333333333333,158.69934428093686
benchmark,ssvepformer,0.6,29,20260929,0.15416666666666667,0.15416666666666665,12.610298889715484
benchmark,ssvepformer,0.6,30,20260929,0.6625,0.6625,142.67446823248807
benchmark,ssvepformer,0.6,31,20260929,0.7041666666666667,0.7041666666666667,157.2104801145965
benchmark,ssvepformer,0.6,32,20260929,0.8208333333333333,0.8208333333333334,201.6387039320323
benchmark,ssvepformer,0.6,33,20260929,0.225,0.225,24.90264797760577
benchmark,ssvepformer,0.6,34,20260929,0.55,0.55,106.4030532224478
benchmark,ssvepformer,0.6,35,20260929,0.3416666666666667,0.3416666666666667,49.96183450848918
benchmark,ssvepformer,0.6,1,20260930,0.5833333333333334,0.5833333333333334,116.7168225660149
benchmark,ssvepformer,0.6,2,20260930,0.6166666666666667,0.6166666666666666,127.39063494589215
benchmark,ssvepformer,0.6,3,20260930,0.8833333333333333,0.8833333333333334,228.30518451904334
benchmark,ssvepformer,0.6,4,20260930,0.42916666666666664,0.4291666666666667,71.96564670642233
benchmark,ssvepformer,0.6,5,20260930,0.48333333333333334,0.4833333333333334,86.83301422972153
benchmark,ssvepformer,0.6,6,20260930,0.6083333333333333,0.6083333333333333,124.68793838819353
benchmark,ssvepformer,0.6,7,20260930,0.3958333333333333,0.39583333333333337,63.28381339443231
benchmark,ssvepformer,0.6,8,20260930,0.2916666666666667,0.29166666666666663,38.57656657952213
benchmark,ssvepformer,0.6,9,20260930,0.43333333333333335,0.4333333333333333,73.07613071781286
benchmark,ssvepformer,0.6,10,20260930,0.6125,0.6125,126.03640854471047
benchmark,ssvepformer,0.6,11,20260930,0.09166666666666666,0.09166666666666666,4.309771483259746
benchmark,ssvepformer,0.6,12,20260930,0.2875,0.2875,37.6695881737864
benchmark,ssvepformer,0.6,13,20260930,0.13333333333333333,0.13333333333333333,9.531090835664084
benchmark,ssvepformer,0.6,14,20260930,0.30833333333333335,0.3083333333333333,42.27007412634571
benchmark,ssvepformer,0.6,15,20260930,0.4041666666666667,0.4041666666666666,65.42037031388227
benchmark,ssvepformer,0.6,16,20260930,0.38333333333333336,0.3833333333333333,60.12187943309989
benchmark,ssvepformer,0.6,17,20260930,0.3333333333333333,0.3333333333333333,48.001678995893116
benchmark,ssvepformer,0.6,18,20260930,0.7208333333333333,0.7208333333333334,163.20584325113094
benchmark,ssvepformer,0.6,19,20260930,0.25833333333333336,0.2583333333333333,31.510937914874415
benchmark,ssvepformer,0.6,20,20260930,0.5833333333333334,0.5833333333333334,116.7168225660149
benchmark,ssvepformer,0.6,21,20260930,0.3541666666666667,0.35416666666666663,52.9475382482922
benchmark,ssvepformer,0.6,22,20260930,0.5458333333333333,0.5458333333333333,105.13878694841553
benchmark,ssvepformer,0.6,23,20260930,0.2,0.19999999999999998,20.27335772237459
benchmark,ssvepformer,0.6,24,20260930,0.5833333333333334,0.5833333333333333,116.7168225660149
benchmark,ssvepformer,0.6,25,20260930,0.42916666666666664,0.4291666666666667,71.96564670642233
benchmark,ssvepformer,0.6,26,20260930,0.4583333333333333,0.4583333333333333,79.85547626278223
benchmark,ssvepformer,0.6,27,20260930,0.5,0.5,91.59419920670389
benchmark,ssvepformer,0.6,28,20260930,0.6666666666666666,0.6666666666666666,144.0999011570249
benchmark,ssvepformer,0.6,29,20260930,0.11666666666666667,0.11666666666666665,7.2792735484402655
benchmark,ssvepformer,0.6,30,20260930,0.6208333333333333,0.6208333333333333,128.75064084486397
benchmark,ssvepformer,0.6,31,20260930,0.6916666666666667,0.6916666666666668,152.78302961164724
benchmark,ssvepformer,0.6,32,20260930,0.8375,0.8375,208.515997671338
benchmark,ssvepformer,0.6,33,20260930,0.23333333333333334,0.2333333333333333,26.509606160451163
benchmark,ssvepformer,0.6,34,20260930,0.5541666666666667,0.5541666666666666,107.67283951710067
benchmark,ssvepformer,0.6,35,20260930,0.32083333333333336,0.3208333333333333,45.10765702853388
benchmark,ssvepformer,0.6,1,20260931,0.5291666666666667,0.5291666666666666,100.13675615192496
benchmark,ssvepformer,0.6,2,20260931,0.6916666666666667,0.6916666666666667,152.78302961164724
benchmark,ssvepformer,0.6,3,20260931,0.875,0.875,224.6011840543628
benchmark,ssvepformer,0.6,4,20260931,0.39166666666666666,0.39166666666666666,62.22409398345785
benchmark,ssvepformer,0.6,5,20260931,0.5083333333333333,0.5083333333333333,94.00758477466967
benchmark,ssvepformer,0.6,6,20260931,0.65,0.65,138.43468706782284
benchmark,ssvepformer,0.6,7,20260931,0.4041666666666667,0.4041666666666667,65.42037031388227
benchmark,ssvepformer,0.6,8,20260931,0.30416666666666664,0.30416666666666664,41.33696339053073
benchmark,ssvepformer,0.6,9,20260931,0.43333333333333335,0.4333333333333333,73.07613071781286
benchmark,ssvepformer,0.6,10,20260931,0.6,0.6,122.0081788847888
benchmark,ssvepformer,0.6,11,20260931,0.07083333333333333,0.07083333333333333,2.2845115918466
benchmark,ssvepformer,0.6,12,20260931,0.23333333333333334,0.2333333333333333,26.509606160451163
benchmark,ssvepformer,0.6,13,20260931,0.16666666666666666,0.16666666666666666,14.585663137480104
benchmark,ssvepformer,0.6,14,20260931,0.2833333333333333,0.2833333333333333,36.76927936281815
benchmark,ssvepformer,0.6,15,20260931,0.4166666666666667,0.41666666666666663,68.667711485449
benchmark,ssvepformer,0.6,16,20260931,0.375,0.375,58.04278391855413
benchmark,ssvepformer,0.6,17,20260931,0.36666666666666664,0.3666666666666667,55.987006146220025
benchmark,ssvepformer,0.6,18,20260931,0.7416666666666667,0.7416666666666667,170.8533600485155
benchmark,ssvepformer,0.6,19,20260931,0.25833333333333336,0.2583333333333333,31.510937914874415
benchmark,ssvepformer,0.6,20,20260931,0.5958333333333333,0.5958333333333333,120.67684805653307
benchmark,ssvepformer,0.6,21,20260931,0.36666666666666664,0.3666666666666667,55.987006146220025
benchmark,ssvepformer,0.6,22,20260931,0.575,0.575,114.10493941351203
benchmark,ssvepformer,0.6,23,20260931,0.225,0.225,24.90264797760577
benchmark,ssvepformer,0.6,24,20260931,0.5541666666666667,0.5541666666666667,107.67283951710067
benchmark,ssvepformer,0.6,25,20260931,0.5083333333333333,0.5083333333333334,94.00758477466967
benchmark,ssvepformer,0.6,26,20260931,0.43333333333333335,0.4333333333333333,73.07613071781286
benchmark,ssvepformer,0.6,27,20260931,0.5041666666666667,0.5041666666666667,92.79815939231504
benchmark,ssvepformer,0.6,28,20260931,0.6958333333333333,0.6958333333333334,154.25237442986054
benchmark,ssvepformer,0.6,29,20260931,0.14583333333333334,0.14583333333333331,11.345425216329971
benchmark,ssvepformer,0.6,30,20260931,0.6625,0.6625,142.67446823248807
benchmark,ssvepformer,0.6,31,20260931,0.6541666666666667,0.6541666666666666,139.8418968270764
benchmark,ssvepformer,0.6,32,20260931,0.8125,0.8125,198.25652283957518
benchmark,ssvepformer,0.6,33,20260931,0.21666666666666667,0.21666666666666665,23.327034577171023
benchmark,ssvepformer,0.6,34,20260931,0.5583333333333333,0.5583333333333333,108.94815553012836
benchmark,ssvepformer,0.6,35,20260931,0.37083333333333335,0.37083333333333335,57.01196722109529
benchmark,ssvepformer,0.8,1,20260929,0.6625,0.6625,120.72455004287454
benchmark,ssvepformer,0.8,2,20260929,0.6958333333333333,0.6958333333333333,130.52123990218968
benchmark,ssvepformer,0.8,3,20260929,0.9666666666666667,0.9666666666666668,227.76487941261948
benchmark,ssvepformer,0.8,4,20260929,0.6083333333333333,0.6083333333333334,105.50517863616376
benchmark,ssvepformer,0.8,5,20260929,0.7625,0.7625,151.19016818560468
benchmark,ssvepformer,0.8,6,20260929,0.7833333333333333,0.7833333333333334,157.97185652015736
benchmark,ssvepformer,0.8,7,20260929,0.5583333333333333,0.5583333333333333,92.18690083318555
benchmark,ssvepformer,0.8,8,20260929,0.4875,0.4875,74.47432370285593
benchmark,ssvepformer,0.8,9,20260929,0.5916666666666667,0.5916666666666666,100.98946885988028
benchmark,ssvepformer,0.8,10,20260929,0.7875,0.7875,159.34826870832248
benchmark,ssvepformer,0.8,11,20260929,0.125,0.125,7.0909250853830486
benchmark,ssvepformer,0.8,12,20260929,0.44583333333333336,0.4458333333333333,64.68077618938932
benchmark,ssvepformer,0.8,13,20260929,0.37916666666666665,0.37916666666666665,49.9902867352675
benchmark,ssvepformer,0.8,14,20260929,0.5625,0.5625,93.27070226984452
benchmark,ssvepformer,0.8,15,20260929,0.6,0.6,103.23768982559054
benchmark,ssvepformer,0.8,16,20260929,0.5416666666666666,0.5416666666666666,87.89848844874744
benchmark,ssvepformer,0.8,17,20260929,0.5958333333333333,0.5958333333333333,102.11117912475876
benchmark,ssvepformer,0.8,18,20260929,0.7958333333333333,0.7958333333333334,162.121919157528
benchmark,ssvepformer,0.8,19,20260929,0.42083333333333334,0.4208333333333333,59.02889620607095
benchmark,ssvepformer,0.8,20,20260929,0.7708333333333334,0.7708333333333334,153.88312158247555
benchmark,ssvepformer,0.8,21,20260929,0.5458333333333333,0.5458333333333334,88.96358895635161
benchmark,ssvepformer,0.8,22,20260929,0.7333333333333333,0.7333333333333334,141.96215821151978
benchmark,ssvepformer,0.8,23,20260929,0.2791666666666667,0.2791666666666667,30.35636059722651
benchmark,ssvepformer,0.8,24,20260929,0.8208333333333333,0.8208333333333334,170.6173648655658
benchmark,ssvepformer,0.8,25,20260929,0.7083333333333334,0.7083333333333334,134.28406054540812
benchmark,ssvepformer,0.8,26,20260929,0.7,0.7,131.76999369221514
benchmark,ssvepformer,0.8,27,20260929,0.75,0.75,147.1984345713539
benchmark,ssvepformer,0.8,28,20260929,0.8458333333333333,0.8458333333333332,179.39655450882333
benchmark,ssvepformer,0.8,29,20260929,0.225,0.225,21.071471365666422
benchmark,ssvepformer,0.8,30,20260929,0.8083333333333333,0.8083333333333333,166.3360459850355
benchmark,ssvepformer,0.8,31,20260929,0.9,0.9,199.58733597285493
benchmark,ssvepformer,0.8,32,20260929,0.9583333333333334,0.9583333333333333,223.93018659699618
benchmark,ssvepformer,0.8,33,20260929,0.25,0.25,25.227614136071203
benchmark,ssvepformer,0.8,34,20260929,0.7833333333333333,0.7833333333333333,157.97185652015736
benchmark,ssvepformer,0.8,35,20260929,0.6125,0.6125,106.64619184552424
benchmark,ssvepformer,0.8,1,20260930,0.6916666666666667,0.6916666666666667,129.2779481329323
benchmark,ssvepformer,0.8,2,20260930,0.6958333333333333,0.6958333333333334,130.52123990218968
benchmark,ssvepformer,0.8,3,20260930,0.9708333333333333,0.9708333333333334,229.73423854879562
benchmark,ssvepformer,0.8,4,20260930,0.6083333333333333,0.6083333333333333,105.50517863616376
benchmark,ssvepformer,0.8,5,20260930,0.7416666666666667,0.7416666666666666,144.56822773335927
benchmark,ssvepformer,0.8,6,20260930,0.7666666666666667,0.7666666666666667,152.53341367699093
benchmark,ssvepformer,0.8,7,20260930,0.5958333333333333,0.5958333333333334,102.11117912475876
benchmark,ssvepformer,0.8,8,20260930,0.525,0.525,83.68459208699927
benchmark,ssvepformer,0.8,9,20260930,0.5833333333333334,0.5833333333333333,98.76038832508954
benchmark,ssvepformer,0.8,10,20260930,0.8083333333333333,0.8083333333333333,166.3360459850355
benchmark,ssvepformer,0.8,11,20260930,0.1375,0.1375,8.566835896851243
benchmark,ssvepformer,0.8,12,20260930,0.4708333333333333,0.4708333333333333,70.50117230853816
benchmark,ssvepformer,0.8,13,20260930,0.325,0.325,38.9790219057313
benchmark,ssvepformer,0.8,14,20260930,0.49583333333333335,0.4958333333333334,76.48867247855031
benchmark,ssvepformer,0.8,15,20260930,0.5791666666666667,0.5791666666666666,97.65298934391042
benchmark,ssvepformer,0.8,16,20260930,0.49166666666666664,0.4916666666666666,75.4791854102111
benchmark,ssvepformer,0.8,17,20260930,0.5458333333333333,0.5458333333333333,88.96358895635161
benchmark,ssvepformer,0.8,18,20260930,0.8041666666666667,0.8041666666666666,164.92403456961256
benchmark,ssvepformer,0.8,19,20260930,0.4041666666666667,0.4041666666666666,55.35569795790039
benchmark,ssvepformer,0.8,20,20260930,0.7583333333333333,0.7583333333333332,149.8533064166296
benchmark,ssvepformer,0.8,21,20260930,0.5583333333333333,0.5583333333333333,92.18690083318555
benchmark,ssvepformer,0.8,22,20260930,0.7291666666666666,0.7291666666666667,140.66802077276606
benchmark,ssvepformer,0.8,23,20260930,0.25,0.25,25.227614136071203
benchmark,ssvepformer,0.8,24,20260930,0.8208333333333333,0.8208333333333334,170.6173648655658
benchmark,ssvepformer,0.8,25,20260930,0.7041666666666667,0.7041666666666668,133.02425240465857
benchmark,ssvepformer,0.8,26,20260930,0.65,0.65,117.1370429035424
benchmark,ssvepformer,0.8,27,20260930,0.7666666666666667,0.7666666666666667,152.53341367699093
benchmark,ssvepformer,0.8,28,20260930,0.8083333333333333,0.8083333333333332,166.3360459850355
benchmark,ssvepformer,0.8,29,20260930,0.22083333333333333,0.2208333333333333,20.401506344330755
benchmark,ssvepformer,0.8,30,20260930,0.7916666666666666,0.7916666666666667,160.73158922219736
benchmark,ssvepformer,0.8,31,20260930,0.8708333333333333,0.8708333333333333,188.496091397902
benchmark,ssvepformer,0.8,32,20260930,0.9541666666666667,0.9541666666666668,222.05788282666316
benchmark,ssvepformer,0.8,33,20260930,0.25,0.25,25.227614136071203
benchmark,ssvepformer,0.8,34,20260930,0.7833333333333333,0.7833333333333333,157.97185652015736
benchmark,ssvepformer,0.8,35,20260930,0.5958333333333333,0.5958333333333333,102.11117912475876
benchmark,ssvepformer,0.8,1,20260931,0.65,0.65,117.1370429035424
benchmark,ssvepformer,0.8,2,20260931,0.7625,0.7625,151.19016818560468
benchmark,ssvepformer,0.8,3,20260931,0.9708333333333333,0.9708333333333334,229.73423854879562
benchmark,ssvepformer,0.8,4,20260931,0.5625,0.5625,93.27070226984452
benchmark,ssvepformer,0.8,5,20260931,0.775,0.775,155.23937384447737
benchmark,ssvepformer,0.8,6,20260931,0.7958333333333333,0.7958333333333333,162.121919157528
benchmark,ssvepformer,0.8,7,20260931,0.5583333333333333,0.5583333333333333,92.18690083318555
benchmark,ssvepformer,0.8,8,20260931,0.5083333333333333,0.5083333333333334,79.54487942472049
benchmark,ssvepformer,0.8,9,20260931,0.6,0.6,103.23768982559054
benchmark,ssvepformer,0.8,10,20260931,0.7875,0.7875,159.34826870832248
benchmark,ssvepformer,0.8,11,20260931,0.12083333333333333,0.12083333333333332,6.619713331327691
benchmark,ssvepformer,0.8,12,20260931,0.4625,0.4625,68.54242129002965
benchmark,ssvepformer,0.8,13,20260931,0.3125,0.31249999999999994,36.561961702385055
benchmark,ssvepformer,0.8,14,20260931,0.5125,0.5125,80.57286472462006
benchmark,ssvepformer,0.8,15,20260931,0.6166666666666667,0.6166666666666666,107.79207572344721
benchmark,ssvepformer,0.8,16,20260931,0.5208333333333334,0.5208333333333333,82.64271848060154
benchmark,ssvepformer,0.8,17,20260931,0.5791666666666667,0.5791666666666666,97.65298934391042
benchmark,ssvepformer,0.8,18,20260931,0.8083333333333333,0.8083333333333333,166.3360459850355
benchmark,ssvepformer,0.8,19,20260931,0.4125,0.4124999999999999,57.18275635451089
benchmark,ssvepformer,0.8,20,20260931,0.7708333333333334,0.7708333333333333,153.88312158247555
benchmark,ssvepformer,0.8,21,20260931,0.5791666666666667,0.5791666666666666,97.65298934391042
benchmark,ssvepformer,0.8,22,20260931,0.7083333333333334,0.7083333333333334,134.28406054540812
benchmark,ssvepformer,0.8,23,20260931,0.2791666666666667,0.2791666666666667,30.35636059722651
benchmark,ssvepformer,0.8,24,20260931,0.8291666666666667,0.8291666666666668,173.51066164059577
benchmark,ssvepformer,0.8,25,20260931,0.725,0.725,139.37973721872132
benchmark,ssvepformer,0.8,26,20260931,0.6125,0.6125,106.64619184552424
benchmark,ssvepformer,0.8,27,20260931,0.7833333333333333,0.7833333333333332,157.97185652015736
benchmark,ssvepformer,0.8,28,20260931,0.8291666666666667,0.8291666666666666,173.51066164059577
benchmark,ssvepformer,0.8,29,20260931,0.2375,0.2375,23.12080672855792
benchmark,ssvepformer,0.8,30,20260931,0.7958333333333333,0.7958333333333334,162.121919157528
benchmark,ssvepformer,0.8,31,20260931,0.875,0.875,190.047155738307
benchmark,ssvepformer,0.8,32,20260931,0.9416666666666667,0.9416666666666668,216.59168907259422
benchmark,ssvepformer,0.8,33,20260931,0.24166666666666667,0.24166666666666664,23.81679196683759
benchmark,ssvepformer,0.8,34,20260931,0.8,0.8,163.51936413357924
benchmark,ssvepformer,0.8,35,20260931,0.6166666666666667,0.6166666666666666,107.79207572344721
benchmark,ssvepformer,1.0,1,20260929,0.7416666666666667,0.7416666666666666,125.29246403557805
benchmark,ssvepformer,1.0,2,20260929,0.8083333333333333,0.8083333333333332,144.1579065203641
benchmark,ssvepformer,1.0,3,20260929,0.9875,0.9875,206.3566384435645
benchmark,ssvepformer,1.0,4,20260929,0.675,0.675,107.77745004903865
benchmark,ssvepformer,1.0,5,20260929,0.8333333333333334,0.8333333333333334,151.64021213714534
benchmark,ssvepformer,1.0,6,20260929,0.825,0.825,149.11867486119647
benchmark,ssvepformer,1.0,7,20260929,0.6833333333333333,0.6833333333333333,109.89990849541168
benchmark,ssvepformer,1.0,8,20260929,0.6416666666666667,0.6416666666666667,99.46805086269408
benchmark,ssvepformer,1.0,9,20260929,0.6875,0.6875,110.9680667583341
benchmark,ssvepformer,1.0,10,20260929,0.8791666666666667,0.8791666666666667,166.06095219263884
benchmark,ssvepformer,1.0,11,20260929,0.20416666666666666,0.20416666666666666,15.417810756784363
benchmark,ssvepformer,1.0,12,20260929,0.6041666666666666,0.6041666666666666,90.45314831310242
benchmark,ssvepformer,1.0,13,20260929,0.5041666666666667,0.5041666666666667,68.05198355436437
benchmark,ssvepformer,1.0,14,20260929,0.6666666666666666,0.6666666666666666,105.67326084848493
benchmark,ssvepformer,1.0,15,20260929,0.725,0.725,120.79577225622513
benchmark,ssvepformer,1.0,16,20260929,0.6666666666666666,0.6666666666666667,105.67326084848493
benchmark,ssvepformer,1.0,17,20260929,0.6916666666666667,0.6916666666666667,112.04088838187465
benchmark,ssvepformer,1.0,18,20260929,0.7916666666666666,0.7916666666666666,139.30071065923772
benchmark,ssvepformer,1.0,19,20260929,0.5416666666666666,0.5416666666666666,76.17868998891446
benchmark,ssvepformer,1.0,20,20260929,0.875,0.875,164.7075349731994
benchmark,ssvepformer,1.0,21,20260929,0.6625,0.6625,104.62794337049127
benchmark,ssvepformer,1.0,22,20260929,0.8,0.8,141.716782249102
benchmark,ssvepformer,1.0,23,20260929,0.32916666666666666,0.32916666666666666,34.489256512090826
benchmark,ssvepformer,1.0,24,20260929,0.9,0.9,172.97569117647427
benchmark,ssvepformer,1.0,25,20260929,0.8375,0.8375,152.9117316256479
benchmark,ssvepformer,1.0,26,20260929,0.7625,0.7625,131.03147909419073
benchmark,ssvepformer,1.0,27,20260929,0.8416666666666667,0.8416666666666668,154.19061342281267
benchmark,ssvepformer,1.0,28,20260929,0.9,0.9,172.97569117647427
benchmark,ssvepformer,1.0,29,20260929,0.35,0.35,38.093943890056394
benchmark,ssvepformer,1.0,30,20260929,0.8625,0.8625,160.70125545760962
benchmark,ssvepformer,1.0,31,20260929,0.9458333333333333,0.9458333333333332,189.27183232209754
benchmark,ssvepformer,1.0,32,20260929,0.9916666666666667,0.9916666666666666,208.33413717608144
benchmark,ssvepformer,1.0,33,20260929,0.2916666666666667,0.2916666666666667,28.289482158316233
benchmark,ssvepformer,1.0,34,20260929,0.8666666666666667,0.8666666666666668,162.02793169944633
benchmark,ssvepformer,1.0,35,20260929,0.7291666666666666,0.7291666666666666,121.91228466973058
benchmark,ssvepformer,1.0,1,20260930,0.7708333333333334,0.7708333333333334,133.36537203814547
benchmark,ssvepformer,1.0,2,20260930,0.8083333333333333,0.8083333333333333,144.1579065203641
benchmark,ssvepformer,1.0,3,20260930,0.9875,0.9875,206.3566384435645
benchmark,ssvepformer,1.0,4,20260930,0.6458333333333334,0.6458333333333334,100.4912206021405
benchmark,ssvepformer,1.0,5,20260930,0.7958333333333333,0.7958333333333334,140.5056632698576
benchmark,ssvepformer,1.0,6,20260930,0.8416666666666667,0.8416666666666668,154.19061342281267
benchmark,ssvepformer,1.0,7,20260930,0.7291666666666666,0.7291666666666667,121.91228466973058
benchmark,ssvepformer,1.0,8,20260930,0.6458333333333334,0.6458333333333334,100.4912206021405
benchmark,ssvepformer,1.0,9,20260930,0.6541666666666667,0.6541666666666666,102.55072433985602
benchmark,ssvepformer,1.0,10,20260930,0.8666666666666667,0.8666666666666668,162.02793169944633
benchmark,ssvepformer,1.0,11,20260930,0.175,0.175,11.698217170778022
benchmark,ssvepformer,1.0,12,20260930,0.5958333333333333,0.5958333333333334,88.4963552414576
benchmark,ssvepformer,1.0,13,20260930,0.45416666666666666,0.4541666666666666,57.721968959676495
benchmark,ssvepformer,1.0,14,20260930,0.6,0.6,89.4726645155118
benchmark,ssvepformer,1.0,15,20260930,0.7125,0.7125,117.47620238143496
benchmark,ssvepformer,1.0,16,20260930,0.6291666666666667,0.6291666666666667,96.42459889037981
benchmark,ssvepformer,1.0,17,20260930,0.6,0.6,89.4726645155118
benchmark,ssvepformer,1.0,18,20260930,0.7958333333333333,0.7958333333333334,140.5056632698576
benchmark,ssvepformer,1.0,19,20260930,0.5041666666666667,0.5041666666666667,68.05198355436437
benchmark,ssvepformer,1.0,20,20260930,0.8708333333333333,0.8708333333333333,163.36327921151508
benchmark,ssvepformer,1.0,21,20260930,0.6666666666666666,0.6666666666666667,105.67326084848493
benchmark,ssvepformer,1.0,22,20260930,0.8041666666666667,0.8041666666666668,142.93416329366423
benchmark,ssvepformer,1.0,23,20260930,0.275,0.275,25.658532316704665
benchmark,ssvepformer,1.0,24,20260930,0.8833333333333333,0.8833333333333334,167.4238019806318
benchmark,ssvepformer,1.0,25,20260930,0.8375,0.8375,152.9117316256479
benchmark,ssvepformer,1.0,26,20260930,0.75,0.75,127.57197662850672
benchmark,ssvepformer,1.0,27,20260930,0.8375,0.8375,152.9117316256479
benchmark,ssvepformer,1.0,28,20260930,0.8708333333333333,0.8708333333333333,163.36327921151508
benchmark,ssvepformer,1.0,29,20260930,0.3541666666666667,0.35416666666666663,38.82819471541428
benchmark,ssvepformer,1.0,30,20260930,0.8625,0.8625,160.70125545760962
benchmark,ssvepformer,1.0,31,20260930,0.9125,0.9125,177.2554308603044
benchmark,ssvepformer,1.0,32,20260930,0.9875,0.9875,206.3566384435645
benchmark,ssvepformer,1.0,33,20260930,0.3,0.3,29.63422569812387
benchmark,ssvepformer,1.0,34,20260930,0.8583333333333333,0.8583333333333332,159.38302826464346
benchmark,ssvepformer,1.0,35,20260930,0.7166666666666667,0.7166666666666666,118.57777665967895
benchmark,ssvepformer,1.0,1,20260931,0.7708333333333334,0.7708333333333334,133.36537203814547
benchmark,ssvepformer,1.0,2,20260931,0.8416666666666667,0.8416666666666668,154.19061342281267
benchmark,ssvepformer,1.0,3,20260931,0.9875,0.9875,206.3566384435645
benchmark,ssvepformer,1.0,4,20260931,0.6166666666666667,0.6166666666666666,93.41979896032092
benchmark,ssvepformer,1.0,5,20260931,0.8416666666666667,0.8416666666666668,154.19061342281267
benchmark,ssvepformer,1.0,6,20260931,0.8458333333333333,0.8458333333333334,155.4770139076469
benchmark,ssvepformer,1.0,7,20260931,0.7416666666666667,0.7416666666666666,125.29246403557805
benchmark,ssvepformer,1.0,8,20260931,0.6666666666666666,0.6666666666666667,105.67326084848493
benchmark,ssvepformer,1.0,9,20260931,0.6708333333333333,0.6708333333333333,106.72308683654155
benchmark,ssvepformer,1.0,10,20260931,0.8708333333333333,0.8708333333333332,163.36327921151508
benchmark,ssvepformer,1.0,11,20260931,0.1625,0.16249999999999998,10.205871716367163
benchmark,ssvepformer,1.0,12,20260931,0.6083333333333333,0.6083333333333333,91.43782148467527
benchmark,ssvepformer,1.0,13,20260931,0.44583333333333336,0.4458333333333333,56.05667269747075
benchmark,ssvepformer,1.0,14,20260931,0.625,0.625,95.41873039556215
benchmark,ssvepformer,1.0,15,20260931,0.7416666666666667,0.7416666666666667,125.29246403557805
benchmark,ssvepformer,1.0,16,20260931,0.6291666666666667,0.6291666666666667,96.42459889037981
benchmark,ssvepformer,1.0,17,20260931,0.6375,0.6375,98.44923847612033
benchmark,ssvepformer,1.0,18,20260931,0.8,0.7999999999999999,141.716782249102
benchmark,ssvepformer,1.0,19,20260931,0.5375,0.5375,75.25963844127907
benchmark,ssvepformer,1.0,20,20260931,0.8916666666666667,0.8916666666666666,170.178984983003
benchmark,ssvepformer,1.0,21,20260931,0.6791666666666667,0.6791666666666667,108.83638029128376
benchmark,ssvepformer,1.0,22,20260931,0.7833333333333333,0.7833333333333334,136.90894231746972
benchmark,ssvepformer,1.0,23,20260931,0.325,0.325,33.78181898496713
benchmark,ssvepformer,1.0,24,20260931,0.8958333333333334,0.8958333333333333,171.57196862691146
benchmark,ssvepformer,1.0,25,20260931,0.8583333333333333,0.8583333333333332,159.38302826464346
benchmark,ssvepformer,1.0,26,20260931,0.7458333333333333,0.7458333333333333,126.42957769966057
benchmark,ssvepformer,1.0,27,20260931,0.8625,0.8625,160.70125545760962
benchmark,ssvepformer,1.0,28,20260931,0.8625,0.8625,160.70125545760962
benchmark,ssvepformer,1.0,29,20260931,0.3541666666666667,0.35416666666666663,38.82819471541428
benchmark,ssvepformer,1.0,30,20260931,0.8583333333333333,0.8583333333333334,159.38302826464346
benchmark,ssvepformer,1.0,31,20260931,0.9333333333333333,0.9333333333333333,184.64834447767169
benchmark,ssvepformer,1.0,32,20260931,0.9833333333333333,0.9833333333333332,204.461858433478
benchmark,ssvepformer,1.0,33,20260931,0.30416666666666664,0.3041666666666667,30.313773153055866
benchmark,ssvepformer,1.0,34,20260931,0.875,0.875,164.7075349731994
benchmark,ssvepformer,1.0,35,20260931,0.8,0.8,141.716782249102
benchmark,ssvepformer,1.2,1,20260929,0.7625,0.7625,115.61601096546241
benchmark,ssvepformer,1.2,2,20260929,0.8541666666666666,0.8541666666666666,139.4762129644756
benchmark,ssvepformer,1.2,3,20260929,0.9875,0.9875,182.07938686196866
benchmark,ssvepformer,1.2,4,20260929,0.6708333333333333,0.6708333333333333,94.16742956165432
benchmark,ssvepformer,1.2,5,20260929,0.8666666666666667,0.8666666666666668,142.96582208774677
benchmark,ssvepformer,1.2,6,20260929,0.8708333333333333,0.8708333333333333,144.1440698925133
benchmark,ssvepformer,1.2,7,20260929,0.7125,0.7125,103.65547268950144
benchmark,ssvepformer,1.2,8,20260929,0.6875,0.6875,97.91300008088304
benchmark,ssvepformer,1.2,9,20260929,0.7083333333333334,0.7083333333333333,102.6878110053121
benchmark,ssvepformer,1.2,10,20260929,0.9041666666666667,0.9041666666666666,153.8740134151256
benchmark,ssvepformer,1.2,11,20260929,0.225,0.225,16.113478103156677
benchmark,ssvepformer,1.2,12,20260929,0.6541666666666667,0.6541666666666666,90.48593324104944
benchmark,ssvepformer,1.2,13,20260929,0.5416666666666666,0.5416666666666666,67.21649116668922
benchmark,ssvepformer,1.2,14,20260929,0.7208333333333333,0.7208333333333334,105.6037809272024
benchmark,ssvepformer,1.2,15,20260929,0.7708333333333334,0.7708333333333334,117.67532826895189
benchmark,ssvepformer,1.2,16,20260929,0.6791666666666667,0.6791666666666666,96.03210025701507
benchmark,ssvepformer,1.2,17,20260929,0.725,0.725,106.58450493196337
benchmark,ssvepformer,1.2,18,20260929,0.8041666666666667,0.8041666666666668,126.11837937676255
benchmark,ssvepformer,1.2,19,20260929,0.575,0.575,73.83260785580191
benchmark,ssvepformer,1.2,20,20260929,0.9041666666666667,0.9041666666666666,153.8740134151256
benchmark,ssvepformer,1.2,21,20260929,0.725,0.725,106.58450493196337
benchmark,ssvepformer,1.2,22,20260929,0.8125,0.8125,128.2836324256075
benchmark,ssvepformer,1.2,23,20260929,0.35833333333333334,0.35833333333333334,34.91190504316643
benchmark,ssvepformer,1.2,24,20260929,0.9125,0.9125,156.4018507590921
benchmark,ssvepformer,1.2,25,20260929,0.8625,0.8625,141.7952254037732
benchmark,ssvepformer,1.2,26,20260929,0.7958333333333333,0.7958333333333334,123.97558523810966
benchmark,ssvepformer,1.2,27,20260929,0.8708333333333333,0.8708333333333333,144.1440698925133
benchmark,ssvepformer,1.2,28,20260929,0.9166666666666666,0.9166666666666667,157.68215504747792
benchmark,ssvepformer,1.2,29,20260929,0.37083333333333335,0.37083333333333335,36.89009643717931
benchmark,ssvepformer,1.2,30,20260929,0.9,0.9,152.62560986159497
benchmark,ssvepformer,1.2,31,20260929,0.9583333333333334,0.9583333333333334,171.24073092711473
benchmark,ssvepformer,1.2,32,20260929,0.9958333333333333,0.9958333333333333,185.68099481109695
benchmark,ssvepformer,1.2,33,20260929,0.31666666666666665,0.3166666666666666,28.57118466361648
benchmark,ssvepformer,1.2,34,20260929,0.8833333333333333,0.8833333333333334,147.72688410055747
benchmark,ssvepformer,1.2,35,20260929,0.7833333333333333,0.7833333333333333,120.80200792717918
benchmark,ssvepformer,1.2,1,20260930,0.7875,0.7875,121.85455842401132
benchmark,ssvepformer,1.2,2,20260930,0.8458333333333333,0.8458333333333332,137.18560050674725
benchmark,ssvepformer,1.2,3,20260930,0.9833333333333333,0.9833333333333332,180.40752214718646
benchmark,ssvepformer,1.2,4,20260930,0.6541666666666667,0.6541666666666667,90.48593324104944
benchmark,ssvepformer,1.2,5,20260930,0.8291666666666667,0.8291666666666668,132.68462360751442
benchmark,ssvepformer,1.2,6,20260930,0.8833333333333333,0.8833333333333332,147.72688410055747
benchmark,ssvepformer,1.2,7,20260930,0.7666666666666667,0.7666666666666667,116.64319869416954
benchmark,ssvepformer,1.2,8,20260930,0.675,0.675,95.0977500432694
benchmark,ssvepformer,1.2,9,20260930,0.6541666666666667,0.6541666666666667,90.48593324104944
benchmark,ssvepformer,1.2,10,20260930,0.9125,0.9125,156.4018507590921
benchmark,ssvepformer,1.2,11,20260930,0.20833333333333334,0.20833333333333331,14.095287252163528
benchmark,ssvepformer,1.2,12,20260930,0.6375,0.6375,86.86697512598852
benchmark,ssvepformer,1.2,13,20260930,0.475,0.475,54.66691944500726
benchmark,ssvepformer,1.2,14,20260930,0.6375,0.6375,86.86697512598852
benchmark,ssvepformer,1.2,15,20260930,0.7291666666666666,0.7291666666666667,107.56966294387993
benchmark,ssvepformer,1.2,16,20260930,0.6458333333333334,0.6458333333333333,88.66872406071221
benchmark,ssvepformer,1.2,17,20260930,0.6333333333333333,0.6333333333333333,85.97184838978706
benchmark,ssvepformer,1.2,18,20260930,0.8083333333333333,0.8083333333333333,127.19815281208598
benchmark,ssvepformer,1.2,19,20260930,0.55,0.55,68.84903443805446
benchmark,ssvepformer,1.2,20,20260930,0.8958333333333334,0.8958333333333334,151.38703114139247
benchmark,ssvepformer,1.2,21,20260930,0.7333333333333333,0.7333333333333334,108.55929745586808
benchmark,ssvepformer,1.2,22,20260930,0.8166666666666667,0.8166666666666668,129.37491512700083
benchmark,ssvepformer,1.2,23,20260930,0.31666666666666665,0.3166666666666667,28.57118466361648
benchmark,ssvepformer,1.2,24,20260930,0.925,0.925,160.27804885927756
benchmark,ssvepformer,1.2,25,20260930,0.8666666666666667,0.8666666666666668,142.96582208774677
benchmark,ssvepformer,1.2,26,20260930,0.7708333333333334,0.7708333333333334,117.67532826895189
benchmark,ssvepformer,1.2,27,20260930,0.8541666666666666,0.8541666666666667,139.4762129644756
benchmark,ssvepformer,1.2,28,20260930,0.8958333333333334,0.8958333333333334,151.38703114139247
benchmark,ssvepformer,1.2,29,20260930,0.38333333333333336,0.38333333333333336,38.90239257435876
benchmark,ssvepformer,1.2,30,20260930,0.875,0.875,145.33017791752889
benchmark,ssvepformer,1.2,31,20260930,0.925,0.925,160.27804885927756
benchmark,ssvepformer,1.2,32,20260930,0.9958333333333333,0.9958333333333333,185.68099481109695
benchmark,ssvepformer,1.2,33,20260930,0.3,0.3,26.147846204226944
benchmark,ssvepformer,1.2,34,20260930,0.8791666666666667,0.8791666666666668,146.52436958174016
benchmark,ssvepformer,1.2,35,20260930,0.7916666666666666,0.7916666666666666,122.91239175815093
benchmark,ssvepformer,1.2,1,20260931,0.7791666666666667,0.7791666666666667,119.75466622324429
benchmark,ssvepformer,1.2,2,20260931,0.875,0.875,145.33017791752889
benchmark,ssvepformer,1.2,3,20260931,0.9833333333333333,0.9833333333333334,180.40752214718646
benchmark,ssvepformer,1.2,4,20260931,0.6333333333333333,0.6333333333333334,85.97184838978706
benchmark,ssvepformer,1.2,5,20260931,0.875,0.875,145.33017791752889
benchmark,ssvepformer,1.2,6,20260931,0.875,0.875,145.33017791752889
benchmark,ssvepformer,1.2,7,20260931,0.7333333333333333,0.7333333333333333,108.55929745586808
benchmark,ssvepformer,1.2,8,20260931,0.7,0.7,100.76528929404688
benchmark,ssvepformer,1.2,9,20260931,0.675,0.675,95.0977500432694
benchmark,ssvepformer,1.2,10,20260931,0.9041666666666667,0.9041666666666666,153.8740134151256
benchmark,ssvepformer,1.2,11,20260931,0.20416666666666666,0.20416666666666666,13.603950667750908
benchmark,ssvepformer,1.2,12,20260931,0.6458333333333334,0.6458333333333334,88.66872406071221
benchmark,ssvepformer,1.2,13,20260931,0.4666666666666667,0.4666666666666666,53.161951041618615
benchmark,ssvepformer,1.2,14,20260931,0.6458333333333334,0.6458333333333334,88.66872406071221
benchmark,ssvepformer,1.2,15,20260931,0.7666666666666667,0.7666666666666667,116.64319869416954
benchmark,ssvepformer,1.2,16,20260931,0.6666666666666666,0.6666666666666667,93.24111251336906
benchmark,ssvepformer,1.2,17,20260931,0.6833333333333333,0.6833333333333333,96.97050749595148
benchmark,ssvepformer,1.2,18,20260931,0.8125,0.8125,128.2836324256075
benchmark,ssvepformer,1.2,19,20260931,0.5833333333333334,0.5833333333333333,75.52264989565671
benchmark,ssvepformer,1.2,20,20260931,0.9125,0.9125,156.4018507590921
benchmark,ssvepformer,1.2,21,20260931,0.7666666666666667,0.7666666666666667,116.64319869416954
benchmark,ssvepformer,1.2,22,20260931,0.8125,0.8125,128.2836324256075
benchmark,ssvepformer,1.2,23,20260931,0.35,0.35,33.612303432402705
benchmark,ssvepformer,1.2,24,20260931,0.9125,0.9125,156.4018507590921
benchmark,ssvepformer,1.2,25,20260931,0.8875,0.8875,148.93797817414102
benchmark,ssvepformer,1.2,26,20260931,0.7708333333333334,0.7708333333333333,117.67532826895189
benchmark,ssvepformer,1.2,27,20260931,0.8791666666666667,0.8791666666666668,146.52436958174016
benchmark,ssvepformer,1.2,28,20260931,0.8791666666666667,0.8791666666666668,146.52436958174016
benchmark,ssvepformer,1.2,29,20260931,0.3958333333333333,0.39583333333333337,40.9483498434562
benchmark,ssvepformer,1.2,30,20260931,0.8791666666666667,0.8791666666666668,146.52436958174016
benchmark,ssvepformer,1.2,31,20260931,0.9375,0.9375,164.26942551499266
benchmark,ssvepformer,1.2,32,20260931,0.9958333333333333,0.9958333333333333,185.68099481109695
benchmark,ssvepformer,1.2,33,20260931,0.325,0.325,29.807487339676882
benchmark,ssvepformer,1.2,34,20260931,0.9166666666666666,0.9166666666666667,157.68215504747792
benchmark,ssvepformer,1.2,35,20260931,0.8208333333333333,0.8208333333333332,130.47210254425622
benchmark,ssvepformer,2.0,1,20260929,0.825,0.825,89.47120491671788
benchmark,ssvepformer,2.0,2,20260929,0.8666666666666667,0.8666666666666668,97.2167590196678
benchmark,ssvepformer,2.0,3,20260929,0.9958333333333333,0.9958333333333333,126.26307647154593
benchmark,ssvepformer,2.0,4,20260929,0.7,0.7,68.52039671995188
benchmark,ssvepformer,2.0,5,20260929,0.9208333333333333,0.9208333333333334,108.10234460494743
benchmark,ssvepformer,2.0,6,20260929,0.9,0.9,103.78541470588456
benchmark,ssvepformer,2.0,7,20260929,0.7333333333333333,0.7333333333333334,73.82032226999029
benchmark,ssvepformer,2.0,8,20260929,0.7375,0.7375,74.49634775837862
benchmark,ssvepformer,2.0,9,20260929,0.7416666666666667,0.7416666666666666,75.17547842134682
benchmark,ssvepformer,2.0,10,20260929,0.9791666666666666,0.9791666666666667,121.5773111649823
benchmark,ssvepformer,2.0,11,20260929,0.2875,0.2875,16.57461879646602
benchmark,ssvepformer,2.0,12,20260929,0.775,0.775,80.72447439912824
benchmark,ssvepformer,2.0,13,20260929,0.6375,0.6375,59.069543085672194
benchmark,ssvepformer,2.0,14,20260929,0.7916666666666666,0.7916666666666666,83.58042639554263
benchmark,ssvepformer,2.0,15,20260929,0.8375,0.8375,91.74703897538873
benchmark,ssvepformer,2.0,16,20260929,0.7166666666666667,0.7166666666666667,71.14666599580737
benchmark,ssvepformer,2.0,17,20260929,0.7541666666666667,0.7541666666666667,77.23183143884589
benchmark,ssvepformer,2.0,18,20260929,0.8333333333333334,0.8333333333333334,90.9841272822872
benchmark,ssvepformer,2.0,19,20260929,0.6916666666666667,0.6916666666666667,67.22453302912479
benchmark,ssvepformer,2.0,20,20260929,0.95,0.95,114.51026464387903
benchmark,ssvepformer,2.0,21,20260929,0.7791666666666667,0.7791666666666666,81.4331730318061
benchmark,ssvepformer,2.0,22,20260929,0.8416666666666667,0.8416666666666668,92.5143680536876
benchmark,ssvepformer,2.0,23,20260929,0.4041666666666667,0.4041666666666666,28.7849629381082
benchmark,ssvepformer,2.0,24,20260929,0.95,0.95,114.51026464387903
benchmark,ssvepformer,2.0,25,20260929,0.8791666666666667,0.8791666666666667,99.63657131558331
benchmark,ssvepformer,2.0,26,20260929,0.8416666666666667,0.8416666666666668,92.5143680536876
benchmark,ssvepformer,2.0,27,20260929,0.9041666666666667,0.9041666666666668,104.63432912228541
benchmark,ssvepformer,2.0,28,20260929,0.9166666666666666,0.9166666666666667,107.223865432285
benchmark,ssvepformer,2.0,29,20260929,0.5,0.5,40.30144765094972
benchmark,ssvepformer,2.0,30,20260929,0.9416666666666667,0.9416666666666668,112.627678317749
benchmark,ssvepformer,2.0,31,20260929,0.9833333333333333,0.9833333333333332,122.67711506008679
benchmark,ssvepformer,2.0,32,20260929,1.0,1.0,127.7262742772967
benchmark,ssvepformer,2.0,33,20260929,0.36666666666666664,0.36666666666666664,24.63428270433681
benchmark,ssvepformer,2.0,34,20260929,0.9583333333333334,0.9583333333333334,116.44369703043802
benchmark,ssvepformer,2.0,35,20260929,0.8166666666666667,0.8166666666666667,87.97494228636056
benchmark,ssvepformer,2.0,1,20260930,0.8416666666666667,0.8416666666666666,92.5143680536876
benchmark,ssvepformer,2.0,2,20260930,0.8791666666666667,0.8791666666666668,99.63657131558331
benchmark,ssvepformer,2.0,3,20260930,0.9958333333333333,0.9958333333333333,126.26307647154593
benchmark,ssvepformer,2.0,4,20260930,0.6916666666666667,0.6916666666666667,67.22453302912479
benchmark,ssvepformer,2.0,5,20260930,0.8958333333333334,0.8958333333333333,102.94318117614687
benchmark,ssvepformer,2.0,6,20260930,0.9083333333333333,0.9083333333333334,105.49018294233436
benchmark,ssvepformer,2.0,7,20260930,0.7708333333333334,0.7708333333333334,80.01922322288729
benchmark,ssvepformer,2.0,8,20260930,0.7416666666666667,0.7416666666666667,75.17547842134682
benchmark,ssvepformer,2.0,9,20260930,0.6625,0.6625000000000001,62.77676602229476
benchmark,ssvepformer,2.0,10,20260930,0.95,0.95,114.51026464387903
benchmark,ssvepformer,2.0,11,20260930,0.2625,0.2625,14.242762463348981
benchmark,ssvepformer,2.0,12,20260930,0.7375,0.7375,74.49634775837862
benchmark,ssvepformer,2.0,13,20260930,0.5625,0.5625,48.500765180319156
benchmark,ssvepformer,2.0,14,20260930,0.6916666666666667,0.6916666666666667,67.22453302912479
benchmark,ssvepformer,2.0,15,20260930,0.8208333333333333,0.8208333333333332,88.72102973009422
benchmark,ssvepformer,2.0,16,20260930,0.6666666666666666,0.6666666666666667,63.40395650909096
benchmark,ssvepformer,2.0,17,20260930,0.6458333333333334,0.6458333333333333,60.2947323612843
benchmark,ssvepformer,2.0,18,20260930,0.8291666666666667,0.8291666666666668,90.2255440531098
benchmark,ssvepformer,2.0,19,20260930,0.6625,0.6625,62.77676602229476
benchmark,ssvepformer,2.0,20,20260930,0.9416666666666667,0.9416666666666668,112.627678317749
benchmark,ssvepformer,2.0,21,20260930,0.7458333333333333,0.7458333333333333,75.85774661979634
benchmark,ssvepformer,2.0,22,20260930,0.8333333333333334,0.8333333333333334,90.9841272822872
benchmark,ssvepformer,2.0,23,20260930,0.36666666666666664,0.36666666666666664,24.63428270433681
benchmark,ssvepformer,2.0,24,20260930,0.9458333333333333,0.9458333333333334,113.56309939325851
benchmark,ssvepformer,2.0,25,20260930,0.9041666666666667,0.9041666666666668,104.63432912228541
benchmark,ssvepformer,2.0,26,20260930,0.8,0.8,85.03006934946121
benchmark,ssvepformer,2.0,27,20260930,0.8708333333333333,0.8708333333333333,98.01796752690905
benchmark,ssvepformer,2.0,28,20260930,0.8875,0.8875,101.2778251584159
benchmark,ssvepformer,2.0,29,20260930,0.4875,0.4875,38.72664832548508
benchmark,ssvepformer,2.0,30,20260930,0.925,0.925,108.98907322430873
benchmark,ssvepformer,2.0,31,20260930,0.9666666666666667,0.9666666666666666,118.43773729456214
benchmark,ssvepformer,2.0,32,20260930,1.0,1.0,127.7262742772967
benchmark,ssvepformer,2.0,33,20260930,0.36666666666666664,0.36666666666666664,24.63428270433681
benchmark,ssvepformer,2.0,34,20260930,0.9416666666666667,0.9416666666666668,112.627678317749
benchmark,ssvepformer,2.0,35,20260930,0.8375,0.8375,91.74703897538873
benchmark,ssvepformer,2.0,1,20260931,0.7916666666666666,0.7916666666666666,83.58042639554263
benchmark,ssvepformer,2.0,2,20260931,0.8958333333333334,0.8958333333333334,102.94318117614687
benchmark,ssvepformer,2.0,3,20260931,0.9916666666666667,0.9916666666666668,125.00048230564887
benchmark,ssvepformer,2.0,4,20260931,0.6791666666666667,0.6791666666666666,65.30182817477025
benchmark,ssvepformer,2.0,5,20260931,0.9416666666666667,0.9416666666666668,112.627678317749
benchmark,ssvepformer,2.0,6,20260931,0.9083333333333333,0.9083333333333334,105.49018294233436
benchmark,ssvepformer,2.0,7,20260931,0.75,0.75,76.54318597710403
benchmark,ssvepformer,2.0,8,20260931,0.75,0.75,76.54318597710403
benchmark,ssvepformer,2.0,9,20260931,0.7,0.7,68.52039671995188
benchmark,ssvepformer,2.0,10,20260931,0.9458333333333333,0.9458333333333334,113.56309939325851
benchmark,ssvepformer,2.0,11,20260931,0.2375,0.2375,12.022819498850119
benchmark,ssvepformer,2.0,12,20260931,0.7083333333333334,0.7083333333333334,69.82771148361222
benchmark,ssvepformer,2.0,13,20260931,0.6041666666666666,0.6041666666666666,54.27188898786145
benchmark,ssvepformer,2.0,14,20260931,0.7166666666666667,0.7166666666666666,71.14666599580737
benchmark,ssvepformer,2.0,15,20260931,0.8416666666666667,0.8416666666666668,92.5143680536876
benchmark,ssvepformer,2.0,16,20260931,0.6833333333333333,0.6833333333333333,65.939945097247
benchmark,ssvepformer,2.0,17,20260931,0.7333333333333333,0.7333333333333332,73.82032226999029
benchmark,ssvepformer,2.0,18,20260931,0.8166666666666667,0.8166666666666668,87.97494228636056
benchmark,ssvepformer,2.0,19,20260931,0.6666666666666666,0.6666666666666667,63.40395650909096
benchmark,ssvepformer,2.0,20,20260931,0.9458333333333333,0.9458333333333332,113.56309939325851
benchmark,ssvepformer,2.0,21,20260931,0.8,0.8,85.03006934946121
benchmark,ssvepformer,2.0,22,20260931,0.8541666666666666,0.8541666666666667,94.8438248158434
benchmark,ssvepformer,2.0,23,20260931,0.375,0.375,25.53882492416382
benchmark,ssvepformer,2.0,24,20260931,0.9458333333333333,0.9458333333333334,113.56309939325851
benchmark,ssvepformer,2.0,25,20260931,0.9041666666666667,0.9041666666666668,104.63432912228541
benchmark,ssvepformer,2.0,26,20260931,0.8083333333333333,0.8083333333333333,86.49474391221847
benchmark,ssvepformer,2.0,27,20260931,0.9291666666666667,0.9291666666666668,109.88447080897484
benchmark,ssvepformer,2.0,28,20260931,0.8958333333333334,0.8958333333333333,102.94318117614687
benchmark,ssvepformer,2.0,29,20260931,0.49166666666666664,0.4916666666666666,39.24917641330977
benchmark,ssvepformer,2.0,30,20260931,0.9041666666666667,0.9041666666666668,104.63432912228541
benchmark,ssvepformer,2.0,31,20260931,0.9791666666666666,0.9791666666666667,121.5773111649823
benchmark,ssvepformer,2.0,32,20260931,1.0,1.0,127.7262742772967
benchmark,ssvepformer,2.0,33,20260931,0.375,0.375,25.53882492416382
benchmark,ssvepformer,2.0,34,20260931,0.9541666666666667,0.9541666666666666,115.47009906986484
benchmark,ssvepformer,2.0,35,20260931,0.875,0.875,98.82452098391964
benchmark,ssvepformer,3.0,1,20260929,0.8291666666666667,0.8291666666666668,64.4468171807927
benchmark,ssvepformer,3.0,2,20260929,0.8375,0.8375,65.53359926813481
benchmark,ssvepformer,3.0,3,20260929,0.9958333333333333,0.9958333333333333,90.18791176538994
benchmark,ssvepformer,3.0,4,20260929,0.6833333333333333,0.6833333333333333,47.09996078374786
benchmark,ssvepformer,3.0,5,20260929,0.9541666666666667,0.9541666666666668,82.4786421927606
benchmark,ssvepformer,3.0,6,20260929,0.9208333333333333,0.9208333333333334,77.21596043210532
benchmark,ssvepformer,3.0,7,20260929,0.75,0.75,54.67370426936002
benchmark,ssvepformer,3.0,8,20260929,0.7583333333333333,0.7583333333333333,55.65979952617671
benchmark,ssvepformer,3.0,9,20260929,0.7583333333333333,0.7583333333333334,55.65979952617671
benchmark,ssvepformer,3.0,10,20260929,0.9666666666666667,0.9666666666666668,84.5983837818301
benchmark,ssvepformer,3.0,11,20260929,0.35833333333333334,0.3583333333333333,16.95721102096655
benchmark,ssvepformer,3.0,12,20260929,0.8208333333333333,0.8208333333333332,63.37216409292444
benchmark,ssvepformer,3.0,13,20260929,0.6833333333333333,0.6833333333333333,47.09996078374786
benchmark,ssvepformer,3.0,14,20260929,0.8041666666666667,0.8041666666666668,61.25749855442752
benchmark,ssvepformer,3.0,15,20260929,0.85,0.85,67.18761355442786
benchmark,ssvepformer,3.0,16,20260929,0.6625,0.6625,44.84054715878197
benchmark,ssvepformer,3.0,17,20260929,0.775,0.775,57.66033885652017
benchmark,ssvepformer,3.0,18,20260929,0.8291666666666667,0.8291666666666668,64.4468171807927
benchmark,ssvepformer,3.0,19,20260929,0.7458333333333333,0.7458333333333333,54.18410472842596
benchmark,ssvepformer,3.0,20,20260929,0.9625,0.9625,83.88026667408947
benchmark,ssvepformer,3.0,21,20260929,0.7083333333333334,0.7083333333333333,49.87693677400873
benchmark,ssvepformer,3.0,22,20260929,0.8583333333333333,0.8583333333333332,68.30701211341862
benchmark,ssvepformer,3.0,23,20260929,0.42916666666666664,0.4291666666666666,22.617774679161307
benchmark,ssvepformer,3.0,24,20260929,0.9583333333333334,0.9583333333333334,83.17406930745572
benchmark,ssvepformer,3.0,25,20260929,0.8666666666666667,0.8666666666666666,69.44054215690558
benchmark,ssvepformer,3.0,26,20260929,0.85,0.85,67.18761355442786
benchmark,ssvepformer,3.0,27,20260929,0.8958333333333334,0.8958333333333334,73.53084369724776
benchmark,ssvepformer,3.0,28,20260929,0.8916666666666667,0.8916666666666668,72.9338507070013
benchmark,ssvepformer,3.0,29,20260929,0.55,0.55,33.44095958419788
benchmark,ssvepformer,3.0,30,20260929,0.9541666666666667,0.9541666666666668,82.4786421927606
benchmark,ssvepformer,3.0,31,20260929,0.9875,0.9875,88.4385593329562
benchmark,ssvepformer,3.0,32,20260929,1.0,1.0,91.23305305521193
benchmark,ssvepformer,3.0,33,20260929,0.42916666666666664,0.4291666666666667,22.617774679161307
benchmark,ssvepformer,3.0,34,20260929,0.9541666666666667,0.9541666666666668,82.4786421927606
benchmark,ssvepformer,3.0,35,20260929,0.8583333333333333,0.8583333333333334,68.30701211341862
benchmark,ssvepformer,3.0,1,20260930,0.8291666666666667,0.8291666666666668,64.4468171807927
benchmark,ssvepformer,3.0,2,20260930,0.8291666666666667,0.8291666666666668,64.4468171807927
benchmark,ssvepformer,3.0,3,20260930,1.0,1.0,91.23305305521193
benchmark,ssvepformer,3.0,4,20260930,0.6625,0.6625,44.84054715878197
benchmark,ssvepformer,3.0,5,20260930,0.9208333333333333,0.9208333333333332,77.21596043210532
benchmark,ssvepformer,3.0,6,20260930,0.9125,0.9125,75.96661322584474
benchmark,ssvepformer,3.0,7,20260930,0.8,0.8,60.735763821043726
benchmark,ssvepformer,3.0,8,20260930,0.775,0.775,57.66033885652017
benchmark,ssvepformer,3.0,9,20260930,0.65,0.65,43.508044507030036
benchmark,ssvepformer,3.0,10,20260930,0.95,0.95,81.7930461741993
benchmark,ssvepformer,3.0,11,20260930,0.3541666666666667,0.35416666666666663,16.64065487803469
benchmark,ssvepformer,3.0,12,20260930,0.7666666666666667,0.7666666666666667,56.65526793716806
benchmark,ssvepformer,3.0,13,20260930,0.6,0.6,38.345427649505055
benchmark,ssvepformer,3.0,14,20260930,0.7041666666666667,0.7041666666666666,49.40900803601604
benchmark,ssvepformer,3.0,15,20260930,0.8541666666666666,0.8541666666666667,67.74558915417386
benchmark,ssvepformer,3.0,16,20260930,0.6375,0.6375,42.19253077548014
benchmark,ssvepformer,3.0,17,20260930,0.6458333333333334,0.6458333333333333,43.06766597234593
benchmark,ssvepformer,3.0,18,20260930,0.8291666666666667,0.8291666666666666,64.4468171807927
benchmark,ssvepformer,3.0,19,20260930,0.7125,0.7125000000000001,50.34694387775784
benchmark,ssvepformer,3.0,20,20260930,0.9333333333333333,0.9333333333333333,79.13500477614501
benchmark,ssvepformer,3.0,21,20260930,0.7166666666666667,0.7166666666666667,50.819047139862406
benchmark,ssvepformer,3.0,22,20260930,0.85,0.85,67.18761355442786
benchmark,ssvepformer,3.0,23,20260930,0.36666666666666664,0.3666666666666667,17.595916217383436
benchmark,ssvepformer,3.0,24,20260930,0.9541666666666667,0.9541666666666668,82.4786421927606
benchmark,ssvepformer,3.0,25,20260930,0.8833333333333333,0.8833333333333332,71.75305799169935
benchmark,ssvepformer,3.0,26,20260930,0.825,0.825,63.90800351194134
benchmark,ssvepformer,3.0,27,20260930,0.8708333333333333,0.8708333333333333,70.01283394779217
benchmark,ssvepformer,3.0,28,20260930,0.8416666666666667,0.8416666666666668,66.08169146691971
benchmark,ssvepformer,3.0,29,20260930,0.5541666666666667,0.5541666666666666,33.84003527680307
benchmark,ssvepformer,3.0,30,20260930,0.9291666666666667,0.9291666666666666,78.4889077206963
benchmark,ssvepformer,3.0,31,20260930,0.9666666666666667,0.9666666666666666,84.5983837818301
benchmark,ssvepformer,3.0,32,20260930,1.0,1.0,91.23305305521193
benchmark,ssvepformer,3.0,33,20260930,0.39166666666666666,0.3916666666666666,19.55614382337247
benchmark,ssvepformer,3.0,34,20260930,0.9375,0.9375,79.78800667871073
benchmark,ssvepformer,3.0,35,20260930,0.85,0.85,67.18761355442786
benchmark,ssvepformer,3.0,1,20260931,0.8041666666666667,0.8041666666666668,61.25749855442752
benchmark,ssvepformer,3.0,2,20260931,0.9041666666666667,0.9041666666666668,74.73880651591814
benchmark,ssvepformer,3.0,3,20260931,0.9958333333333333,0.9958333333333333,90.18791176538994
benchmark,ssvepformer,3.0,4,20260931,0.7,0.7,48.94314051425134
benchmark,ssvepformer,3.0,5,20260931,0.9416666666666667,0.9416666666666668,80.448341655535
benchmark,ssvepformer,3.0,6,20260931,0.925,0.925,77.84933801736338
benchmark,ssvepformer,3.0,7,20260931,0.7916666666666666,0.7916666666666667,59.70030456824474
benchmark,ssvepformer,3.0,8,20260931,0.775,0.775,57.66033885652017
benchmark,ssvepformer,3.0,9,20260931,0.7,0.7,48.94314051425134
benchmark,ssvepformer,3.0,10,20260931,0.9458333333333333,0.9458333333333334,81.11649956661323
benchmark,ssvepformer,3.0,11,20260931,0.325,0.32499999999999996,14.47792242212877
benchmark,ssvepformer,3.0,12,20260931,0.7666666666666667,0.7666666666666666,56.65526793716806
benchmark,ssvepformer,3.0,13,20260931,0.6708333333333333,0.6708333333333334,45.73846578708924
benchmark,ssvepformer,3.0,14,20260931,0.7458333333333333,0.7458333333333333,54.18410472842596
benchmark,ssvepformer,3.0,15,20260931,0.8833333333333333,0.8833333333333334,71.75305799169935
benchmark,ssvepformer,3.0,16,20260931,0.6375,0.6375,42.19253077548014
benchmark,ssvepformer,3.0,17,20260931,0.7166666666666667,0.7166666666666666,50.819047139862406
benchmark,ssvepformer,3.0,18,20260931,0.825,0.825,63.90800351194134
benchmark,ssvepformer,3.0,19,20260931,0.725,0.725,51.76961668123935
benchmark,ssvepformer,3.0,20,20260931,0.9583333333333334,0.9583333333333334,83.17406930745572
benchmark,ssvepformer,3.0,21,20260931,0.8,0.8,60.735763821043726
benchmark,ssvepformer,3.0,22,20260931,0.8666666666666667,0.8666666666666666,69.44054215690558
benchmark,ssvepformer,3.0,23,20260931,0.39166666666666666,0.39166666666666666,19.55614382337247
benchmark,ssvepformer,3.0,24,20260931,0.9625,0.9625,83.88026667408947
benchmark,ssvepformer,3.0,25,20260931,0.9125,0.9125,75.96661322584474
benchmark,ssvepformer,3.0,26,20260931,0.8166666666666667,0.8166666666666667,62.83924449025754
benchmark,ssvepformer,3.0,27,20260931,0.9083333333333333,0.9083333333333334,75.35013067309596
benchmark,ssvepformer,3.0,28,20260931,0.875,0.875,70.58894355994259
benchmark,ssvepformer,3.0,29,20260931,0.5708333333333333,0.5708333333333333,35.45375149639818
benchmark,ssvepformer,3.0,30,20260931,0.9333333333333333,0.9333333333333333,79.13500477614501
benchmark,ssvepformer,3.0,31,20260931,0.9833333333333333,0.9833333333333332,87.62651075720485
benchmark,ssvepformer,3.0,32,20260931,1.0,1.0,91.23305305521193
benchmark,ssvepformer,3.0,33,20260931,0.3958333333333333,0.39583333333333337,19.88919849539301
benchmark,ssvepformer,3.0,34,20260931,0.9666666666666667,0.9666666666666666,84.5983837818301
benchmark,ssvepformer,3.0,35,20260931,0.9041666666666667,0.9041666666666668,74.73880651591814
benchmark,ssvepformer,5.0,1,20260929,0.8,0.8,38.65003152248237
benchmark,ssvepformer,5.0,2,20260929,0.8041666666666667,0.8041666666666668,38.9820445346357
benchmark,ssvepformer,5.0,3,20260929,0.9916666666666667,0.9916666666666668,56.81840104802222
benchmark,ssvepformer,5.0,4,20260929,0.6833333333333333,0.6833333333333333,29.972702316930455
benchmark,ssvepformer,5.0,5,20260929,0.9541666666666667,0.9541666666666668,52.48640866812038
benchmark,ssvepformer,5.0,6,20260929,0.9,0.9,47.17518850267481
benchmark,ssvepformer,5.0,7,20260929,0.775,0.775,36.692942908694654
benchmark,ssvepformer,5.0,8,20260929,0.6416666666666667,0.6416666666666667,27.127650235280203
benchmark,ssvepformer,5.0,9,20260929,0.775,0.775,36.692942908694654
benchmark,ssvepformer,5.0,10,20260929,0.9583333333333334,0.9583333333333334,52.92895319565364
benchmark,ssvepformer,5.0,11,20260929,0.43333333333333335,0.4333333333333334,14.615226143562573
benchmark,ssvepformer,5.0,12,20260929,0.8125,0.8125,39.65130456791504
benchmark,ssvepformer,5.0,13,20260929,0.6541666666666667,0.6541666666666666,27.968379365415277
benchmark,ssvepformer,5.0,14,20260929,0.8208333333333333,0.8208333333333334,40.327740786406466
benchmark,ssvepformer,5.0,15,20260929,0.8083333333333333,0.8083333333333333,39.31579268737203
benchmark,ssvepformer,5.0,16,20260929,0.6416666666666667,0.6416666666666667,27.127650235280203
benchmark,ssvepformer,5.0,17,20260929,0.8083333333333333,0.8083333333333332,39.31579268737203
benchmark,ssvepformer,5.0,18,20260929,0.8541666666666666,0.8541666666666667,43.110829461747
benchmark,ssvepformer,5.0,19,20260929,0.7583333333333333,0.7583333333333334,35.41987242574882
benchmark,ssvepformer,5.0,20,20260929,0.9708333333333333,0.9708333333333334,54.30082002062442
benchmark,ssvepformer,5.0,21,20260929,0.675,0.675,29.393850013374177
benchmark,ssvepformer,5.0,22,20260929,0.8833333333333333,0.8833333333333334,45.66103690380867
benchmark,ssvepformer,5.0,23,20260929,0.4583333333333333,0.45833333333333337,15.971095252556449
benchmark,ssvepformer,5.0,24,20260929,0.9458333333333333,0.9458333333333332,51.619590633299325
benchmark,ssvepformer,5.0,25,20260929,0.8541666666666666,0.8541666666666667,43.110829461747
benchmark,ssvepformer,5.0,26,20260929,0.8458333333333333,0.8458333333333332,42.40282197481279
benchmark,ssvepformer,5.0,27,20260929,0.9,0.9,47.17518850267481
benchmark,ssvepformer,5.0,28,20260929,0.8708333333333333,0.8708333333333333,44.55362160314048
benchmark,ssvepformer,5.0,29,20260929,0.5666666666666667,0.5666666666666667,22.303083916453115
benchmark,ssvepformer,5.0,30,20260929,0.9333333333333333,0.9333333333333333,50.35863940300137
benchmark,ssvepformer,5.0,31,20260929,0.9666666666666667,0.9666666666666668,53.83533513389188
benchmark,ssvepformer,5.0,32,20260929,1.0,1.0,58.05739739877122
benchmark,ssvepformer,5.0,33,20260929,0.42083333333333334,0.4208333333333334,13.952284557798588
benchmark,ssvepformer,5.0,34,20260929,0.9291666666666667,0.9291666666666668,49.9474867313522
benchmark,ssvepformer,5.0,35,20260929,0.875,0.875,44.92023681087256
benchmark,ssvepformer,5.0,1,20260930,0.775,0.775,36.692942908694654
benchmark,ssvepformer,5.0,2,20260930,0.8083333333333333,0.8083333333333333,39.31579268737203
benchmark,ssvepformer,5.0,3,20260930,0.9958333333333333,0.9958333333333333,57.392307487066326
benchmark,ssvepformer,5.0,4,20260930,0.625,0.625,26.023290107880587
benchmark,ssvepformer,5.0,5,20260930,0.9333333333333333,0.9333333333333333,50.35863940300137
benchmark,ssvepformer,5.0,6,20260930,0.8875,0.8875,46.03537507200723
benchmark,ssvepformer,5.0,7,20260930,0.8541666666666666,0.8541666666666666,43.110829461747
benchmark,ssvepformer,5.0,8,20260930,0.7041666666666667,0.7041666666666666,31.4420960229193
benchmark,ssvepformer,5.0,9,20260930,0.7,0.7,31.145634872705397
benchmark,ssvepformer,5.0,10,20260930,0.9583333333333334,0.9583333333333334,52.92895319565364
benchmark,ssvepformer,5.0,11,20260930,0.4041666666666667,0.4041666666666666,13.084074062776455
benchmark,ssvepformer,5.0,12,20260930,0.7916666666666666,0.7916666666666666,37.991102907064835
benchmark,ssvepformer,5.0,13,20260930,0.6333333333333333,0.6333333333333333,26.57311677502509
benchmark,ssvepformer,5.0,14,20260930,0.6791666666666667,0.6791666666666666,29.682649170350114
benchmark,ssvepformer,5.0,15,20260930,0.8166666666666667,0.8166666666666668,39.98861013016389
benchmark,ssvepformer,5.0,16,20260930,0.6,0.6,24.401635776957765
benchmark,ssvepformer,5.0,17,20260930,0.6333333333333333,0.6333333333333333,26.57311677502509
benchmark,ssvepformer,5.0,18,20260930,0.8583333333333333,0.8583333333333332,43.468098617630034
benchmark,ssvepformer,5.0,19,20260930,0.7375,0.7375,33.861976253808464
benchmark,ssvepformer,5.0,20,20260930,0.95,0.95,52.05012029267229
benchmark,ssvepformer,5.0,21,20260930,0.6916666666666667,0.6916666666666667,30.55660592232945
benchmark,ssvepformer,5.0,22,20260930,0.8541666666666666,0.8541666666666667,43.110829461747
benchmark,ssvepformer,5.0,23,20260930,0.37083333333333335,0.3708333333333334,11.40239344421906
benchmark,ssvepformer,5.0,24,20260930,0.9541666666666667,0.9541666666666668,52.48640866812038
benchmark,ssvepformer,5.0,25,20260930,0.8833333333333333,0.8833333333333332,45.66103690380867
benchmark,ssvepformer,5.0,26,20260930,0.7833333333333333,0.7833333333333333,37.33880245021901
benchmark,ssvepformer,5.0,27,20260930,0.8416666666666667,0.8416666666666668,42.05198547894891
benchmark,ssvepformer,5.0,28,20260930,0.8083333333333333,0.8083333333333333,39.31579268737203
benchmark,ssvepformer,5.0,29,20260930,0.5958333333333333,0.5958333333333334,24.135369611306615
benchmark,ssvepformer,5.0,30,20260930,0.9583333333333334,0.9583333333333333,52.92895319565364
benchmark,ssvepformer,5.0,31,20260930,0.975,0.975,54.77598663184512
benchmark,ssvepformer,5.0,32,20260930,1.0,1.0,58.05739739877122
benchmark,ssvepformer,5.0,33,20260930,0.4,0.4,12.869849117621955
benchmark,ssvepformer,5.0,34,20260930,0.9458333333333333,0.9458333333333334,51.619590633299325
benchmark,ssvepformer,5.0,35,20260930,0.8833333333333333,0.8833333333333334,45.66103690380867
benchmark,ssvepformer,5.0,1,20260931,0.7833333333333333,0.7833333333333334,37.33880245021901
benchmark,ssvepformer,5.0,2,20260931,0.9166666666666666,0.9166666666666667,48.738120651038635
benchmark,ssvepformer,5.0,3,20260931,0.9875,0.9875,56.27908321188122
benchmark,ssvepformer,5.0,4,20260931,0.7125,0.7125,32.0389642858459
benchmark,ssvepformer,5.0,5,20260931,0.9458333333333333,0.9458333333333334,51.619590633299325
benchmark,ssvepformer,5.0,6,20260931,0.9,0.9,47.17518850267481
benchmark,ssvepformer,5.0,7,20260931,0.8083333333333333,0.8083333333333332,39.31579268737203
benchmark,ssvepformer,5.0,8,20260931,0.7708333333333334,0.7708333333333334,36.37237419222149
benchmark,ssvepformer,5.0,9,20260931,0.75,0.75,34.79235726232002
benchmark,ssvepformer,5.0,10,20260931,0.9458333333333333,0.9458333333333334,51.619590633299325
benchmark,ssvepformer,5.0,11,20260931,0.4,0.4,12.869849117621955
benchmark,ssvepformer,5.0,12,20260931,0.7416666666666667,0.7416666666666666,34.170672009703104
benchmark,ssvepformer,5.0,13,20260931,0.6958333333333333,0.6958333333333333,30.85047488597211
benchmark,ssvepformer,5.0,14,20260931,0.7458333333333333,0.7458333333333333,34.48079391808925
benchmark,ssvepformer,5.0,15,20260931,0.8875,0.8875,46.03537507200723
benchmark,ssvepformer,5.0,16,20260931,0.6083333333333333,0.6083333333333333,24.937587677638707
benchmark,ssvepformer,5.0,17,20260931,0.75,0.75,34.79235726232002
benchmark,ssvepformer,5.0,18,20260931,0.8375,0.8375,41.703199534267604
benchmark,ssvepformer,5.0,19,20260931,0.7333333333333333,0.7333333333333334,33.554691940904675
benchmark,ssvepformer,5.0,20,20260931,0.9541666666666667,0.9541666666666668,52.48640866812038
benchmark,ssvepformer,5.0,21,20260931,0.7916666666666666,0.7916666666666667,37.991102907064835
benchmark,ssvepformer,5.0,22,20260931,0.875,0.875,44.92023681087256
benchmark,ssvepformer,5.0,23,20260931,0.38333333333333336,0.3833333333333333,12.02437588661998
benchmark,ssvepformer,5.0,24,20260931,0.9625,0.9625,53.37835151987511
benchmark,ssvepformer,5.0,25,20260931,0.9,0.9,47.17518850267481
benchmark,ssvepformer,5.0,26,20260931,0.7916666666666666,0.7916666666666666,37.991102907064835
benchmark,ssvepformer,5.0,27,20260931,0.8958333333333334,0.8958333333333334,46.792355080066756
benchmark,ssvepformer,5.0,28,20260931,0.8583333333333333,0.8583333333333332,43.468098617630034
benchmark,ssvepformer,5.0,29,20260931,0.5875,0.5875,23.606237556166878
benchmark,ssvepformer,5.0,30,20260931,0.9333333333333333,0.9333333333333332,50.35863940300137
benchmark,ssvepformer,5.0,31,20260931,0.9541666666666667,0.9541666666666668,52.48640866812038
benchmark,ssvepformer,5.0,32,20260931,1.0,1.0,58.05739739877122
benchmark,ssvepformer,5.0,33,20260931,0.45,0.45,15.51471731482164
benchmark,ssvepformer,5.0,34,20260931,0.9541666666666667,0.9541666666666668,52.48640866812038
benchmark,ssvepformer,5.0,35,20260931,0.9125,0.9125,48.34239023462847
beta,harmonic_fold,0.4,1,20260929,0.48125,0.48125,105.40935511238982
beta,harmonic_fold,0.4,2,20260929,0.54375,0.54375,127.73288123339022
beta,harmonic_fold,0.4,3,20260929,0.475,0.475,103.25973672945814
beta,harmonic_fold,0.4,4,20260929,0.20625,0.20625,26.159116401411886
beta,harmonic_fold,0.4,5,20260929,0.14375,0.14375,13.488423487823079
beta,harmonic_fold,0.4,6,20260929,0.23125,0.23125,31.90607740205884
beta,harmonic_fold,0.4,7,20260929,0.15,0.15,14.633060275870058
beta,harmonic_fold,0.4,8,20260929,0.1625,0.1625,17.00978619394527
beta,harmonic_fold,0.4,9,20260929,0.475,0.475,103.25973672945814
beta,harmonic_fold,0.4,10,20260929,0.25625,0.25625,37.99170082432468
beta,harmonic_fold,0.4,11,20260929,0.075,0.075,3.2412998875523513
beta,harmonic_fold,0.4,12,20260929,0.45,0.45,94.81216136835447
beta,harmonic_fold,0.4,13,20260929,0.39375,0.39375,76.69840235125336
beta,harmonic_fold,0.4,14,20260929,0.09375,0.09375,5.544523021361354
beta,harmonic_fold,0.4,15,20260929,0.225,0.225,30.436569750407056
beta,harmonic_fold,0.4,16,20260929,0.3,0.3,49.390376163539784
beta,harmonic_fold,0.4,17,20260929,0.075,0.075,3.2412998875523513
beta,harmonic_fold,0.4,18,20260929,0.4875,0.4875,107.57402312634744
beta,harmonic_fold,0.4,19,20260929,0.43125,0.43125,88.63579077471272
beta,harmonic_fold,0.4,20,20260929,0.1125,0.1125,8.248177465494658
beta,harmonic_fold,0.4,21,20260929,0.375,0.375,70.9411803448995
beta,harmonic_fold,0.4,22,20260929,0.31875,0.31875,54.54872582718589
beta,harmonic_fold,0.4,23,20260929,0.30625,0.30625,51.09220718033225
beta,harmonic_fold,0.4,24,20260929,0.23125,0.23125,31.90607740205884
beta,harmonic_fold,0.4,25,20260929,0.10625,0.10625,7.306646734693345
beta,harmonic_fold,0.4,26,20260929,0.2375,0.2375,33.396720830139216
beta,harmonic_fold,0.4,27,20260929,0.44375,0.44375,92.73813473420908
beta,harmonic_fold,0.4,28,20260929,0.4,0.4,78.64907794102307
beta,harmonic_fold,0.4,29,20260929,0.25625,0.25625,37.99170082432468
beta,harmonic_fold,0.4,30,20260929,0.30625,0.30625,51.09220718033225
beta,harmonic_fold,0.4,31,20260929,0.1625,0.1625,17.00978619394527
beta,harmonic_fold,0.4,32,20260929,0.04375,0.04375,0.568868708522885
beta,harmonic_fold,0.4,33,20260929,0.16875,0.16875,18.240013071413646
beta,harmonic_fold,0.4,34,20260929,0.34375,0.34375,61.66805442427628
beta,harmonic_fold,0.4,35,20260929,0.19375,0.19375,23.421464724317847
beta,harmonic_fold,0.4,36,20260929,0.5,0.5,111.94846569708254
beta,harmonic_fold,0.4,37,20260929,0.5375,0.5375,125.4327307354651
beta,harmonic_fold,0.4,38,20260929,0.15,0.15,14.633060275870058
beta,harmonic_fold,0.4,39,20260929,0.325,0.325,56.30303164161188
beta,harmonic_fold,0.4,40,20260929,0.225,0.225,30.436569750407056
beta,harmonic_fold,0.4,41,20260929,0.0875,0.0875,4.728596063083638
beta,harmonic_fold,0.4,42,20260929,0.25625,0.25625,37.99170082432468
beta,harmonic_fold,0.4,43,20260929,0.2375,0.2375,33.396720830139216
beta,harmonic_fold,0.4,44,20260929,0.175,0.175,19.49702861796337
beta,harmonic_fold,0.4,45,20260929,0.1125,0.1125,8.248177465494658
beta,harmonic_fold,0.4,46,20260929,0.1875,0.1875,22.088435462442686
beta,harmonic_fold,0.4,47,20260929,0.125,0.125,10.242447345553293
beta,harmonic_fold,0.4,48,20260929,0.15625,0.15625,15.807171166594536
beta,harmonic_fold,0.4,49,20260929,0.4125,0.4125,82.59731473429352
beta,harmonic_fold,0.4,50,20260929,0.1875,0.1875,22.088435462442686
beta,harmonic_fold,0.4,51,20260929,0.2625,0.2625,39.563229064858284
beta,harmonic_fold,0.4,52,20260929,0.33125,0.33125,58.07446425771327
beta,harmonic_fold,0.4,53,20260929,0.3375,0.3375,59.862857542136744
beta,harmonic_fold,0.4,54,20260929,0.26875,0.26875,41.154165431902356
beta,harmonic_fold,0.4,55,20260929,0.1375,0.1375,12.374318517674016
beta,harmonic_fold,0.4,56,20260929,0.31875,0.31875,54.54872582718589
beta,harmonic_fold,0.4,57,20260929,0.275,0.275,42.76422052784111
beta,harmonic_fold,0.4,58,20260929,0.23125,0.23125,31.90607740205884
beta,harmonic_fold,0.4,59,20260929,0.09375,0.09375,5.544523021361354
beta,harmonic_fold,0.4,60,20260929,0.225,0.225,30.436569750407056
beta,harmonic_fold,0.4,61,20260929,0.13125,0.13125,11.291902735445447
beta,harmonic_fold,0.4,62,20260929,0.425,0.425,86.60757042789227
beta,harmonic_fold,0.4,63,20260929,0.51875,0.51875,118.62286065954547
beta,harmonic_fold,0.4,64,20260929,0.35,0.35,63.48990648342732
beta,harmonic_fold,0.4,65,20260929,0.10625,0.10625,7.306646734693345
beta,harmonic_fold,0.4,66,20260929,0.51875,0.51875,118.62286065954547
beta,harmonic_fold,0.4,67,20260929,0.44375,0.44375,92.73813473420908
beta,harmonic_fold,0.4,68,20260929,0.125,0.125,10.242447345553293
beta,harmonic_fold,0.4,69,20260929,0.1,0.1,6.40470028813714
beta,harmonic_fold,0.4,70,20260929,0.31875,0.31875,54.54872582718589
beta,harmonic_fold,0.4,1,20260930,0.45,0.45,94.81216136835447
beta,harmonic_fold,0.4,2,20260930,0.49375,0.49375,109.75372900491817
beta,harmonic_fold,0.4,3,20260930,0.475,0.475,103.25973672945814
beta,harmonic_fold,0.4,4,20260930,0.2375,0.2375,33.396720830139216
beta,harmonic_fold,0.4,5,20260930,0.2125,0.2125,27.562636411190766
beta,harmonic_fold,0.4,6,20260930,0.18125,0.18125,20.780071412146306
beta,harmonic_fold,0.4,7,20260930,0.1,0.1,6.40470028813714
beta,harmonic_fold,0.4,8,20260930,0.2625,0.2625,39.563229064858284
beta,harmonic_fold,0.4,9,20260930,0.54375,0.54375,127.73288123339022
beta,harmonic_fold,0.4,10,20260930,0.31875,0.31875,54.54872582718589
beta,harmonic_fold,0.4,11,20260930,0.1,0.1,6.40470028813714
beta,harmonic_fold,0.4,12,20260930,0.51875,0.51875,118.62286065954547
beta,harmonic_fold,0.4,13,20260930,0.4125,0.4125,82.59731473429352
beta,harmonic_fold,0.4,14,20260930,0.11875,0.11875,9.227354410033803
beta,harmonic_fold,0.4,15,20260930,0.29375,0.29375,47.706436687637975
beta,harmonic_fold,0.4,16,20260930,0.28125,0.28125,44.39312084345003
beta,harmonic_fold,0.4,17,20260930,0.09375,0.09375,5.544523021361354
beta,harmonic_fold,0.4,18,20260930,0.54375,0.54375,127.73288123339022
beta,harmonic_fold,0.4,19,20260930,0.4,0.4,78.64907794102307
beta,harmonic_fold,0.4,20,20260930,0.125,0.125,10.242447345553293
beta,harmonic_fold,0.4,21,20260930,0.41875,0.41875,84.59472451647027
beta,harmonic_fold,0.4,22,20260930,0.34375,0.34375,61.66805442427628
beta,harmonic_fold,0.4,23,20260930,0.2875,0.2875,46.04060776796116
beta,harmonic_fold,0.4,24,20260930,0.21875,0.21875,28.988609924189035
beta,harmonic_fold,0.4,25,20260930,0.1375,0.1375,12.374318517674016
beta,harmonic_fold,0.4,26,20260930,0.2,0.2,24.778548327346723
beta,harmonic_fold,0.4,27,20260930,0.39375,0.39375,76.69840235125336
beta,harmonic_fold,0.4,28,20260930,0.3625,0.3625,67.18302344772603
beta,harmonic_fold,0.4,29,20260930,0.26875,0.26875,41.154165431902356
beta,harmonic_fold,0.4,30,20260930,0.34375,0.34375,61.66805442427628
beta,harmonic_fold,0.4,31,20260930,0.2,0.2,24.778548327346723
beta,harmonic_fold,0.4,32,20260930,0.08125,0.08125,3.959760355845532
beta,harmonic_fold,0.4,33,20260930,0.18125,0.18125,20.780071412146306
beta,harmonic_fold,0.4,34,20260930,0.375,0.375,70.9411803448995
beta,harmonic_fold,0.4,35,20260930,0.33125,0.33125,58.07446425771327
beta,harmonic_fold,0.4,36,20260930,0.5,0.5,111.94846569708254
beta,harmonic_fold,0.4,37,20260930,0.575,0.575,139.4615926165147
beta,harmonic_fold,0.4,38,20260930,0.125,0.125,10.242447345553293
beta,harmonic_fold,0.4,39,20260930,0.33125,0.33125,58.07446425771327
beta,harmonic_fold,0.4,40,20260930,0.18125,0.18125,20.780071412146306
beta,harmonic_fold,0.4,41,20260930,0.15,0.15,14.633060275870058
beta,harmonic_fold,0.4,42,20260930,0.2375,0.2375,33.396720830139216
beta,harmonic_fold,0.4,43,20260930,0.2375,0.2375,33.396720830139216
beta,harmonic_fold,0.4,44,20260930,0.1875,0.1875,22.088435462442686
beta,harmonic_fold,0.4,45,20260930,0.1875,0.1875,22.088435462442686
beta,harmonic_fold,0.4,46,20260930,0.2125,0.2125,27.562636411190766
beta,harmonic_fold,0.4,47,20260930,0.125,0.125,10.242447345553293
beta,harmonic_fold,0.4,48,20260930,0.1375,0.1375,12.374318517674016
beta,harmonic_fold,0.4,49,20260930,0.30625,0.30625,51.09220718033225
beta,harmonic_fold,0.4,50,20260930,0.15625,0.15625,15.807171166594536
beta,harmonic_fold,0.4,51,20260930,0.29375,0.29375,47.706436687637975
beta,harmonic_fold,0.4,52,20260930,0.4,0.4,78.64907794102307
beta,harmonic_fold,0.4,53,20260930,0.38125,0.38125,72.84435971327285
beta,harmonic_fold,0.4,54,20260930,0.21875,0.21875,28.988609924189035
beta,harmonic_fold,0.4,55,20260930,0.1625,0.1625,17.00978619394527
beta,harmonic_fold,0.4,56,20260930,0.34375,0.34375,61.66805442427628
beta,harmonic_fold,0.4,57,20260930,0.29375,0.29375,47.706436687637975
beta,harmonic_fold,0.4,58,20260930,0.2125,0.2125,27.562636411190766
beta,harmonic_fold,0.4,59,20260930,0.1375,0.1375,12.374318517674016
beta,harmonic_fold,0.4,60,20260930,0.2,0.2,24.778548327346723
beta,harmonic_fold,0.4,61,20260930,0.11875,0.11875,9.227354410033803
beta,harmonic_fold,0.4,62,20260930,0.45625,0.45625,96.90136829002712
beta,harmonic_fold,0.4,63,20260930,0.6,0.6,149.121107525853
beta,harmonic_fold,0.4,64,20260930,0.375,0.375,70.9411803448995
beta,harmonic_fold,0.4,65,20260930,0.125,0.125,10.242447345553293
beta,harmonic_fold,0.4,66,20260930,0.5,0.5,111.94846569708254
beta,harmonic_fold,0.4,67,20260930,0.50625,0.50625,114.15823085397003
beta,harmonic_fold,0.4,68,20260930,0.0875,0.0875,4.728596063083638
beta,harmonic_fold,0.4,69,20260930,0.05,0.05,0.9599353234847285
beta,harmonic_fold,0.4,70,20260930,0.3625,0.3625,67.18302344772603
beta,harmonic_fold,0.4,1,20260931,0.43125,0.43125,88.63579077471272
beta,harmonic_fold,0.4,2,20260931,0.51875,0.51875,118.62286065954547
beta,harmonic_fold,0.4,3,20260931,0.45,0.45,94.81216136835447
beta,harmonic_fold,0.4,4,20260931,0.25625,0.25625,37.99170082432468
beta,harmonic_fold,0.4,5,20260931,0.1625,0.1625,17.00978619394527
beta,harmonic_fold,0.4,6,20260931,0.2,0.2,24.778548327346723
beta,harmonic_fold,0.4,7,20260931,0.10625,0.10625,7.306646734693345
beta,harmonic_fold,0.4,8,20260931,0.25625,0.25625,37.99170082432468
beta,harmonic_fold,0.4,9,20260931,0.56875,0.56875,137.08531111428334
beta,harmonic_fold,0.4,10,20260931,0.28125,0.28125,44.39312084345003
beta,harmonic_fold,0.4,11,20260931,0.0625,0.0625,1.9715632057993795
beta,harmonic_fold,0.4,12,20260931,0.46875,0.46875,101.12518448150198
beta,harmonic_fold,0.4,13,20260931,0.425,0.425,86.60757042789227
beta,harmonic_fold,0.4,14,20260931,0.13125,0.13125,11.291902735445447
beta,harmonic_fold,0.4,15,20260931,0.34375,0.34375,61.66805442427628
beta,harmonic_fold,0.4,16,20260931,0.275,0.275,42.76422052784111
beta,harmonic_fold,0.4,17,20260931,0.13125,0.13125,11.291902735445447
beta,harmonic_fold,0.4,18,20260931,0.50625,0.50625,114.15823085397003
beta,harmonic_fold,0.4,19,20260931,0.4,0.4,78.64907794102307
beta,harmonic_fold,0.4,20,20260931,0.1125,0.1125,8.248177465494658
beta,harmonic_fold,0.4,21,20260931,0.34375,0.34375,61.66805442427628
beta,harmonic_fold,0.4,22,20260931,0.2875,0.2875,46.04060776796116
beta,harmonic_fold,0.4,23,20260931,0.2125,0.2125,27.562636411190766
beta,harmonic_fold,0.4,24,20260931,0.175,0.175,19.49702861796337
beta,harmonic_fold,0.4,25,20260931,0.08125,0.08125,3.959760355845532
beta,harmonic_fold,0.4,26,20260931,0.2,0.2,24.778548327346723
beta,harmonic_fold,0.4,27,20260931,0.375,0.375,70.9411803448995
beta,harmonic_fold,0.4,28,20260931,0.325,0.325,56.30303164161188
beta,harmonic_fold,0.4,29,20260931,0.28125,0.28125,44.39312084345003
beta,harmonic_fold,0.4,30,20260931,0.3375,0.3375,59.862857542136744
beta,harmonic_fold,0.4,31,20260931,0.1875,0.1875,22.088435462442686
beta,harmonic_fold,0.4,32,20260931,0.0375,0.0375,0.26790023606479235
beta,harmonic_fold,0.4,33,20260931,0.15,0.15,14.633060275870058
beta,harmonic_fold,0.4,34,20260931,0.40625,0.40625,80.61540826932332
beta,harmonic_fold,0.4,35,20260931,0.3125,0.3125,52.811722459000634
beta,harmonic_fold,0.4,36,20260931,0.53125,0.53125,123.14769372676132
beta,harmonic_fold,0.4,37,20260931,0.5125,0.5125,116.3830268244512
beta,harmonic_fold,0.4,38,20260931,0.125,0.125,10.242447345553293
beta,harmonic_fold,0.4,39,20260931,0.2625,0.2625,39.563229064858284
beta,harmonic_fold,0.4,40,20260931,0.1875,0.1875,22.088435462442686
beta,harmonic_fold,0.4,41,20260931,0.16875,0.16875,18.240013071413646
beta,harmonic_fold,0.4,42,20260931,0.1875,0.1875,22.088435462442686
beta,harmonic_fold,0.4,43,20260931,0.1625,0.1625,17.00978619394527
beta,harmonic_fold,0.4,44,20260931,0.175,0.175,19.49702861796337
beta,harmonic_fold,0.4,45,20260931,0.1125,0.1125,8.248177465494658
beta,harmonic_fold,0.4,46,20260931,0.26875,0.26875,41.154165431902356
beta,harmonic_fold,0.4,47,20260931,0.09375,0.09375,5.544523021361354
beta,harmonic_fold,0.4,48,20260931,0.15625,0.15625,15.807171166594536
beta,harmonic_fold,0.4,49,20260931,0.3,0.3,49.390376163539784
beta,harmonic_fold,0.4,50,20260931,0.2125,0.2125,27.562636411190766
beta,harmonic_fold,0.4,51,20260931,0.28125,0.28125,44.39312084345003
beta,harmonic_fold,0.4,52,20260931,0.4,0.4,78.64907794102307
beta,harmonic_fold,0.4,53,20260931,0.4125,0.4125,82.59731473429352
beta,harmonic_fold,0.4,54,20260931,0.30625,0.30625,51.09220718033225
beta,harmonic_fold,0.4,55,20260931,0.14375,0.14375,13.488423487823079
beta,harmonic_fold,0.4,56,20260931,0.325,0.325,56.30303164161188
beta,harmonic_fold,0.4,57,20260931,0.25625,0.25625,37.99170082432468
beta,harmonic_fold,0.4,58,20260931,0.18125,0.18125,20.780071412146306
beta,harmonic_fold,0.4,59,20260931,0.0875,0.0875,4.728596063083638
beta,harmonic_fold,0.4,60,20260931,0.21875,0.21875,28.988609924189035
beta,harmonic_fold,0.4,61,20260931,0.1,0.1,6.40470028813714
beta,harmonic_fold,0.4,62,20260931,0.4125,0.4125,82.59731473429352
beta,harmonic_fold,0.4,63,20260931,0.58125,0.58125,141.85324855414464
beta,harmonic_fold,0.4,64,20260931,0.30625,0.30625,51.09220718033225
beta,harmonic_fold,0.4,65,20260931,0.09375,0.09375,5.544523021361354
beta,harmonic_fold,0.4,66,20260931,0.4625,0.4625,99.00571964115393
beta,harmonic_fold,0.4,67,20260931,0.49375,0.49375,109.75372900491817
beta,harmonic_fold,0.4,68,20260931,0.075,0.075,3.2412998875523513
beta,harmonic_fold,0.4,69,20260931,0.05625,0.05625,1.4302940011951055
beta,harmonic_fold,0.4,70,20260931,0.38125,0.38125,72.84435971327285
beta,harmonic_fold,0.6,1,20260929,0.61875,0.61875,128.06991396430237
beta,harmonic_fold,0.6,2,20260929,0.7625,0.7625,178.67928967389642
beta,harmonic_fold,0.6,3,20260929,0.6375,0.6375,134.24896155834588
beta,harmonic_fold,0.6,4,20260929,0.51875,0.51875,97.05506781235538
beta,harmonic_fold,0.6,5,20260929,0.36875,0.36875,56.49875303358847
beta,harmonic_fold,0.6,6,20260929,0.38125,0.38125,59.599930674495965
beta,harmonic_fold,0.6,7,20260929,0.20625,0.20625,21.402913419336997
beta,harmonic_fold,0.6,8,20260929,0.3,0.3,40.41030777016891
beta,harmonic_fold,0.6,9,20260929,0.74375,0.74375,171.6277687669209
beta,harmonic_fold,0.6,10,20260929,0.44375,0.44375,75.87665569162561
beta,harmonic_fold,0.6,11,20260929,0.19375,0.19375,19.16301659262369
beta,harmonic_fold,0.6,12,20260929,0.68125,0.68125,149.1375922770193
beta,harmonic_fold,0.6,13,20260929,0.64375,0.64375,136.33512226094783
beta,harmonic_fold,0.6,14,20260929,0.20625,0.20625,21.402913419336997
beta,harmonic_fold,0.6,15,20260929,0.40625,0.40625,65.95806131126453
beta,harmonic_fold,0.6,16,20260929,0.54375,0.54375,104.50872100913745
beta,harmonic_fold,0.6,17,20260929,0.14375,0.14375,11.035982853673428
beta,harmonic_fold,0.6,18,20260929,0.74375,0.74375,171.6277687669209
beta,harmonic_fold,0.6,19,20260929,0.58125,0.58125,116.06174881702744
beta,harmonic_fold,0.6,20,20260929,0.2,0.2,20.27335772237459
beta,harmonic_fold,0.6,21,20260929,0.55625,0.55625,108.30980567100755
beta,harmonic_fold,0.6,22,20260929,0.45625,0.45625,79.28293769184037
beta,harmonic_fold,0.6,23,20260929,0.575,0.575,114.10493941351203
beta,harmonic_fold,0.6,24,20260929,0.34375,0.34375,50.45568089258968
beta,harmonic_fold,0.6,25,20260929,0.20625,0.20625,21.402913419336997
beta,harmonic_fold,0.6,26,20260929,0.3625,0.3625,54.967928275412206
beta,harmonic_fold,0.6,27,20260929,0.64375,0.64375,136.33512226094783
beta,harmonic_fold,0.6,28,20260929,0.6375,0.6375,134.24896155834588
beta,harmonic_fold,0.6,29,20260929,0.51875,0.51875,97.05506781235538
beta,harmonic_fold,0.6,30,20260929,0.4,0.4,64.34924558810978
beta,harmonic_fold,0.6,31,20260929,0.24375,0.24375,28.561182873927827
beta,harmonic_fold,0.6,32,20260929,0.08125,0.08125,3.2398039275099806
beta,harmonic_fold,0.6,33,20260929,0.24375,0.24375,28.561182873927827
beta,harmonic_fold,0.6,34,20260929,0.6125,0.6125,126.03640854471047
beta,harmonic_fold,0.6,35,20260929,0.5,0.5,91.59419920670389
beta,harmonic_fold,0.6,36,20260929,0.7125,0.7125,160.19482142922948
beta,harmonic_fold,0.6,37,20260929,0.74375,0.74375,171.6277687669209
beta,harmonic_fold,0.6,38,20260929,0.24375,0.24375,28.561182873927827
beta,harmonic_fold,0.6,39,20260929,0.575,0.575,114.10493941351203
beta,harmonic_fold,0.6,40,20260929,0.3375,0.3375,48.9787016253846
beta,harmonic_fold,0.6,41,20260929,0.1375,0.1375,10.124442423551468
beta,harmonic_fold,0.6,42,20260929,0.35625,0.35625,53.45040564697169
beta,harmonic_fold,0.6,43,20260929,0.39375,0.39375,62.75323828738911
beta,harmonic_fold,0.6,44,20260929,0.26875,0.26875,33.6715898988292
beta,harmonic_fold,0.6,45,20260929,0.23125,0.23125,26.10497241986632
beta,harmonic_fold,0.6,46,20260929,0.3125,0.3125,43.2095911028187
beta,harmonic_fold,0.6,47,20260929,0.2375,0.2375,27.324589770113903
beta,harmonic_fold,0.6,48,20260929,0.2875,0.2875,37.6695881737864
beta,harmonic_fold,0.6,49,20260929,0.5875,0.5875,118.03118778083439
beta,harmonic_fold,0.6,50,20260929,0.3375,0.3375,48.9787016253846
beta,harmonic_fold,0.6,51,20260929,0.43125,0.43125,72.52019245203768
beta,harmonic_fold,0.6,52,20260929,0.54375,0.54375,104.50872100913745
beta,harmonic_fold,0.6,53,20260929,0.54375,0.54375,104.50872100913745
beta,harmonic_fold,0.6,54,20260929,0.4,0.4,64.34924558810978
beta,harmonic_fold,0.6,55,20260929,0.26875,0.26875,33.6715898988292
beta,harmonic_fold,0.6,56,20260929,0.5375,0.5375,102.62677969265326
beta,harmonic_fold,0.6,57,20260929,0.4875,0.4875,88.0151098306479
beta,harmonic_fold,0.6,58,20260929,0.35,0.35,51.94628712280417
beta,harmonic_fold,0.6,59,20260929,0.15,0.15,11.9725038620755
beta,harmonic_fold,0.6,60,20260929,0.33125,0.33125,47.515470756310854
beta,harmonic_fold,0.6,61,20260929,0.225,0.225,24.90264797760577
beta,harmonic_fold,0.6,62,20260929,0.6375,0.6375,134.24896155834588
beta,harmonic_fold,0.6,63,20260929,0.75625,0.75625,176.31219944666793
beta,harmonic_fold,0.6,64,20260929,0.59375,0.59375,120.01331127690118
beta,harmonic_fold,0.6,65,20260929,0.20625,0.20625,21.402913419336997
beta,harmonic_fold,0.6,66,20260929,0.73125,0.73125,167.00787314739952
beta,harmonic_fold,0.6,67,20260929,0.6875,0.6875,151.32009103409194
beta,harmonic_fold,0.6,68,20260929,0.2125,0.2125,22.551247972792442
beta,harmonic_fold,0.6,69,20260929,0.225,0.225,24.90264797760577
beta,harmonic_fold,0.6,70,20260929,0.575,0.575,114.10493941351203
beta,harmonic_fold,0.6,1,20260930,0.6125,0.6125,126.03640854471047
beta,harmonic_fold,0.6,2,20260930,0.70625,0.70625,157.95408903246803
beta,harmonic_fold,0.6,3,20260930,0.7125,0.7125,160.19482142922948
beta,harmonic_fold,0.6,4,20260930,0.5,0.5,91.59419920670389
beta,harmonic_fold,0.6,5,20260930,0.3625,0.3625,54.967928275412206
beta,harmonic_fold,0.6,6,20260930,0.36875,0.36875,56.49875303358847
beta,harmonic_fold,0.6,7,20260930,0.1875,0.1875,18.072356287453104
beta,harmonic_fold,0.6,8,20260930,0.35625,0.35625,53.45040564697169
beta,harmonic_fold,0.6,9,20260930,0.7375,0.7375,169.3098812690423
beta,harmonic_fold,0.6,10,20260930,0.48125,0.48125,86.24401781922802
beta,harmonic_fold,0.6,11,20260930,0.2125,0.2125,22.551247972792442
beta,harmonic_fold,0.6,12,20260930,0.69375,0.69375,153.51689822804207
beta,harmonic_fold,0.6,13,20260930,0.69375,0.69375,153.51689822804207
beta,harmonic_fold,0.6,14,20260930,0.225,0.225,24.90264797760577
beta,harmonic_fold,0.6,15,20260930,0.4125,0.4125,67.57962114624014
beta,harmonic_fold,0.6,16,20260930,0.48125,0.48125,86.24401781922802
beta,harmonic_fold,0.6,17,20260930,0.15625,0.15625,12.933140045395529
beta,harmonic_fold,0.6,18,20260930,0.7625,0.7625,178.67928967389642
beta,harmonic_fold,0.6,19,20260930,0.58125,0.58125,116.06174881702744
beta,harmonic_fold,0.6,20,20260930,0.1875,0.1875,18.072356287453104
beta,harmonic_fold,0.6,21,20260930,0.49375,0.49375,89.79850554947849
beta,harmonic_fold,0.6,22,20260930,0.54375,0.54375,104.50872100913745
beta,harmonic_fold,0.6,23,20260930,0.5625,0.5625,110.22901177345261
beta,harmonic_fold,0.6,24,20260930,0.3,0.3,40.41030777016891
beta,harmonic_fold,0.6,25,20260930,0.25625,0.25625,31.084118856265647
beta,harmonic_fold,0.6,26,20260930,0.39375,0.39375,62.75323828738911
beta,harmonic_fold,0.6,27,20260930,0.66875,0.66875,144.81492069445667
beta,harmonic_fold,0.6,28,20260930,0.5875,0.5875,118.03118778083439
beta,harmonic_fold,0.6,29,20260930,0.5375,0.5375,102.62677969265326
beta,harmonic_fold,0.6,30,20260930,0.45625,0.45625,79.28293769184037
beta,harmonic_fold,0.6,31,20260930,0.25625,0.25625,31.084118856265647
beta,harmonic_fold,0.6,32,20260930,0.1,0.1,5.24020932665766
beta,harmonic_fold,0.6,33,20260930,0.25,0.25,29.81445306990233
beta,harmonic_fold,0.6,34,20260930,0.6375,0.6375,134.24896155834588
beta,harmonic_fold,0.6,35,20260930,0.6,0.6,122.0081788847888
beta,harmonic_fold,0.6,36,20260930,0.75,0.75,173.96178631160006
beta,harmonic_fold,0.6,37,20260930,0.74375,0.74375,171.6277687669209
beta,harmonic_fold,0.6,38,20260930,0.2375,0.2375,27.324589770113903
beta,harmonic_fold,0.6,39,20260930,0.475,0.475,84.48523914228393
beta,harmonic_fold,0.6,40,20260930,0.3,0.3,40.41030777016891
beta,harmonic_fold,0.6,41,20260930,0.2,0.2,20.27335772237459
beta,harmonic_fold,0.6,42,20260930,0.3625,0.3625,54.967928275412206
beta,harmonic_fold,0.6,43,20260930,0.39375,0.39375,62.75323828738911
beta,harmonic_fold,0.6,44,20260930,0.3,0.3,40.41030777016891
beta,harmonic_fold,0.6,45,20260930,0.2375,0.2375,27.324589770113903
beta,harmonic_fold,0.6,46,20260930,0.38125,0.38125,59.599930674495965
beta,harmonic_fold,0.6,47,20260930,0.23125,0.23125,26.10497241986632
beta,harmonic_fold,0.6,48,20260930,0.25625,0.25625,31.084118856265647
beta,harmonic_fold,0.6,49,20260930,0.575,0.575,114.10493941351203
beta,harmonic_fold,0.6,50,20260930,0.33125,0.33125,47.515470756310854
beta,harmonic_fold,0.6,51,20260930,0.4125,0.4125,67.57962114624014
beta,harmonic_fold,0.6,52,20260930,0.65,0.65,138.43468706782284
beta,harmonic_fold,0.6,53,20260930,0.6125,0.6125,126.03640854471047
beta,harmonic_fold,0.6,54,20260930,0.375,0.375,58.04278391855413
beta,harmonic_fold,0.6,55,20260930,0.33125,0.33125,47.515470756310854
beta,harmonic_fold,0.6,56,20260930,0.64375,0.64375,136.33512226094783
beta,harmonic_fold,0.6,57,20260930,0.55,0.55,106.4030532224478
beta,harmonic_fold,0.6,58,20260930,0.3,0.3,40.41030777016891
beta,harmonic_fold,0.6,59,20260930,0.16875,0.16875,14.923647058429344
beta,harmonic_fold,0.6,60,20260930,0.31875,0.31875,44.63077567678845
beta,harmonic_fold,0.6,61,20260930,0.18125,0.18125,17.001876609937884
beta,harmonic_fold,0.6,62,20260930,0.64375,0.64375,136.33512226094783
beta,harmonic_fold,0.6,63,20260930,0.8125,0.8125,198.25652283957518
beta,harmonic_fold,0.6,64,20260930,0.51875,0.51875,97.05506781235538
beta,harmonic_fold,0.6,65,20260930,0.15,0.15,11.9725038620755
beta,harmonic_fold,0.6,66,20260930,0.7375,0.7375,169.3098812690423
beta,harmonic_fold,0.6,67,20260930,0.7,0.7,155.72817436352696
beta,harmonic_fold,0.6,68,20260930,0.18125,0.18125,17.001876609937884
beta,harmonic_fold,0.6,69,20260930,0.1625,0.1625,13.91709779504613
beta,harmonic_fold,0.6,70,20260930,0.6,0.6,122.0081788847888
beta,harmonic_fold,0.6,1,20260931,0.5875,0.5875,118.03118778083439
beta,harmonic_fold,0.6,2,20260931,0.7625,0.7625,178.67928967389642
beta,harmonic_fold,0.6,3,20260931,0.68125,0.68125,149.1375922770193
beta,harmonic_fold,0.6,4,20260931,0.5375,0.5375,102.62677969265326
beta,harmonic_fold,0.6,5,20260931,0.29375,0.29375,39.03253910806743
beta,harmonic_fold,0.6,6,20260931,0.4,0.4,64.34924558810978
beta,harmonic_fold,0.6,7,20260931,0.23125,0.23125,26.10497241986632
beta,harmonic_fold,0.6,8,20260931,0.4,0.4,64.34924558810978
beta,harmonic_fold,0.6,9,20260931,0.7375,0.7375,169.3098812690423
beta,harmonic_fold,0.6,10,20260931,0.45,0.45,77.57358657410819
beta,harmonic_fold,0.6,11,20260931,0.1375,0.1375,10.124442423551468
beta,harmonic_fold,0.6,12,20260931,0.675,0.675,146.96925006687087
beta,harmonic_fold,0.6,13,20260931,0.6,0.6,122.0081788847888
beta,harmonic_fold,0.6,14,20260931,0.20625,0.20625,21.402913419336997
beta,harmonic_fold,0.6,15,20260931,0.43125,0.43125,72.52019245203768
beta,harmonic_fold,0.6,16,20260931,0.45625,0.45625,79.28293769184037
beta,harmonic_fold,0.6,17,20260931,0.19375,0.19375,19.16301659262369
beta,harmonic_fold,0.6,18,20260931,0.75,0.75,173.96178631160006
beta,harmonic_fold,0.6,19,20260931,0.54375,0.54375,104.50872100913745
beta,harmonic_fold,0.6,20,20260931,0.1875,0.1875,18.072356287453104
beta,harmonic_fold,0.6,21,20260931,0.51875,0.51875,97.05506781235538
beta,harmonic_fold,0.6,22,20260931,0.48125,0.48125,86.24401781922802
beta,harmonic_fold,0.6,23,20260931,0.475,0.475,84.48523914228393
beta,harmonic_fold,0.6,24,20260931,0.31875,0.31875,44.63077567678845
beta,harmonic_fold,0.6,25,20260931,0.2,0.2,20.27335772237459
beta,harmonic_fold,0.6,26,20260931,0.34375,0.34375,50.45568089258968
beta,harmonic_fold,0.6,27,20260931,0.69375,0.69375,153.51689822804207
beta,harmonic_fold,0.6,28,20260931,0.6375,0.6375,134.24896155834588
beta,harmonic_fold,0.6,29,20260931,0.5625,0.5625,110.22901177345261
beta,harmonic_fold,0.6,30,20260931,0.44375,0.44375,75.87665569162561
beta,harmonic_fold,0.6,31,20260931,0.275,0.275,34.98890770459727
beta,harmonic_fold,0.6,32,20260931,0.0875,0.0875,3.868851324341158
beta,harmonic_fold,0.6,33,20260931,0.21875,0.21875,23.71795357433648
beta,harmonic_fold,0.6,34,20260931,0.6125,0.6125,126.03640854471047
beta,harmonic_fold,0.6,35,20260931,0.5375,0.5375,102.62677969265326
beta,harmonic_fold,0.6,36,20260931,0.8,0.8,193.25015761241184
beta,harmonic_fold,0.6,37,20260931,0.70625,0.70625,157.95408903246803
beta,harmonic_fold,0.6,38,20260931,0.20625,0.20625,21.402913419336997
beta,harmonic_fold,0.6,39,20260931,0.4625,0.4625,81.00467970639868
beta,harmonic_fold,0.6,40,20260931,0.30625,0.30625,41.80271496572639
beta,harmonic_fold,0.6,41,20260931,0.175,0.175,15.95211432378821
beta,harmonic_fold,0.6,42,20260931,0.3375,0.3375,48.9787016253846
beta,harmonic_fold,0.6,43,20260931,0.30625,0.30625,41.80271496572639
beta,harmonic_fold,0.6,44,20260931,0.31875,0.31875,44.63077567678845
beta,harmonic_fold,0.6,45,20260931,0.21875,0.21875,23.71795357433648
beta,harmonic_fold,0.6,46,20260931,0.3875,0.3875,61.17010858594645
beta,harmonic_fold,0.6,47,20260931,0.24375,0.24375,28.561182873927827
beta,harmonic_fold,0.6,48,20260931,0.275,0.275,34.98890770459727
beta,harmonic_fold,0.6,49,20260931,0.55625,0.55625,108.30980567100755
beta,harmonic_fold,0.6,50,20260931,0.31875,0.31875,44.63077567678845
beta,harmonic_fold,0.6,51,20260931,0.3625,0.3625,54.967928275412206
beta,harmonic_fold,0.6,52,20260931,0.6,0.6,122.0081788847888
beta,harmonic_fold,0.6,53,20260931,0.6125,0.6125,126.03640854471047
beta,harmonic_fold,0.6,54,20260931,0.4125,0.4125,67.57962114624014
beta,harmonic_fold,0.6,55,20260931,0.225,0.225,24.90264797760577
beta,harmonic_fold,0.6,56,20260931,0.59375,0.59375,120.01331127690118
beta,harmonic_fold,0.6,57,20260931,0.4625,0.4625,81.00467970639868
beta,harmonic_fold,0.6,58,20260931,0.2875,0.2875,37.6695881737864
beta,harmonic_fold,0.6,59,20260931,0.13125,0.13125,9.238829510819002
beta,harmonic_fold,0.6,60,20260931,0.35625,0.35625,53.45040564697169
beta,harmonic_fold,0.6,61,20260931,0.20625,0.20625,21.402913419336997
beta,harmonic_fold,0.6,62,20260931,0.61875,0.61875,128.06991396430237
beta,harmonic_fold,0.6,63,20260931,0.8,0.8,193.25015761241184
beta,harmonic_fold,0.6,64,20260931,0.5125,0.5125,95.22247649273281
beta,harmonic_fold,0.6,65,20260931,0.175,0.175,15.95211432378821
beta,harmonic_fold,0.6,66,20260931,0.7375,0.7375,169.3098812690423
beta,harmonic_fold,0.6,67,20260931,0.69375,0.69375,153.51689822804207
beta,harmonic_fold,0.6,68,20260931,0.20625,0.20625,21.402913419336997
beta,harmonic_fold,0.6,69,20260931,0.15625,0.15625,12.933140045395529
beta,harmonic_fold,0.6,70,20260931,0.59375,0.59375,120.01331127690118
beta,harmonic_fold,0.8,1,20260929,0.74375,0.74375,145.22349664893306
beta,harmonic_fold,0.8,2,20260929,0.81875,0.81875,169.8989993403174
beta,harmonic_fold,0.8,3,20260929,0.8,0.8,163.51936413357924
beta,harmonic_fold,0.8,4,20260929,0.63125,0.63125,111.84131791079056
beta,harmonic_fold,0.8,5,20260929,0.46875,0.46875,70.00974310257828
beta,harmonic_fold,0.8,6,20260929,0.55625,0.55625,91.6467586446987
beta,harmonic_fold,0.8,7,20260929,0.31875,0.31875,37.76450249574408
beta,harmonic_fold,0.8,8,20260929,0.475,0.475,71.48751004347102
beta,harmonic_fold,0.8,9,20260929,0.83125,0.83125,174.23903843388206
beta,harmonic_fold,0.8,10,20260929,0.5125,0.5125,80.57286472462006
beta,harmonic_fold,0.8,11,20260929,0.24375,0.24375,24.167154739477393
beta,harmonic_fold,0.8,12,20260929,0.8125,0.8125,167.75551932579438
beta,harmonic_fold,0.8,13,20260929,0.76875,0.76875,153.2074547847388
beta,harmonic_fold,0.8,14,20260929,0.31875,0.31875,37.76450249574408
beta,harmonic_fold,0.8,15,20260929,0.5875,0.5875,99.87254350685987
beta,harmonic_fold,0.8,16,20260929,0.6875,0.6875,128.04007702884704
beta,harmonic_fold,0.8,17,20260929,0.1625,0.1625,11.776005826577496
beta,harmonic_fold,0.8,18,20260929,0.89375,0.89375,197.16248992497324
beta,harmonic_fold,0.8,19,20260929,0.7125,0.7125,135.5494642862711
beta,harmonic_fold,0.8,20,20260929,0.3,0.3,34.19333734398908
beta,harmonic_fold,0.8,21,20260929,0.6625,0.6625,120.72455004287454
beta,harmonic_fold,0.8,22,20260929,0.64375,0.64375,115.36048806695587
beta,harmonic_fold,0.8,23,20260929,0.71875,0.71875,137.45816692633773
beta,harmonic_fold,0.8,24,20260929,0.4875,0.4875,74.47432370285593
beta,harmonic_fold,0.8,25,20260929,0.2875,0.2875,31.874266916280803
beta,harmonic_fold,0.8,26,20260929,0.50625,0.50625,79.03262136044079
beta,harmonic_fold,0.8,27,20260929,0.78125,0.78125,157.2862106295162
beta,harmonic_fold,0.8,28,20260929,0.7875,0.7875,159.34826870832248
beta,harmonic_fold,0.8,29,20260929,0.76875,0.76875,153.2074547847388
beta,harmonic_fold,0.8,30,20260929,0.6,0.6,103.23768982559054
beta,harmonic_fold,0.8,31,20260929,0.325,0.325,38.9790219057313
beta,harmonic_fold,0.8,32,20260929,0.1375,0.1375,8.566835896851243
beta,harmonic_fold,0.8,33,20260929,0.375,0.375,49.11312485416119
beta,harmonic_fold,0.8,34,20260929,0.7875,0.7875,159.34826870832248
beta,harmonic_fold,0.8,35,20260929,0.675,0.675,124.35859621042921
beta,harmonic_fold,0.8,36,20260929,0.90625,0.90625,202.04109914519992
beta,harmonic_fold,0.8,37,20260929,0.9125,0.9125,204.52549714650505
beta,harmonic_fold,0.8,38,20260929,0.38125,0.38125,50.430710570727356
beta,harmonic_fold,0.8,39,20260929,0.6875,0.6875,128.04007702884704
beta,harmonic_fold,0.8,40,20260929,0.40625,0.40625,55.81066726337769
beta,harmonic_fold,0.8,41,20260929,0.2375,0.2375,23.12080672855792
beta,harmonic_fold,0.8,42,20260929,0.475,0.475,71.48751004347102
beta,harmonic_fold,0.8,43,20260929,0.5125,0.5125,80.57286472462006
beta,harmonic_fold,0.8,44,20260929,0.3875,0.3875,51.759322649647004
beta,harmonic_fold,0.8,45,20260929,0.31875,0.31875,37.76450249574408
beta,harmonic_fold,0.8,46,20260929,0.3875,0.3875,51.759322649647004
beta,harmonic_fold,0.8,47,20260929,0.30625,0.30625,35.37152804792233
beta,harmonic_fold,0.8,48,20260929,0.48125,0.48125,72.97570738550064
beta,harmonic_fold,0.8,49,20260929,0.73125,0.73125,141.31435420164576
beta,harmonic_fold,0.8,50,20260929,0.4375,0.4375,62.777997161023876
beta,harmonic_fold,0.8,51,20260929,0.58125,0.58125,98.20609515286938
beta,harmonic_fold,0.8,52,20260929,0.73125,0.73125,141.31435420164576
beta,harmonic_fold,0.8,53,20260929,0.6875,0.6875,128.04007702884704
beta,harmonic_fold,0.8,54,20260929,0.48125,0.48125,72.97570738550064
beta,harmonic_fold,0.8,55,20260929,0.3375,0.3375,41.44351675994082
beta,harmonic_fold,0.8,56,20260929,0.6875,0.6875,128.04007702884704
beta,harmonic_fold,0.8,57,20260929,0.76875,0.76875,153.2074547847388
beta,harmonic_fold,0.8,58,20260929,0.53125,0.53125,85.2560956569886
beta,harmonic_fold,0.8,59,20260929,0.1875,0.1875,15.29199378169109
beta,harmonic_fold,0.8,60,20260929,0.4375,0.4375,62.777997161023876
beta,harmonic_fold,0.8,61,20260929,0.2375,0.2375,23.12080672855792
beta,harmonic_fold,0.8,62,20260929,0.7625,0.7625,151.19016818560468
beta,harmonic_fold,0.8,63,20260929,0.9,0.9,199.58733597285493
beta,harmonic_fold,0.8,64,20260929,0.725,0.725,139.37973721872132
beta,harmonic_fold,0.8,65,20260929,0.24375,0.24375,24.167154739477393
beta,harmonic_fold,0.8,66,20260929,0.8375,0.8375,176.4366134142091
beta,harmonic_fold,0.8,67,20260929,0.75625,0.75625,149.1872456856421
beta,harmonic_fold,0.8,68,20260929,0.29375,0.29375,33.027533091441676
beta,harmonic_fold,0.8,69,20260929,0.2375,0.2375,23.12080672855792
beta,harmonic_fold,0.8,70,20260929,0.7625,0.7625,151.19016818560468
beta,harmonic_fold,0.8,1,20260930,0.75625,0.75625,149.1872456856421
beta,harmonic_fold,0.8,2,20260930,0.83125,0.83125,174.23903843388206
beta,harmonic_fold,0.8,3,20260930,0.78125,0.78125,157.2862106295162
beta,harmonic_fold,0.8,4,20260930,0.65,0.65,117.1370429035424
beta,harmonic_fold,0.8,5,20260930,0.53125,0.53125,85.2560956569886
beta,harmonic_fold,0.8,6,20260930,0.54375,0.54375,88.43045623850092
beta,harmonic_fold,0.8,7,20260930,0.3,0.3,34.19333734398908
beta,harmonic_fold,0.8,8,20260930,0.55625,0.55625,91.6467586446987
beta,harmonic_fold,0.8,9,20260930,0.89375,0.89375,197.16248992497324
beta,harmonic_fold,0.8,10,20260930,0.58125,0.58125,98.20609515286938
beta,harmonic_fold,0.8,11,20260930,0.275,0.275,29.60599882696692
beta,harmonic_fold,0.8,12,20260930,0.79375,0.79375,161.42587152012683
beta,harmonic_fold,0.8,13,20260930,0.8125,0.8125,167.75551932579438
beta,harmonic_fold,0.8,14,20260930,0.29375,0.29375,33.027533091441676
beta,harmonic_fold,0.8,15,20260930,0.5875,0.5875,99.87254350685987
beta,harmonic_fold,0.8,16,20260930,0.63125,0.63125,111.84131791079056
beta,harmonic_fold,0.8,17,20260930,0.20625,0.20625,18.110157508669765
beta,harmonic_fold,0.8,18,20260930,0.9,0.9,199.58733597285493
beta,harmonic_fold,0.8,19,20260930,0.7,0.7,131.76999369221514
beta,harmonic_fold,0.8,20,20260930,0.36875,0.36875,47.806637182267174
beta,harmonic_fold,0.8,21,20260930,0.65625,0.65625,118.92503121962757
beta,harmonic_fold,0.8,22,20260930,0.6125,0.6125,106.64619184552424
beta,harmonic_fold,0.8,23,20260930,0.675,0.675,124.35859621042921
beta,harmonic_fold,0.8,24,20260930,0.48125,0.48125,72.97570738550064
beta,harmonic_fold,0.8,25,20260930,0.35625,0.35625,45.227266316668356
beta,harmonic_fold,0.8,26,20260930,0.4875,0.4875,74.47432370285593
beta,harmonic_fold,0.8,27,20260930,0.75,0.75,147.1984345713539
beta,harmonic_fold,0.8,28,20260930,0.70625,0.70625,133.6534599505499
beta,harmonic_fold,0.8,29,20260930,0.7125,0.7125,135.5494642862711
beta,harmonic_fold,0.8,30,20260930,0.61875,0.61875,108.36685027748663
beta,harmonic_fold,0.8,31,20260930,0.35,0.35,43.95455064237276
beta,harmonic_fold,0.8,32,20260930,0.1375,0.1375,8.566835896851243
beta,harmonic_fold,0.8,33,20260930,0.38125,0.38125,50.430710570727356
beta,harmonic_fold,0.8,34,20260930,0.8,0.8,163.51936413357924
beta,harmonic_fold,0.8,35,20260930,0.7,0.7,131.76999369221514
beta,harmonic_fold,0.8,36,20260930,0.8875,0.8875,194.76504838156902
beta,harmonic_fold,0.8,37,20260930,0.925,0.925,209.5943715852091
beta,harmonic_fold,0.8,38,20260930,0.39375,0.39375,53.0988939354831
beta,harmonic_fold,0.8,39,20260930,0.65625,0.65625,118.92503121962757
beta,harmonic_fold,0.8,40,20260930,0.38125,0.38125,50.430710570727356
beta,harmonic_fold,0.8,41,20260930,0.28125,0.28125,30.7336990454654
beta,harmonic_fold,0.8,42,20260930,0.50625,0.50625,79.03262136044079
beta,harmonic_fold,0.8,43,20260930,0.5375,0.5375,86.838044355322
beta,harmonic_fold,0.8,44,20260930,0.375,0.375,49.11312485416119
beta,harmonic_fold,0.8,45,20260930,0.3,0.3,34.19333734398908
beta,harmonic_fold,0.8,46,20260930,0.475,0.475,71.48751004347102
beta,harmonic_fold,0.8,47,20260930,0.38125,0.38125,50.430710570727356
beta,harmonic_fold,0.8,48,20260930,0.375,0.375,49.11312485416119
beta,harmonic_fold,0.8,49,20260930,0.75,0.75,147.1984345713539
beta,harmonic_fold,0.8,50,20260930,0.4375,0.4375,62.777997161023876
beta,harmonic_fold,0.8,51,20260930,0.58125,0.58125,98.20609515286938
beta,harmonic_fold,0.8,52,20260930,0.81875,0.81875,169.8989993403174
beta,harmonic_fold,0.8,53,20260930,0.7125,0.7125,135.5494642862711
beta,harmonic_fold,0.8,54,20260930,0.5125,0.5125,80.57286472462006
beta,harmonic_fold,0.8,55,20260930,0.4,0.4,54.4493616514775
beta,harmonic_fold,0.8,56,20260930,0.73125,0.73125,141.31435420164576
beta,harmonic_fold,0.8,57,20260930,0.8,0.8,163.51936413357924
beta,harmonic_fold,0.8,58,20260930,0.46875,0.46875,70.00974310257828
beta,harmonic_fold,0.8,59,20260930,0.2375,0.2375,23.12080672855792
beta,harmonic_fold,0.8,60,20260930,0.39375,0.39375,53.0988939354831
beta,harmonic_fold,0.8,61,20260930,0.225,0.225,21.071471365666422
beta,harmonic_fold,0.8,62,20260930,0.775,0.775,155.23937384447737
beta,harmonic_fold,0.8,63,20260930,0.9,0.9,199.58733597285493
beta,harmonic_fold,0.8,64,20260930,0.71875,0.71875,137.45816692633773
beta,harmonic_fold,0.8,65,20260930,0.21875,0.21875,20.069037639823176
beta,harmonic_fold,0.8,66,20260930,0.825,0.825,172.06000945522666
beta,harmonic_fold,0.8,67,20260930,0.79375,0.79375,161.42587152012683
beta,harmonic_fold,0.8,68,20260930,0.21875,0.21875,20.069037639823176
beta,harmonic_fold,0.8,69,20260930,0.21875,0.21875,20.069037639823176
beta,harmonic_fold,0.8,70,20260930,0.79375,0.79375,161.42587152012683
beta,harmonic_fold,0.8,1,20260931,0.6625,0.6625,120.72455004287454
beta,harmonic_fold,0.8,2,20260931,0.83125,0.83125,174.23903843388206
beta,harmonic_fold,0.8,3,20260931,0.8125,0.8125,167.75551932579438
beta,harmonic_fold,0.8,4,20260931,0.625,0.625,110.09853507180249
beta,harmonic_fold,0.8,5,20260931,0.5,0.5,77.50278394413407
beta,harmonic_fold,0.8,6,20260931,0.58125,0.58125,98.20609515286938
beta,harmonic_fold,0.8,7,20260931,0.3,0.3,34.19333734398908
beta,harmonic_fold,0.8,8,20260931,0.50625,0.50625,79.03262136044079
beta,harmonic_fold,0.8,9,20260931,0.8125,0.8125,167.75551932579438
beta,harmonic_fold,0.8,10,20260931,0.5125,0.5125,80.57286472462006
beta,harmonic_fold,0.8,11,20260931,0.21875,0.21875,20.069037639823176
beta,harmonic_fold,0.8,12,20260931,0.78125,0.78125,157.2862106295162
beta,harmonic_fold,0.8,13,20260931,0.74375,0.74375,145.22349664893306
beta,harmonic_fold,0.8,14,20260931,0.2875,0.2875,31.874266916280803
beta,harmonic_fold,0.8,15,20260931,0.60625,0.60625,104.93649262047822
beta,harmonic_fold,0.8,16,20260931,0.63125,0.63125,111.84131791079056
beta,harmonic_fold,0.8,17,20260931,0.1875,0.1875,15.29199378169109
beta,harmonic_fold,0.8,18,20260931,0.9125,0.9125,204.52549714650505
beta,harmonic_fold,0.8,19,20260931,0.7375,0.7375,143.2622072276512
beta,harmonic_fold,0.8,20,20260931,0.31875,0.31875,37.76450249574408
beta,harmonic_fold,0.8,21,20260931,0.63125,0.63125,111.84131791079056
beta,harmonic_fold,0.8,22,20260931,0.6625,0.6625,120.72455004287454
beta,harmonic_fold,0.8,23,20260931,0.65625,0.65625,118.92503121962757
beta,harmonic_fold,0.8,24,20260931,0.45,0.45,65.63918863963002
beta,harmonic_fold,0.8,25,20260931,0.2875,0.2875,31.874266916280803
beta,harmonic_fold,0.8,26,20260931,0.51875,0.51875,82.12351891814686
beta,harmonic_fold,0.8,27,20260931,0.7625,0.7625,151.19016818560468
beta,harmonic_fold,0.8,28,20260931,0.7375,0.7375,143.2622072276512
beta,harmonic_fold,0.8,29,20260931,0.69375,0.69375,129.89891388526638
beta,harmonic_fold,0.8,30,20260931,0.575,0.575,96.5503333498948
beta,harmonic_fold,0.8,31,20260931,0.36875,0.36875,47.806637182267174
beta,harmonic_fold,0.8,32,20260931,0.125,0.125,7.0909250853830486
beta,harmonic_fold,0.8,33,20260931,0.33125,0.33125,40.20539833226303
beta,harmonic_fold,0.8,34,20260931,0.825,0.825,172.06000945522666
beta,harmonic_fold,0.8,35,20260931,0.7,0.7,131.76999369221514
beta,harmonic_fold,0.8,36,20260931,0.875,0.875,190.047155738307
beta,harmonic_fold,0.8,37,20260931,0.8625,0.8625,185.42452552801112
beta,harmonic_fold,0.8,38,20260931,0.38125,0.38125,50.430710570727356
beta,harmonic_fold,0.8,39,20260931,0.63125,0.63125,111.84131791079056
beta,harmonic_fold,0.8,40,20260931,0.43125,0.43125,61.3632397671088
beta,harmonic_fold,0.8,41,20260931,0.2375,0.2375,23.12080672855792
beta,harmonic_fold,0.8,42,20260931,0.5125,0.5125,80.57286472462006
beta,harmonic_fold,0.8,43,20260931,0.5,0.5,77.50278394413407
beta,harmonic_fold,0.8,44,20260931,0.3625,0.3625,46.51132392534879
beta,harmonic_fold,0.8,45,20260931,0.2875,0.2875,31.874266916280803
beta,harmonic_fold,0.8,46,20260931,0.475,0.475,71.48751004347102
beta,harmonic_fold,0.8,47,20260931,0.3375,0.3375,41.44351675994082
beta,harmonic_fold,0.8,48,20260931,0.50625,0.50625,79.03262136044079
beta,harmonic_fold,0.8,49,20260931,0.725,0.725,139.37973721872132
beta,harmonic_fold,0.8,50,20260931,0.375,0.375,49.11312485416119
beta,harmonic_fold,0.8,51,20260931,0.6125,0.6125,106.64619184552424
beta,harmonic_fold,0.8,52,20260931,0.76875,0.76875,153.2074547847388
beta,harmonic_fold,0.8,53,20260931,0.7125,0.7125,135.5494642862711
beta,harmonic_fold,0.8,54,20260931,0.5125,0.5125,80.57286472462006
beta,harmonic_fold,0.8,55,20260931,0.34375,0.34375,42.69326844757589
beta,harmonic_fold,0.8,56,20260931,0.69375,0.69375,129.89891388526638
beta,harmonic_fold,0.8,57,20260931,0.75,0.75,147.1984345713539
beta,harmonic_fold,0.8,58,20260931,0.45,0.45,65.63918863963002
beta,harmonic_fold,0.8,59,20260931,0.15,0.15,10.130580190986963
beta,harmonic_fold,0.8,60,20260931,0.45,0.45,65.63918863963002
beta,harmonic_fold,0.8,61,20260931,0.2375,0.2375,23.12080672855792
beta,harmonic_fold,0.8,62,20260931,0.75,0.75,147.1984345713539
beta,harmonic_fold,0.8,63,20260931,0.8875,0.8875,194.76504838156902
beta,harmonic_fold,0.8,64,20260931,0.6625,0.6625,120.72455004287454
beta,harmonic_fold,0.8,65,20260931,0.18125,0.18125,14.386203285332057
beta,harmonic_fold,0.8,66,20260931,0.81875,0.81875,169.8989993403174
beta,harmonic_fold,0.8,67,20260931,0.725,0.725,139.37973721872132
beta,harmonic_fold,0.8,68,20260931,0.3,0.3,34.19333734398908
beta,harmonic_fold,0.8,69,20260931,0.2,0.2,17.15437961124004
beta,harmonic_fold,0.8,70,20260931,0.79375,0.79375,161.42587152012683
beta,harmonic_fold,1.0,1,20260929,0.825,0.825,149.11867486119647
beta,harmonic_fold,1.0,2,20260929,0.875,0.875,164.7075349731994
beta,harmonic_fold,1.0,3,20260929,0.9,0.9,172.97569117647427
beta,harmonic_fold,1.0,4,20260929,0.7,0.7,114.2006611999198
beta,harmonic_fold,1.0,5,20260929,0.625,0.625,95.41873039556215
beta,harmonic_fold,1.0,6,20260929,0.66875,0.66875,106.19760850926825
beta,harmonic_fold,1.0,7,20260929,0.425,0.425,51.96454225673536
beta,harmonic_fold,1.0,8,20260929,0.63125,0.63125,96.92914218935182
beta,harmonic_fold,1.0,9,20260929,0.89375,0.89375,170.8741579349768
beta,harmonic_fold,1.0,10,20260929,0.625,0.625,95.41873039556215
beta,harmonic_fold,1.0,11,20260929,0.2875,0.2875,27.624364660776696
beta,harmonic_fold,1.0,12,20260929,0.8875,0.8875,168.7963752640265
beta,harmonic_fold,1.0,13,20260929,0.9,0.9,172.97569117647427
beta,harmonic_fold,1.0,14,20260929,0.38125,0.38125,43.70661582796371
beta,harmonic_fold,1.0,15,20260929,0.7,0.7,114.2006611999198
beta,harmonic_fold,1.0,16,20260929,0.7625,0.7625,131.03147909419073
beta,harmonic_fold,1.0,17,20260929,0.1875,0.1875,13.253061277465612
beta,harmonic_fold,1.0,18,20260929,0.975,0.975,200.84528431676543
beta,harmonic_fold,1.0,19,20260929,0.83125,0.83125,151.0071666426978
beta,harmonic_fold,1.0,20,20260929,0.3875,0.3875,44.85807962969407
beta,harmonic_fold,1.0,21,20260929,0.7875,0.7875,138.10183288054614
beta,harmonic_fold,1.0,22,20260929,0.71875,0.71875,119.13041133615936
beta,harmonic_fold,1.0,23,20260929,0.825,0.825,149.11867486119647
beta,harmonic_fold,1.0,24,20260929,0.61875,0.61875,93.91793690715508
beta,harmonic_fold,1.0,25,20260929,0.35,0.35,38.093943890056394
beta,harmonic_fold,1.0,26,20260929,0.5875,0.5875,86.55620437261189
beta,harmonic_fold,1.0,27,20260929,0.81875,0.81875,147.2457994282751
beta,harmonic_fold,1.0,28,20260929,0.83125,0.83125,151.0071666426978
beta,harmonic_fold,1.0,29,20260929,0.80625,0.80625,143.54523319671583
beta,harmonic_fold,1.0,30,20260929,0.68125,0.68125,109.36756766981416
beta,harmonic_fold,1.0,31,20260929,0.45,0.45,56.88729682101268
beta,harmonic_fold,1.0,32,20260929,0.20625,0.20625,15.695469840847132
beta,harmonic_fold,1.0,33,20260929,0.4375,0.4375,54.407597539554025
beta,harmonic_fold,1.0,34,20260929,0.88125,0.88125,166.74118032131884
beta,harmonic_fold,1.0,35,20260929,0.79375,0.79375,139.90242198410994
beta,harmonic_fold,1.0,36,20260929,0.95625,0.95625,193.25850221358584
beta,harmonic_fold,1.0,37,20260929,0.95,0.95,190.85044107313172
beta,harmonic_fold,1.0,38,20260929,0.58125,0.58125,85.1119491324868
beta,harmonic_fold,1.0,39,20260929,0.78125,0.78125,136.31471587891403
beta,harmonic_fold,1.0,40,20260929,0.475,0.475,61.95584203767489
beta,harmonic_fold,1.0,41,20260929,0.29375,0.29375,28.623862012582787
beta,harmonic_fold,1.0,42,20260929,0.5625,0.5625,80.83460863386526
beta,harmonic_fold,1.0,43,20260929,0.6125,0.6125,92.42669959945435
beta,harmonic_fold,1.0,44,20260929,0.425,0.425,51.96454225673536
beta,harmonic_fold,1.0,45,20260929,0.44375,0.44375,55.64288084052546
beta,harmonic_fold,1.0,46,20260929,0.54375,0.54375,76.63972874003413
beta,harmonic_fold,1.0,47,20260929,0.39375,0.39375,46.01904141075202
beta,harmonic_fold,1.0,48,20260929,0.61875,0.61875,93.91793690715508
beta,harmonic_fold,1.0,49,20260929,0.80625,0.80625,143.54523319671583
beta,harmonic_fold,1.0,50,20260929,0.60625,0.60625,90.94496027108113
beta,harmonic_fold,1.0,51,20260929,0.63125,0.63125,96.92914218935182
beta,harmonic_fold,1.0,52,20260929,0.80625,0.80625,143.54523319671583
beta,harmonic_fold,1.0,53,20260929,0.8,0.8,141.716782249102
beta,harmonic_fold,1.0,54,20260929,0.63125,0.63125,96.92914218935182
beta,harmonic_fold,1.0,55,20260929,0.44375,0.44375,55.64288084052546
beta,harmonic_fold,1.0,56,20260929,0.7875,0.7875,138.10183288054614
beta,harmonic_fold,1.0,57,20260929,0.81875,0.81875,147.2457994282751
beta,harmonic_fold,1.0,58,20260929,0.6125,0.6125,92.42669959945435
beta,harmonic_fold,1.0,59,20260929,0.25,0.25,21.863932251261712
beta,harmonic_fold,1.0,60,20260929,0.5125,0.5125,69.82981609467073
beta,harmonic_fold,1.0,61,20260929,0.275,0.275,25.658532316704665
beta,harmonic_fold,1.0,62,20260929,0.84375,0.84375,154.83286371866853
beta,harmonic_fold,1.0,63,20260929,0.91875,0.91875,179.4368305453926
beta,harmonic_fold,1.0,64,20260929,0.81875,0.81875,147.2457994282751
beta,harmonic_fold,1.0,65,20260929,0.28125,0.28125,26.635872506070015
beta,harmonic_fold,1.0,66,20260929,0.875,0.875,164.7075349731994
beta,harmonic_fold,1.0,67,20260929,0.85,0.85,156.771098293665
beta,harmonic_fold,1.0,68,20260929,0.35625,0.35625,39.19696414111257
beta,harmonic_fold,1.0,69,20260929,0.33125,0.33125,34.84467855462796
beta,harmonic_fold,1.0,70,20260929,0.775,0.775,134.54079066521373
beta,harmonic_fold,1.0,1,20260930,0.81875,0.81875,147.2457994282751
beta,harmonic_fold,1.0,2,20260930,0.85625,0.85625,158.72701733026796
beta,harmonic_fold,1.0,3,20260930,0.8625,0.8625,160.70125545760962
beta,harmonic_fold,1.0,4,20260930,0.73125,0.73125,122.47244030809298
beta,harmonic_fold,1.0,5,20260930,0.64375,0.64375,99.97908965802843
beta,harmonic_fold,1.0,6,20260930,0.69375,0.69375,112.57905870056419
beta,harmonic_fold,1.0,7,20260930,0.4375,0.4375,54.407597539554025
beta,harmonic_fold,1.0,8,20260930,0.65,0.65,101.51877051640342
beta,harmonic_fold,1.0,9,20260930,0.91875,0.91875,179.4368305453926
beta,harmonic_fold,1.0,10,20260930,0.63125,0.63125,96.92914218935182
beta,harmonic_fold,1.0,11,20260930,0.30625,0.30625,30.655324308199354
beta,harmonic_fold,1.0,12,20260930,0.85,0.85,156.771098293665
beta,harmonic_fold,1.0,13,20260930,0.8875,0.8875,168.7963752640265
beta,harmonic_fold,1.0,14,20260930,0.4125,0.4125,49.55838884057611
beta,harmonic_fold,1.0,15,20260930,0.66875,0.66875,106.19760850926825
beta,harmonic_fold,1.0,16,20260930,0.7375,0.7375,124.16057959729771
beta,harmonic_fold,1.0,17,20260930,0.2375,0.2375,20.03803249808353
beta,harmonic_fold,1.0,18,20260930,0.9625,0.9625,195.72062223954208
beta,harmonic_fold,1.0,19,20260930,0.8125,0.8125,145.3881167490218
beta,harmonic_fold,1.0,20,20260930,0.375,0.375,42.5647082069397
beta,harmonic_fold,1.0,21,20260930,0.7625,0.7625,131.03147909419073
beta,harmonic_fold,1.0,22,20260930,0.70625,0.70625,115.8329986238099
beta,harmonic_fold,1.0,23,20260930,0.80625,0.80625,143.54523319671583
beta,harmonic_fold,1.0,24,20260930,0.5875,0.5875,86.55620437261189
beta,harmonic_fold,1.0,25,20260930,0.38125,0.38125,43.70661582796371
beta,harmonic_fold,1.0,26,20260930,0.55,0.55,78.02890569646172
beta,harmonic_fold,1.0,27,20260930,0.8125,0.8125,145.3881167490218
beta,harmonic_fold,1.0,28,20260930,0.8,0.8,141.716782249102
beta,harmonic_fold,1.0,29,20260930,0.74375,0.74375,125.86036376240867
beta,harmonic_fold,1.0,30,20260930,0.66875,0.66875,106.19760850926825
beta,harmonic_fold,1.0,31,20260930,0.50625,0.50625,68.49493851238202
beta,harmonic_fold,1.0,32,20260930,0.1625,0.1625,10.205871716367163
beta,harmonic_fold,1.0,33,20260930,0.44375,0.44375,55.64288084052546
beta,harmonic_fold,1.0,34,20260930,0.86875,0.86875,162.69450709770362
beta,harmonic_fold,1.0,35,20260930,0.78125,0.78125,136.31471587891403
beta,harmonic_fold,1.0,36,20260930,0.9375,0.9375,186.17201558365835
beta,harmonic_fold,1.0,37,20260930,0.95625,0.95625,193.25850221358584
beta,harmonic_fold,1.0,38,20260930,0.55625,0.55625,79.42719082540555
beta,harmonic_fold,1.0,39,20260930,0.75,0.75,127.57197662850672
beta,harmonic_fold,1.0,40,20260930,0.475,0.475,61.95584203767489
beta,harmonic_fold,1.0,41,20260930,0.3125,0.3125,31.687033475400384
beta,harmonic_fold,1.0,42,20260930,0.6,0.6,89.4726645155118
beta,harmonic_fold,1.0,43,20260930,0.5875,0.5875,86.55620437261189
beta,harmonic_fold,1.0,44,20260930,0.4125,0.4125,49.55838884057611
beta,harmonic_fold,1.0,45,20260930,0.45,0.45,56.88729682101268
beta,harmonic_fold,1.0,46,20260930,0.63125,0.63125,96.92914218935182
beta,harmonic_fold,1.0,47,20260930,0.425,0.425,51.96454225673536
beta,harmonic_fold,1.0,48,20260930,0.4875,0.4875,64.54441387580847
beta,harmonic_fold,1.0,49,20260930,0.825,0.825,149.11867486119647
beta,harmonic_fold,1.0,50,20260930,0.51875,0.51875,71.17371639572728
beta,harmonic_fold,1.0,51,20260930,0.64375,0.64375,99.97908965802843
beta,harmonic_fold,1.0,52,20260930,0.85,0.85,156.771098293665
beta,harmonic_fold,1.0,53,20260930,0.7875,0.7875,138.10183288054614
beta,harmonic_fold,1.0,54,20260930,0.65625,0.65625,103.0683603903439
beta,harmonic_fold,1.0,55,20260930,0.4625,0.4625,59.403431784692366
beta,harmonic_fold,1.0,56,20260930,0.78125,0.78125,136.31471587891403
beta,harmonic_fold,1.0,57,20260930,0.84375,0.84375,154.83286371866853
beta,harmonic_fold,1.0,58,20260930,0.625,0.625,95.41873039556215
beta,harmonic_fold,1.0,59,20260930,0.275,0.275,25.658532316704665
beta,harmonic_fold,1.0,60,20260930,0.46875,0.46875,60.675110688901185
beta,harmonic_fold,1.0,61,20260930,0.28125,0.28125,26.635872506070015
beta,harmonic_fold,1.0,62,20260930,0.80625,0.80625,143.54523319671583
beta,harmonic_fold,1.0,63,20260930,0.93125,0.93125,183.89260823659694
beta,harmonic_fold,1.0,64,20260930,0.8,0.8,141.716782249102
beta,harmonic_fold,1.0,65,20260930,0.25625,0.25625,22.79502049459481
beta,harmonic_fold,1.0,66,20260930,0.89375,0.89375,170.8741579349768
beta,harmonic_fold,1.0,67,20260930,0.85,0.85,156.771098293665
beta,harmonic_fold,1.0,68,20260930,0.2625,0.2625,23.73793743891497
beta,harmonic_fold,1.0,69,20260930,0.24375,0.24375,20.944867440880408
beta,harmonic_fold,1.0,70,20260930,0.7875,0.7875,138.10183288054614
beta,harmonic_fold,1.0,1,20260931,0.79375,0.79375,139.90242198410994
beta,harmonic_fold,1.0,2,20260931,0.8875,0.8875,168.7963752640265
beta,harmonic_fold,1.0,3,20260931,0.84375,0.84375,154.83286371866853
beta,harmonic_fold,1.0,4,20260931,0.70625,0.70625,115.8329986238099
beta,harmonic_fold,1.0,5,20260931,0.6625,0.6625,104.62794337049127
beta,harmonic_fold,1.0,6,20260931,0.71875,0.71875,119.13041133615936
beta,harmonic_fold,1.0,7,20260931,0.4125,0.4125,49.55838884057611
beta,harmonic_fold,1.0,8,20260931,0.65,0.65,101.51877051640342
beta,harmonic_fold,1.0,9,20260931,0.90625,0.90625,175.10228592583994
beta,harmonic_fold,1.0,10,20260931,0.6,0.6,89.4726645155118
beta,harmonic_fold,1.0,11,20260931,0.26875,0.26875,24.692499259141414
beta,harmonic_fold,1.0,12,20260931,0.85,0.85,156.771098293665
beta,harmonic_fold,1.0,13,20260931,0.8875,0.8875,168.7963752640265
beta,harmonic_fold,1.0,14,20260931,0.35625,0.35625,39.19696414111257
beta,harmonic_fold,1.0,15,20260931,0.65625,0.65625,103.0683603903439
beta,harmonic_fold,1.0,16,20260931,0.71875,0.71875,119.13041133615936
beta,harmonic_fold,1.0,17,20260931,0.19375,0.19375,14.052878834590707
beta,harmonic_fold,1.0,18,20260931,0.9625,0.9625,195.72062223954208
beta,harmonic_fold,1.0,19,20260931,0.8,0.8,141.716782249102
beta,harmonic_fold,1.0,20,20260931,0.36875,0.36875,41.43241889129822
beta,harmonic_fold,1.0,21,20260931,0.7375,0.7375,124.16057959729771
beta,harmonic_fold,1.0,22,20260931,0.7125,0.7125,117.47620238143496
beta,harmonic_fold,1.0,23,20260931,0.7625,0.7625,131.03147909419073
beta,harmonic_fold,1.0,24,20260931,0.54375,0.54375,76.63972874003413
beta,harmonic_fold,1.0,25,20260931,0.30625,0.30625,30.655324308199354
beta,harmonic_fold,1.0,26,20260931,0.575,0.575,83.67695556990883
beta,harmonic_fold,1.0,27,20260931,0.85,0.85,156.771098293665
beta,harmonic_fold,1.0,28,20260931,0.8125,0.8125,145.3881167490218
beta,harmonic_fold,1.0,29,20260931,0.74375,0.74375,125.86036376240867
beta,harmonic_fold,1.0,30,20260931,0.675,0.675,107.77745004903865
beta,harmonic_fold,1.0,31,20260931,0.5,0.5,67.16907941824952
beta,harmonic_fold,1.0,32,20260931,0.16875,0.16875,10.944007842848187
beta,harmonic_fold,1.0,33,20260931,0.39375,0.39375,46.01904141075202
beta,harmonic_fold,1.0,34,20260931,0.875,0.875,164.7075349731994
beta,harmonic_fold,1.0,35,20260931,0.7625,0.7625,131.03147909419073
beta,harmonic_fold,1.0,36,20260931,0.9125,0.9125,177.2554308603044
beta,harmonic_fold,1.0,37,20260931,0.9625,0.9625,195.72062223954208
beta,harmonic_fold,1.0,38,20260931,0.5375,0.5375,75.25963844127907
beta,harmonic_fold,1.0,39,20260931,0.7125,0.7125,117.47620238143496
beta,harmonic_fold,1.0,40,20260931,0.475,0.475,61.95584203767489
beta,harmonic_fold,1.0,41,20260931,0.30625,0.30625,30.655324308199354
beta,harmonic_fold,1.0,42,20260931,0.6375,0.6375,98.44923847612033
beta,harmonic_fold,1.0,43,20260931,0.6125,0.6125,92.42669959945435
beta,harmonic_fold,1.0,44,20260931,0.46875,0.46875,60.675110688901185
beta,harmonic_fold,1.0,45,20260931,0.40625,0.40625,48.369244961594
beta,harmonic_fold,1.0,46,20260931,0.61875,0.61875,93.91793690715508
beta,harmonic_fold,1.0,47,20260931,0.425,0.425,51.96454225673536
beta,harmonic_fold,1.0,48,20260931,0.625,0.625,95.41873039556215
beta,harmonic_fold,1.0,49,20260931,0.7875,0.7875,138.10183288054614
beta,harmonic_fold,1.0,50,20260931,0.51875,0.51875,71.17371639572728
beta,harmonic_fold,1.0,51,20260931,0.65,0.65,101.51877051640342
beta,harmonic_fold,1.0,52,20260931,0.8625,0.8625,160.70125545760962
beta,harmonic_fold,1.0,53,20260931,0.775,0.775,134.54079066521373
beta,harmonic_fold,1.0,54,20260931,0.63125,0.63125,96.92914218935182
beta,harmonic_fold,1.0,55,20260931,0.4,0.4,47.18944676461384
beta,harmonic_fold,1.0,56,20260931,0.81875,0.81875,147.2457994282751
beta,harmonic_fold,1.0,57,20260931,0.825,0.825,149.11867486119647
beta,harmonic_fold,1.0,58,20260931,0.5875,0.5875,86.55620437261189
beta,harmonic_fold,1.0,59,20260931,0.25625,0.25625,22.79502049459481
beta,harmonic_fold,1.0,60,20260931,0.49375,0.49375,65.8522374029509
beta,harmonic_fold,1.0,61,20260931,0.2375,0.2375,20.03803249808353
beta,harmonic_fold,1.0,62,20260931,0.83125,0.83125,151.0071666426978
beta,harmonic_fold,1.0,63,20260931,0.925,0.925,181.6484553738479
beta,harmonic_fold,1.0,64,20260931,0.7375,0.7375,124.16057959729771
beta,harmonic_fold,1.0,65,20260931,0.275,0.275,25.658532316704665
beta,harmonic_fold,1.0,66,20260931,0.86875,0.86875,162.69450709770362
beta,harmonic_fold,1.0,67,20260931,0.79375,0.79375,139.90242198410994
beta,harmonic_fold,1.0,68,20260931,0.375,0.375,42.5647082069397
beta,harmonic_fold,1.0,69,20260931,0.20625,0.20625,15.695469840847132
beta,harmonic_fold,1.0,70,20260931,0.81875,0.81875,147.2457994282751
beta,harmonic_fold,1.2,1,20260929,0.875,0.875,145.33017791752889
beta,harmonic_fold,1.2,2,20260929,0.9,0.9,152.62560986159497
beta,harmonic_fold,1.2,3,20260929,0.95,0.95,168.39744800570446
beta,harmonic_fold,1.2,4,20260929,0.75,0.75,112.56350878985887
beta,harmonic_fold,1.2,5,20260929,0.75625,0.75625,114.08436434784397
beta,harmonic_fold,1.2,6,20260929,0.74375,0.74375,111.05326214330177
beta,harmonic_fold,1.2,7,20260929,0.53125,0.53125,65.19583785534424
beta,harmonic_fold,1.2,8,20260929,0.7625,0.7625,115.61601096546241
beta,harmonic_fold,1.2,9,20260929,0.95625,0.95625,170.52220783551692
beta,harmonic_fold,1.2,10,20260929,0.6875,0.6875,97.91300008088304
beta,harmonic_fold,1.2,11,20260929,0.38125,0.38125,38.56466102467387
beta,harmonic_fold,1.2,12,20260929,0.9375,0.9375,164.26942551499266
beta,harmonic_fold,1.2,13,20260929,0.95625,0.95625,170.52220783551692
beta,harmonic_fold,1.2,14,20260929,0.4625,0.4625,52.414792751199144
beta,harmonic_fold,1.2,15,20260929,0.725,0.725,106.58450493196337
beta,harmonic_fold,1.2,16,20260929,0.8,0.8,125.04421963156061
beta,harmonic_fold,1.2,17,20260929,0.2375,0.2375,17.680616910073706
beta,harmonic_fold,1.2,18,20260929,0.9875,0.9875,182.07938686196866
beta,harmonic_fold,1.2,19,20260929,0.8375,0.8375,134.92211614027755
beta,harmonic_fold,1.2,20,20260929,0.40625,0.40625,42.67874555434764
beta,harmonic_fold,1.2,21,20260929,0.86875,0.86875,143.55397685091495
beta,harmonic_fold,1.2,22,20260929,0.80625,0.80625,126.65755870298455
beta,harmonic_fold,1.2,23,20260929,0.8875,0.8875,148.93797817414102
beta,harmonic_fold,1.2,24,20260929,0.61875,0.61875,82.86876785925449
beta,harmonic_fold,1.2,25,20260929,0.43125,0.43125,46.92483041014203
beta,harmonic_fold,1.2,26,20260929,0.6125,0.6125,81.55297023481266
beta,harmonic_fold,1.2,27,20260929,0.8625,0.8625,141.7952254037732
beta,harmonic_fold,1.2,28,20260929,0.8625,0.8625,141.7952254037732
beta,harmonic_fold,1.2,29,20260929,0.89375,0.89375,150.77131582497955
beta,harmonic_fold,1.2,30,20260929,0.74375,0.74375,111.05326214330177
beta,harmonic_fold,1.2,31,20260929,0.50625,0.50625,60.436710452101785
beta,harmonic_fold,1.2,32,20260929,0.24375,0.24375,18.480765389012124
beta,harmonic_fold,1.2,33,20260929,0.51875,0.51875,62.800337996229956
beta,harmonic_fold,1.2,34,20260929,0.925,0.925,160.27804885927756
beta,harmonic_fold,1.2,35,20260929,0.81875,0.81875,129.9227642014192
beta,harmonic_fold,1.2,36,20260929,0.975,0.975,177.21642733832246
beta,harmonic_fold,1.2,37,20260929,0.975,0.975,177.21642733832246
beta,harmonic_fold,1.2,38,20260929,0.69375,0.69375,99.33446355932135
beta,harmonic_fold,1.2,39,20260929,0.75,0.75,112.56350878985887
beta,harmonic_fold,1.2,40,20260929,0.51875,0.51875,62.800337996229956
beta,harmonic_fold,1.2,41,20260929,0.35625,0.35625,34.585556595099334
beta,harmonic_fold,1.2,42,20260929,0.64375,0.64375,88.21684381590744
beta,harmonic_fold,1.2,43,20260929,0.725,0.725,106.58450493196337
beta,harmonic_fold,1.2,44,20260929,0.475,0.475,54.66691944500726
beta,harmonic_fold,1.2,45,20260929,0.60625,0.60625,80.2455531803657
beta,harmonic_fold,1.2,46,20260929,0.66875,0.66875,93.70377221406022
beta,harmonic_fold,1.2,47,20260929,0.43125,0.43125,46.92483041014203
beta,harmonic_fold,1.2,48,20260929,0.725,0.725,106.58450493196337
beta,harmonic_fold,1.2,49,20260929,0.8375,0.8375,134.92211614027755
beta,harmonic_fold,1.2,50,20260929,0.6125,0.6125,81.55297023481266
beta,harmonic_fold,1.2,51,20260929,0.65,0.65,89.57538574976772
beta,harmonic_fold,1.2,52,20260929,0.85,0.85,138.3274396708809
beta,harmonic_fold,1.2,53,20260929,0.84375,0.84375,136.61723269294282
beta,harmonic_fold,1.2,54,20260929,0.68125,0.68125,96.50079500277721
beta,harmonic_fold,1.2,55,20260929,0.5,0.5,59.26683478080841
beta,harmonic_fold,1.2,56,20260929,0.85,0.85,138.3274396708809
beta,harmonic_fold,1.2,57,20260929,0.85625,0.85625,140.05325058553055
beta,harmonic_fold,1.2,58,20260929,0.7375,0.7375,109.55345258585092
beta,harmonic_fold,1.2,59,20260929,0.33125,0.33125,30.74530460702467
beta,harmonic_fold,1.2,60,20260929,0.53125,0.53125,65.19583785534424
beta,harmonic_fold,1.2,61,20260929,0.33125,0.33125,30.74530460702467
beta,harmonic_fold,1.2,62,20260929,0.875,0.875,145.33017791752889
beta,harmonic_fold,1.2,63,20260929,0.96875,0.96875,174.92248063183067
beta,harmonic_fold,1.2,64,20260929,0.875,0.875,145.33017791752889
beta,harmonic_fold,1.2,65,20260929,0.3375,0.3375,31.692101051719455
beta,harmonic_fold,1.2,66,20260929,0.9125,0.9125,156.4018507590921
beta,harmonic_fold,1.2,67,20260929,0.875,0.875,145.33017791752889
beta,harmonic_fold,1.2,68,20260929,0.35625,0.35625,34.585556595099334
beta,harmonic_fold,1.2,69,20260929,0.35,0.35,33.612303432402705
beta,harmonic_fold,1.2,70,20260929,0.825,0.825,131.57530134811452
beta,harmonic_fold,1.2,1,20260930,0.88125,0.88125,147.12457087175193
beta,harmonic_fold,1.2,2,20260930,0.9125,0.9125,156.4018507590921
beta,harmonic_fold,1.2,3,20260930,0.93125,0.93125,162.25818373817376
beta,harmonic_fold,1.2,4,20260930,0.80625,0.80625,126.65755870298455
beta,harmonic_fold,1.2,5,20260930,0.75,0.75,112.56350878985887
beta,harmonic_fold,1.2,6,20260930,0.75,0.75,112.56350878985887
beta,harmonic_fold,1.2,7,20260930,0.48125,0.48125,55.80495270655931
beta,harmonic_fold,1.2,8,20260930,0.7625,0.7625,115.61601096546241
beta,harmonic_fold,1.2,9,20260930,0.94375,0.94375,166.314666326759
beta,harmonic_fold,1.2,10,20260930,0.7,0.7,100.76528929404688
beta,harmonic_fold,1.2,11,20260930,0.38125,0.38125,38.56466102467387
beta,harmonic_fold,1.2,12,20260930,0.90625,0.90625,154.50201699338817
beta,harmonic_fold,1.2,13,20260930,0.94375,0.94375,166.314666326759
beta,harmonic_fold,1.2,14,20260930,0.40625,0.40625,42.67874555434764
beta,harmonic_fold,1.2,15,20260930,0.69375,0.69375,99.33446355932135
beta,harmonic_fold,1.2,16,20260930,0.76875,0.76875,117.15864189421202
beta,harmonic_fold,1.2,17,20260930,0.275,0.275,22.63988145591588
beta,harmonic_fold,1.2,18,20260930,0.99375,0.99375,184.73448257456258
beta,harmonic_fold,1.2,19,20260930,0.8375,0.8375,134.92211614027755
beta,harmonic_fold,1.2,20,20260930,0.4,0.4,41.63774714524751
beta,harmonic_fold,1.2,21,20260930,0.85,0.85,138.3274396708809
beta,harmonic_fold,1.2,22,20260930,0.7625,0.7625,115.61601096546241
beta,harmonic_fold,1.2,23,20260930,0.85625,0.85625,140.05325058553055
beta,harmonic_fold,1.2,24,20260930,0.6375,0.6375,86.86697512598852
beta,harmonic_fold,1.2,25,20260930,0.4625,0.4625,52.414792751199144
beta,harmonic_fold,1.2,26,20260930,0.6,0.6,78.94646869015747
beta,harmonic_fold,1.2,27,20260930,0.8875,0.8875,148.93797817414102
beta,harmonic_fold,1.2,28,20260930,0.84375,0.84375,136.61723269294282
beta,harmonic_fold,1.2,29,20260930,0.86875,0.86875,143.55397685091495
beta,harmonic_fold,1.2,30,20260930,0.76875,0.76875,117.15864189421202
beta,harmonic_fold,1.2,31,20260930,0.575,0.575,73.83260785580191
beta,harmonic_fold,1.2,32,20260930,0.225,0.225,16.113478103156677
beta,harmonic_fold,1.2,33,20260930,0.53125,0.53125,65.19583785534424
beta,harmonic_fold,1.2,34,20260930,0.90625,0.90625,154.50201699338817
beta,harmonic_fold,1.2,35,20260930,0.83125,0.83125,133.2416176259098
beta,harmonic_fold,1.2,36,20260930,0.96875,0.96875,174.92248063183067
beta,harmonic_fold,1.2,37,20260930,0.98125,0.98125,179.5928246518152
beta,harmonic_fold,1.2,38,20260930,0.65,0.65,89.57538574976772
beta,harmonic_fold,1.2,39,20260930,0.7625,0.7625,115.61601096546241
beta,harmonic_fold,1.2,40,20260930,0.5125,0.5125,61.614543612944765
beta,harmonic_fold,1.2,41,20260930,0.35625,0.35625,34.585556595099334
beta,harmonic_fold,1.2,42,20260930,0.64375,0.64375,88.21684381590744
beta,harmonic_fold,1.2,43,20260930,0.7,0.7,100.76528929404688
beta,harmonic_fold,1.2,44,20260930,0.4125,0.4125,43.72799015344951
beta,harmonic_fold,1.2,45,20260930,0.525,0.525,63.99409983123474
beta,harmonic_fold,1.2,46,20260930,0.6625,0.6625,92.31877356219817
beta,harmonic_fold,1.2,47,20260930,0.45625,0.45625,51.30072438883789
beta,harmonic_fold,1.2,48,20260930,0.53125,0.53125,65.19583785534424
beta,harmonic_fold,1.2,49,20260930,0.8375,0.8375,134.92211614027755
beta,harmonic_fold,1.2,50,20260930,0.5375,0.5375,66.40556333054036
beta,harmonic_fold,1.2,51,20260930,0.6625,0.6625,92.31877356219817
beta,harmonic_fold,1.2,52,20260930,0.875,0.875,145.33017791752889
beta,harmonic_fold,1.2,53,20260930,0.8375,0.8375,134.92211614027755
beta,harmonic_fold,1.2,54,20260930,0.725,0.725,106.58450493196337
beta,harmonic_fold,1.2,55,20260930,0.525,0.525,63.99409983123474
beta,harmonic_fold,1.2,56,20260930,0.8875,0.8875,148.93797817414102
beta,harmonic_fold,1.2,57,20260930,0.90625,0.90625,154.50201699338817
beta,harmonic_fold,1.2,58,20260930,0.6875,0.6875,97.91300008088304
beta,harmonic_fold,1.2,59,20260930,0.3375,0.3375,31.692101051719455
beta,harmonic_fold,1.2,60,20260930,0.49375,0.49375,58.10491535554491
beta,harmonic_fold,1.2,61,20260930,0.36875,0.36875,36.55801666879255
beta,harmonic_fold,1.2,62,20260930,0.83125,0.83125,133.2416176259098
beta,harmonic_fold,1.2,63,20260930,0.95,0.95,168.39744800570446
beta,harmonic_fold,1.2,64,20260930,0.8125,0.8125,128.2836324256075
beta,harmonic_fold,1.2,65,20260930,0.26875,0.26875,21.78749934630125
beta,harmonic_fold,1.2,66,20260930,0.90625,0.90625,154.50201699338817
beta,harmonic_fold,1.2,67,20260930,0.88125,0.88125,147.12457087175193
beta,harmonic_fold,1.2,68,20260930,0.3125,0.3125,27.95914718417681
beta,harmonic_fold,1.2,69,20260930,0.275,0.275,22.63988145591588
beta,harmonic_fold,1.2,70,20260930,0.825,0.825,131.57530134811452
beta,harmonic_fold,1.2,1,20260931,0.875,0.875,145.33017791752889
beta,harmonic_fold,1.2,2,20260931,0.93125,0.93125,162.25818373817376
beta,harmonic_fold,1.2,3,20260931,0.91875,0.91875,158.32661518711114
beta,harmonic_fold,1.2,4,20260931,0.76875,0.76875,117.15864189421202
beta,harmonic_fold,1.2,5,20260931,0.7625,0.7625,115.61601096546241
beta,harmonic_fold,1.2,6,20260931,0.7125,0.7125,103.65547268950144
beta,harmonic_fold,1.2,7,20260931,0.54375,0.54375,67.623290064736
beta,harmonic_fold,1.2,8,20260931,0.70625,0.70625,102.20558702100874
beta,harmonic_fold,1.2,9,20260931,0.9625,0.9625,172.6946666819489
beta,harmonic_fold,1.2,10,20260931,0.6875,0.6875,97.91300008088304
beta,harmonic_fold,1.2,11,20260931,0.3375,0.3375,31.692101051719455
beta,harmonic_fold,1.2,12,20260931,0.93125,0.93125,162.25818373817376
beta,harmonic_fold,1.2,13,20260931,0.93125,0.93125,162.25818373817376
beta,harmonic_fold,1.2,14,20260931,0.3625,0.3625,35.567483001737315
beta,harmonic_fold,1.2,15,20260931,0.7,0.7,100.76528929404688
beta,harmonic_fold,1.2,16,20260931,0.76875,0.76875,117.15864189421202
beta,harmonic_fold,1.2,17,20260931,0.25,0.25,19.29170492758386
beta,harmonic_fold,1.2,18,20260931,0.98125,0.98125,179.5928246518152
beta,harmonic_fold,1.2,19,20260931,0.83125,0.83125,133.2416176259098
beta,harmonic_fold,1.2,20,20260931,0.38125,0.38125,38.56466102467387
beta,harmonic_fold,1.2,21,20260931,0.85625,0.85625,140.05325058553055
beta,harmonic_fold,1.2,22,20260931,0.825,0.825,131.57530134811452
beta,harmonic_fold,1.2,23,20260931,0.85,0.85,138.3274396708809
beta,harmonic_fold,1.2,24,20260931,0.61875,0.61875,82.86876785925449
beta,harmonic_fold,1.2,25,20260931,0.4375,0.4375,48.0067037113712
beta,harmonic_fold,1.2,26,20260931,0.65625,0.65625,90.94267093265638
beta,harmonic_fold,1.2,27,20260931,0.85,0.85,138.3274396708809
beta,harmonic_fold,1.2,28,20260931,0.85,0.85,138.3274396708809
beta,harmonic_fold,1.2,29,20260931,0.79375,0.79375,123.44331351539113
beta,harmonic_fold,1.2,30,20260931,0.71875,0.71875,105.11506882602296
beta,harmonic_fold,1.2,31,20260931,0.58125,0.58125,75.09877864631189
beta,harmonic_fold,1.2,32,20260931,0.15625,0.15625,8.368502382314755
beta,harmonic_fold,1.2,33,20260931,0.4625,0.4625,52.414792751199144
beta,harmonic_fold,1.2,34,20260931,0.94375,0.94375,166.314666326759
beta,harmonic_fold,1.2,35,20260931,0.7625,0.7625,115.61601096546241
beta,harmonic_fold,1.2,36,20260931,0.95625,0.95625,170.52220783551692
beta,harmonic_fold,1.2,37,20260931,0.9875,0.9875,182.07938686196866
beta,harmonic_fold,1.2,38,20260931,0.63125,0.63125,85.5257136964869
beta,harmonic_fold,1.2,39,20260931,0.75,0.75,112.56350878985887
beta,harmonic_fold,1.2,40,20260931,0.50625,0.50625,60.436710452101785
beta,harmonic_fold,1.2,41,20260931,0.29375,0.29375,25.256348834631872
beta,harmonic_fold,1.2,42,20260931,0.65625,0.65625,90.94267093265638
beta,harmonic_fold,1.2,43,20260931,0.6625,0.6625,92.31877356219817
beta,harmonic_fold,1.2,44,20260931,0.5125,0.5125,61.614543612944765
beta,harmonic_fold,1.2,45,20260931,0.4875,0.4875,56.950953419831
beta,harmonic_fold,1.2,46,20260931,0.7125,0.7125,103.65547268950144
beta,harmonic_fold,1.2,47,20260931,0.44375,0.44375,49.09665956516952
beta,harmonic_fold,1.2,48,20260931,0.6875,0.6875,97.91300008088304
beta,harmonic_fold,1.2,49,20260931,0.825,0.825,131.57530134811452
beta,harmonic_fold,1.2,50,20260931,0.48125,0.48125,55.80495270655931
beta,harmonic_fold,1.2,51,20260931,0.71875,0.71875,105.11506882602296
beta,harmonic_fold,1.2,52,20260931,0.90625,0.90625,154.50201699338817
beta,harmonic_fold,1.2,53,20260931,0.79375,0.79375,123.44331351539113
beta,harmonic_fold,1.2,54,20260931,0.7,0.7,100.76528929404688
beta,harmonic_fold,1.2,55,20260931,0.49375,0.49375,58.10491535554491
beta,harmonic_fold,1.2,56,20260931,0.8625,0.8625,141.7952254037732
beta,harmonic_fold,1.2,57,20260931,0.925,0.925,160.27804885927756
beta,harmonic_fold,1.2,58,20260931,0.6875,0.6875,97.91300008088304
beta,harmonic_fold,1.2,59,20260931,0.2625,0.2625,20.94523891668968
beta,harmonic_fold,1.2,60,20260931,0.5125,0.5125,61.614543612944765
beta,harmonic_fold,1.2,61,20260931,0.28125,0.28125,23.502240446532365
beta,harmonic_fold,1.2,62,20260931,0.8625,0.8625,141.7952254037732
beta,harmonic_fold,1.2,63,20260931,0.94375,0.94375,166.314666326759
beta,harmonic_fold,1.2,64,20260931,0.80625,0.80625,126.65755870298455
beta,harmonic_fold,1.2,65,20260931,0.325,0.325,29.807487339676882
beta,harmonic_fold,1.2,66,20260931,0.9,0.9,152.62560986159497
beta,harmonic_fold,1.2,67,20260931,0.7875,0.7875,121.85455842401132
beta,harmonic_fold,1.2,68,20260931,0.41875,0.41875,44.78544239107249
beta,harmonic_fold,1.2,69,20260931,0.16875,0.16875,9.65647750839546
beta,harmonic_fold,1.2,70,20260931,0.80625,0.80625,126.65755870298455
beta,harmonic_fold,1.5,1,20260929,0.91875,0.91875,134.57762290904446
beta,harmonic_fold,1.5,2,20260929,0.86875,0.86875,122.02088032327771
beta,harmonic_fold,1.5,3,20260929,0.95625,0.95625,144.94387666018937
beta,harmonic_fold,1.5,4,20260929,0.8,0.8,106.28758668682651
beta,harmonic_fold,1.5,5,20260929,0.85,0.85,117.57832372024875
beta,harmonic_fold,1.5,6,20260929,0.75625,0.75625,96.97170969566737
beta,harmonic_fold,1.5,7,20260929,0.575,0.575,62.757716677431624
beta,harmonic_fold,1.5,8,20260929,0.80625,0.80625,107.65892489753686
beta,harmonic_fold,1.5,9,20260929,0.975,0.975,150.63396323757408
beta,harmonic_fold,1.5,10,20260929,0.76875,0.76875,99.58484561008022
beta,harmonic_fold,1.5,11,20260929,0.43125,0.43125,39.88610584862072
beta,harmonic_fold,1.5,12,20260929,0.95625,0.95625,144.94387666018937
beta,harmonic_fold,1.5,13,20260929,0.975,0.975,150.63396323757408
beta,harmonic_fold,1.5,14,20260929,0.5375,0.5375,56.4447288309593
beta,harmonic_fold,1.5,15,20260929,0.775,0.775,100.9055929989103
beta,harmonic_fold,1.5,16,20260929,0.83125,0.83125,113.25537498202334
beta,harmonic_fold,1.5,17,20260929,0.28125,0.28125,19.97690437955251
beta,harmonic_fold,1.5,18,20260929,0.99375,0.99375,157.0243101883782
beta,harmonic_fold,1.5,19,20260929,0.86875,0.86875,122.02088032327771
beta,harmonic_fold,1.5,20,20260929,0.49375,0.49375,49.389178052213175
beta,harmonic_fold,1.5,21,20260929,0.90625,0.90625,131.32671444437995
beta,harmonic_fold,1.5,22,20260929,0.875,0.875,123.53065122989955
beta,harmonic_fold,1.5,23,20260929,0.9625,0.9625,146.79046667965656
beta,harmonic_fold,1.5,24,20260929,0.74375,0.74375,94.3952728218065
beta,harmonic_fold,1.5,25,20260929,0.55,0.55,58.52167927234629
beta,harmonic_fold,1.5,26,20260929,0.64375,0.64375,74.98431724352132
beta,harmonic_fold,1.5,27,20260929,0.9125,0.9125,132.9415731452283
beta,harmonic_fold,1.5,28,20260929,0.90625,0.90625,131.32671444437995
beta,harmonic_fold,1.5,29,20260929,0.925,0.925,136.23634153038591
beta,harmonic_fold,1.5,30,20260929,0.75625,0.75625,96.97170969566737
beta,harmonic_fold,1.5,31,20260929,0.6125,0.6125,69.32002469959076
beta,harmonic_fold,1.5,32,20260929,0.3125,0.3125,23.765275106550288
beta,harmonic_fold,1.5,33,20260929,0.56875,0.56875,61.6883900014275
beta,harmonic_fold,1.5,34,20260929,0.96875,0.96875,148.68410853705606
beta,harmonic_fold,1.5,35,20260929,0.89375,0.89375,128.1556184512326
beta,harmonic_fold,1.5,36,20260929,0.98125,0.98125,152.6539009540429
beta,harmonic_fold,1.5,37,20260929,0.99375,0.99375,157.0243101883782
beta,harmonic_fold,1.5,38,20260929,0.775,0.775,100.9055929989103
beta,harmonic_fold,1.5,39,20260929,0.7875,0.7875,103.57637466040961
beta,harmonic_fold,1.5,40,20260929,0.59375,0.59375,66.00732120229566
beta,harmonic_fold,1.5,41,20260929,0.45,0.45,42.66547261575951
beta,harmonic_fold,1.5,42,20260929,0.725,0.725,90.59682919216885
beta,harmonic_fold,1.5,43,20260929,0.75,0.75,95.67898247138004
beta,harmonic_fold,1.5,44,20260929,0.51875,0.51875,53.38028729679546
beta,harmonic_fold,1.5,45,20260929,0.6375,0.6375,73.83692885709024
beta,harmonic_fold,1.5,46,20260929,0.75,0.75,95.67898247138004
beta,harmonic_fold,1.5,47,20260929,0.54375,0.54375,57.4797965550256
beta,harmonic_fold,1.5,48,20260929,0.80625,0.80625,107.65892489753686
beta,harmonic_fold,1.5,49,20260929,0.78125,0.78125,102.23603690918553
beta,harmonic_fold,1.5,50,20260929,0.74375,0.74375,94.3952728218065
beta,harmonic_fold,1.5,51,20260929,0.76875,0.76875,99.58484561008022
beta,harmonic_fold,1.5,52,20260929,0.9375,0.9375,139.62901168774377
beta,harmonic_fold,1.5,53,20260929,0.85,0.85,117.57832372024875
beta,harmonic_fold,1.5,54,20260929,0.8,0.8,106.28758668682651
beta,harmonic_fold,1.5,55,20260929,0.51875,0.51875,53.38028729679546
beta,harmonic_fold,1.5,56,20260929,0.90625,0.90625,131.32671444437995
beta,harmonic_fold,1.5,57,20260929,0.9375,0.9375,139.62901168774377
beta,harmonic_fold,1.5,58,20260929,0.80625,0.80625,107.65892489753686
beta,harmonic_fold,1.5,59,20260929,0.38125,0.38125,32.779961870972784
beta,harmonic_fold,1.5,60,20260929,0.55,0.55,58.52167927234629
beta,harmonic_fold,1.5,61,20260929,0.36875,0.36875,31.074314168473663
beta,harmonic_fold,1.5,62,20260929,0.9125,0.9125,132.9415731452283
beta,harmonic_fold,1.5,63,20260929,0.98125,0.98125,152.6539009540429
beta,harmonic_fold,1.5,64,20260929,0.8875,0.8875,126.59728144801987
beta,harmonic_fold,1.5,65,20260929,0.3625,0.3625,30.232360551476717
beta,harmonic_fold,1.5,66,20260929,0.91875,0.91875,134.57762290904446
beta,harmonic_fold,1.5,67,20260929,0.91875,0.91875,134.57762290904446
beta,harmonic_fold,1.5,68,20260929,0.3875,0.3875,33.64355972227055
beta,harmonic_fold,1.5,69,20260929,0.3375,0.3375,26.938285893961535
beta,harmonic_fold,1.5,70,20260929,0.8625,0.8625,120.52594159320722
beta,harmonic_fold,1.5,1,20260930,0.9125,0.9125,132.9415731452283
beta,harmonic_fold,1.5,2,20260930,0.9125,0.9125,132.9415731452283
beta,harmonic_fold,1.5,3,20260930,0.95,0.95,143.1378308048488
beta,harmonic_fold,1.5,4,20260930,0.83125,0.83125,113.25537498202334
beta,harmonic_fold,1.5,5,20260930,0.79375,0.79375,104.92681648808245
beta,harmonic_fold,1.5,6,20260930,0.80625,0.80625,107.65892489753686
beta,harmonic_fold,1.5,7,20260930,0.50625,0.50625,51.371203884286516
beta,harmonic_fold,1.5,8,20260930,0.7875,0.7875,103.57637466040961
beta,harmonic_fold,1.5,9,20260930,0.975,0.975,150.63396323757408
beta,harmonic_fold,1.5,10,20260930,0.75,0.75,95.67898247138004
beta,harmonic_fold,1.5,11,20260930,0.45,0.45,42.66547261575951
beta,harmonic_fold,1.5,12,20260930,0.95,0.95,143.1378308048488
beta,harmonic_fold,1.5,13,20260930,0.96875,0.96875,148.68410853705606
beta,harmonic_fold,1.5,14,20260930,0.44375,0.44375,41.73216063039409
beta,harmonic_fold,1.5,15,20260930,0.725,0.725,90.59682919216885
beta,harmonic_fold,1.5,16,20260930,0.8125,0.8125,109.04108756176636
beta,harmonic_fold,1.5,17,20260930,0.25625,0.25625,17.096265370946107
beta,harmonic_fold,1.5,18,20260930,0.9875,0.9875,154.76747883267336
beta,harmonic_fold,1.5,19,20260930,0.83125,0.83125,113.25537498202334
beta,harmonic_fold,1.5,20,20260930,0.49375,0.49375,49.389178052213175
beta,harmonic_fold,1.5,21,20260930,0.925,0.925,136.23634153038591
beta,harmonic_fold,1.5,22,20260930,0.8375,0.8375,114.68379871923591
beta,harmonic_fold,1.5,23,20260930,0.94375,0.94375,141.36746637774516
beta,harmonic_fold,1.5,24,20260930,0.7,0.7,85.65049589993984
beta,harmonic_fold,1.5,25,20260930,0.55,0.55,58.52167927234629
beta,harmonic_fold,1.5,26,20260930,0.6625,0.6625,78.47095752786845
beta,harmonic_fold,1.5,27,20260930,0.91875,0.91875,134.57762290904446
beta,harmonic_fold,1.5,28,20260930,0.88125,0.88125,125.05588524098913
beta,harmonic_fold,1.5,29,20260930,0.86875,0.86875,122.02088032327771
beta,harmonic_fold,1.5,30,20260930,0.73125,0.73125,91.85433023106974
beta,harmonic_fold,1.5,31,20260930,0.5875,0.5875,64.91715327945892
beta,harmonic_fold,1.5,32,20260930,0.28125,0.28125,19.97690437955251
beta,harmonic_fold,1.5,33,20260930,0.5375,0.5375,56.4447288309593
beta,harmonic_fold,1.5,34,20260930,0.95,0.95,143.1378308048488
beta,harmonic_fold,1.5,35,20260930,0.8625,0.8625,120.52594159320722
beta,harmonic_fold,1.5,36,20260930,0.975,0.975,150.63396323757408
beta,harmonic_fold,1.5,37,20260930,0.98125,0.98125,152.6539009540429
beta,harmonic_fold,1.5,38,20260930,0.74375,0.74375,94.3952728218065
beta,harmonic_fold,1.5,39,20260930,0.78125,0.78125,102.23603690918553
beta,harmonic_fold,1.5,40,20260930,0.5625,0.5625,60.625956475398944
beta,harmonic_fold,1.5,41,20260930,0.3875,0.3875,33.64355972227055
beta,harmonic_fold,1.5,42,20260930,0.7375,0.7375,93.12043469797328
beta,harmonic_fold,1.5,43,20260930,0.74375,0.74375,94.3952728218065
beta,harmonic_fold,1.5,44,20260930,0.46875,0.46875,45.50633301667589
beta,harmonic_fold,1.5,45,20260930,0.575,0.575,62.757716677431624
beta,harmonic_fold,1.5,46,20260930,0.775,0.775,100.9055929989103
beta,harmonic_fold,1.5,47,20260930,0.5375,0.5375,56.4447288309593
beta,harmonic_fold,1.5,48,20260930,0.63125,0.63125,72.69685664201387
beta,harmonic_fold,1.5,49,20260930,0.8625,0.8625,120.52594159320722
beta,harmonic_fold,1.5,50,20260930,0.575,0.575,62.757716677431624
beta,harmonic_fold,1.5,51,20260930,0.70625,0.70625,86.87474896785743
beta,harmonic_fold,1.5,52,20260930,0.93125,0.93125,137.9194561774477
beta,harmonic_fold,1.5,53,20260930,0.85625,0.85625,119.04526299770096
beta,harmonic_fold,1.5,54,20260930,0.79375,0.79375,104.92681648808245
beta,harmonic_fold,1.5,55,20260930,0.51875,0.51875,53.38028729679546
beta,harmonic_fold,1.5,56,20260930,0.89375,0.89375,128.1556184512326
beta,harmonic_fold,1.5,57,20260930,0.93125,0.93125,137.9194561774477
beta,harmonic_fold,1.5,58,20260930,0.7375,0.7375,93.12043469797328
beta,harmonic_fold,1.5,59,20260930,0.3625,0.3625,30.232360551476717
beta,harmonic_fold,1.5,60,20260930,0.525,0.525,54.39498485654953
beta,harmonic_fold,1.5,61,20260930,0.3375,0.3375,26.938285893961535
beta,harmonic_fold,1.5,62,20260930,0.88125,0.88125,125.05588524098913
beta,harmonic_fold,1.5,63,20260930,0.9625,0.9625,146.79046667965656
beta,harmonic_fold,1.5,64,20260930,0.84375,0.84375,116.1246477890014
beta,harmonic_fold,1.5,65,20260930,0.35,0.35,28.570457917542296
beta,harmonic_fold,1.5,66,20260930,0.91875,0.91875,134.57762290904446
beta,harmonic_fold,1.5,67,20260930,0.89375,0.89375,128.1556184512326
beta,harmonic_fold,1.5,68,20260930,0.33125,0.33125,26.13350891597097
beta,harmonic_fold,1.5,69,20260930,0.29375,0.29375,21.46789650943709
beta,harmonic_fold,1.5,70,20260930,0.85625,0.85625,119.04526299770096
beta,harmonic_fold,1.5,1,20260931,0.90625,0.90625,131.32671444437995
beta,harmonic_fold,1.5,2,20260931,0.91875,0.91875,134.57762290904446
beta,harmonic_fold,1.5,3,20260931,0.95,0.95,143.1378308048488
beta,harmonic_fold,1.5,4,20260931,0.7875,0.7875,103.57637466040961
beta,harmonic_fold,1.5,5,20260931,0.8625,0.8625,120.52594159320722
beta,harmonic_fold,1.5,6,20260931,0.725,0.725,90.59682919216885
beta,harmonic_fold,1.5,7,20260931,0.60625,0.60625,68.20872020331085
beta,harmonic_fold,1.5,8,20260931,0.7,0.7,85.65049589993984
beta,harmonic_fold,1.5,9,20260931,0.96875,0.96875,148.68410853705606
beta,harmonic_fold,1.5,10,20260931,0.75625,0.75625,96.97170969566737
beta,harmonic_fold,1.5,11,20260931,0.375,0.375,31.923531155204774
beta,harmonic_fold,1.5,12,20260931,0.95625,0.95625,144.94387666018937
beta,harmonic_fold,1.5,13,20260931,0.975,0.975,150.63396323757408
beta,harmonic_fold,1.5,14,20260931,0.44375,0.44375,41.73216063039409
beta,harmonic_fold,1.5,15,20260931,0.74375,0.74375,94.3952728218065
beta,harmonic_fold,1.5,16,20260931,0.80625,0.80625,107.65892489753686
beta,harmonic_fold,1.5,17,20260931,0.2625,0.2625,17.803453079186227
beta,harmonic_fold,1.5,18,20260931,0.9875,0.9875,154.76747883267336
beta,harmonic_fold,1.5,19,20260931,0.875,0.875,123.53065122989955
beta,harmonic_fold,1.5,20,20260931,0.475,0.475,46.46688152825617
beta,harmonic_fold,1.5,21,20260931,0.93125,0.93125,137.9194561774477
beta,harmonic_fold,1.5,22,20260931,0.925,0.925,136.23634153038591
beta,harmonic_fold,1.5,23,20260931,0.93125,0.93125,137.9194561774477
beta,harmonic_fold,1.5,24,20260931,0.7,0.7,85.65049589993984
beta,harmonic_fold,1.5,25,20260931,0.55,0.55,58.52167927234629
beta,harmonic_fold,1.5,26,20260931,0.69375,0.69375,84.43429402542314
beta,harmonic_fold,1.5,27,20260931,0.9125,0.9125,132.9415731452283
beta,harmonic_fold,1.5,28,20260931,0.85625,0.85625,119.04526299770096
beta,harmonic_fold,1.5,29,20260931,0.81875,0.81875,110.43434957120631
beta,harmonic_fold,1.5,30,20260931,0.775,0.775,100.9055929989103
beta,harmonic_fold,1.5,31,20260931,0.59375,0.59375,66.00732120229566
beta,harmonic_fold,1.5,32,20260931,0.18125,0.18125,9.351032135465838
beta,harmonic_fold,1.5,33,20260931,0.54375,0.54375,57.4797965550256
beta,harmonic_fold,1.5,34,20260931,0.9625,0.9625,146.79046667965656
beta,harmonic_fold,1.5,35,20260931,0.80625,0.80625,107.65892489753686
beta,harmonic_fold,1.5,36,20260931,0.98125,0.98125,152.6539009540429
beta,harmonic_fold,1.5,37,20260931,0.99375,0.99375,157.0243101883782
beta,harmonic_fold,1.5,38,20260931,0.75,0.75,95.67898247138004
beta,harmonic_fold,1.5,39,20260931,0.80625,0.80625,107.65892489753686
beta,harmonic_fold,1.5,40,20260931,0.5875,0.5875,64.91715327945892
beta,harmonic_fold,1.5,41,20260931,0.34375,0.34375,27.750624490924327
beta,harmonic_fold,1.5,42,20260931,0.75,0.75,95.67898247138004
beta,harmonic_fold,1.5,43,20260931,0.775,0.775,100.9055929989103
beta,harmonic_fold,1.5,44,20260931,0.5375,0.5375,56.4447288309593
beta,harmonic_fold,1.5,45,20260931,0.525,0.525,54.39498485654953
beta,harmonic_fold,1.5,46,20260931,0.775,0.775,100.9055929989103
beta,harmonic_fold,1.5,47,20260931,0.4875,0.4875,48.40831040685635
beta,harmonic_fold,1.5,48,20260931,0.71875,0.71875,89.34780850211952
beta,harmonic_fold,1.5,49,20260931,0.8375,0.8375,114.68379871923591
beta,harmonic_fold,1.5,50,20260931,0.55,0.55,58.52167927234629
beta,harmonic_fold,1.5,51,20260931,0.78125,0.78125,102.23603690918553
beta,harmonic_fold,1.5,52,20260931,0.95625,0.95625,144.94387666018937
beta,harmonic_fold,1.5,53,20260931,0.79375,0.79375,104.92681648808245
beta,harmonic_fold,1.5,54,20260931,0.80625,0.80625,107.65892489753686
beta,harmonic_fold,1.5,55,20260931,0.51875,0.51875,53.38028729679546
beta,harmonic_fold,1.5,56,20260931,0.875,0.875,123.53065122989955
beta,harmonic_fold,1.5,57,20260931,0.95625,0.95625,144.94387666018937
beta,harmonic_fold,1.5,58,20260931,0.8,0.8,106.28758668682651
beta,harmonic_fold,1.5,59,20260931,0.35,0.35,28.570457917542296
beta,harmonic_fold,1.5,60,20260931,0.56875,0.56875,61.6883900014275
beta,harmonic_fold,1.5,61,20260931,0.34375,0.34375,27.750624490924327
beta,harmonic_fold,1.5,62,20260931,0.875,0.875,123.53065122989955
beta,harmonic_fold,1.5,63,20260931,0.975,0.975,150.63396323757408
beta,harmonic_fold,1.5,64,20260931,0.8125,0.8125,109.04108756176636
beta,harmonic_fold,1.5,65,20260931,0.375,0.375,31.923531155204774
beta,harmonic_fold,1.5,66,20260931,0.91875,0.91875,134.57762290904446
beta,harmonic_fold,1.5,67,20260931,0.7625,0.7625,98.27360932064305
beta,harmonic_fold,1.5,68,20260931,0.5125,0.5125,52.372362071003046
beta,harmonic_fold,1.5,69,20260931,0.20625,0.20625,11.771602380635349
beta,harmonic_fold,1.5,70,20260931,0.85,0.85,117.57832372024875
beta,ssvepformer,0.4,1,20260929,0.5375,0.5375,125.4327307354651
beta,ssvepformer,0.4,2,20260929,0.5125,0.5125,116.3830268244512
beta,ssvepformer,0.4,3,20260929,0.55625,0.55625,132.3786513756759
beta,ssvepformer,0.4,4,20260929,0.3125,0.3125,52.811722459000634
beta,ssvepformer,0.4,5,20260929,0.21875,0.21875,28.988609924189035
beta,ssvepformer,0.4,6,20260929,0.3,0.3,49.390376163539784
beta,ssvepformer,0.4,7,20260929,0.11875,0.11875,9.227354410033803
beta,ssvepformer,0.4,8,20260929,0.325,0.325,56.30303164161188
beta,ssvepformer,0.4,9,20260929,0.575,0.575,139.4615926165147
beta,ssvepformer,0.4,10,20260929,0.29375,0.29375,47.706436687637975
beta,ssvepformer,0.4,11,20260929,0.125,0.125,10.242447345553293
beta,ssvepformer,0.4,12,20260929,0.5,0.5,111.94846569708254
beta,ssvepformer,0.4,13,20260929,0.4625,0.4625,99.00571964115393
beta,ssvepformer,0.4,14,20260929,0.15,0.15,14.633060275870058
beta,ssvepformer,0.4,15,20260929,0.24375,0.24375,34.90811240146735
beta,ssvepformer,0.4,16,20260929,0.34375,0.34375,61.66805442427628
beta,ssvepformer,0.4,17,20260929,0.1,0.1,6.40470028813714
beta,ssvepformer,0.4,18,20260929,0.6,0.6,149.121107525853
beta,ssvepformer,0.4,19,20260929,0.33125,0.33125,58.07446425771327
beta,ssvepformer,0.4,20,20260929,0.10625,0.10625,7.306646734693345
beta,ssvepformer,0.4,21,20260929,0.45,0.45,94.81216136835447
beta,ssvepformer,0.4,22,20260929,0.48125,0.48125,105.40935511238982
beta,ssvepformer,0.4,23,20260929,0.3,0.3,49.390376163539784
beta,ssvepformer,0.4,24,20260929,0.18125,0.18125,20.780071412146306
beta,ssvepformer,0.4,25,20260929,0.175,0.175,19.49702861796337
beta,ssvepformer,0.4,26,20260929,0.2375,0.2375,33.396720830139216
beta,ssvepformer,0.4,27,20260929,0.275,0.275,42.76422052784111
beta,ssvepformer,0.4,28,20260929,0.4625,0.4625,99.00571964115393
beta,ssvepformer,0.4,29,20260929,0.39375,0.39375,76.69840235125336
beta,ssvepformer,0.4,30,20260929,0.3125,0.3125,52.811722459000634
beta,ssvepformer,0.4,31,20260929,0.14375,0.14375,13.488423487823079
beta,ssvepformer,0.4,32,20260929,0.075,0.075,3.2412998875523513
beta,ssvepformer,0.4,33,20260929,0.19375,0.19375,23.421464724317847
beta,ssvepformer,0.4,34,20260929,0.3875,0.3875,74.76346604949012
beta,ssvepformer,0.4,35,20260929,0.40625,0.40625,80.61540826932332
beta,ssvepformer,0.4,36,20260929,0.575,0.575,139.4615926165147
beta,ssvepformer,0.4,37,20260929,0.525,0.525,120.87774412566561
beta,ssvepformer,0.4,38,20260929,0.175,0.175,19.49702861796337
beta,ssvepformer,0.4,39,20260929,0.325,0.325,56.30303164161188
beta,ssvepformer,0.4,40,20260929,0.1875,0.1875,22.088435462442686
beta,ssvepformer,0.4,41,20260929,0.1375,0.1375,12.374318517674016
beta,ssvepformer,0.4,42,20260929,0.23125,0.23125,31.90607740205884
beta,ssvepformer,0.4,43,20260929,0.2625,0.2625,39.563229064858284
beta,ssvepformer,0.4,44,20260929,0.125,0.125,10.242447345553293
beta,ssvepformer,0.4,45,20260929,0.1625,0.1625,17.00978619394527
beta,ssvepformer,0.4,46,20260929,0.23125,0.23125,31.90607740205884
beta,ssvepformer,0.4,47,20260929,0.08125,0.08125,3.959760355845532
beta,ssvepformer,0.4,48,20260929,0.18125,0.18125,20.780071412146306
beta,ssvepformer,0.4,49,20260929,0.3375,0.3375,59.862857542136744
beta,ssvepformer,0.4,50,20260929,0.26875,0.26875,41.154165431902356
beta,ssvepformer,0.4,51,20260929,0.18125,0.18125,20.780071412146306
beta,ssvepformer,0.4,52,20260929,0.31875,0.31875,54.54872582718589
beta,ssvepformer,0.4,53,20260929,0.425,0.425,86.60757042789227
beta,ssvepformer,0.4,54,20260929,0.2875,0.2875,46.04060776796116
beta,ssvepformer,0.4,55,20260929,0.21875,0.21875,28.988609924189035
beta,ssvepformer,0.4,56,20260929,0.35,0.35,63.48990648342732
beta,ssvepformer,0.4,57,20260929,0.425,0.425,86.60757042789227
beta,ssvepformer,0.4,58,20260929,0.2625,0.2625,39.563229064858284
beta,ssvepformer,0.4,59,20260929,0.1625,0.1625,17.00978619394527
beta,ssvepformer,0.4,60,20260929,0.2125,0.2125,27.562636411190766
beta,ssvepformer,0.4,61,20260929,0.14375,0.14375,13.488423487823079
beta,ssvepformer,0.4,62,20260929,0.51875,0.51875,118.62286065954547
beta,ssvepformer,0.4,63,20260929,0.6625,0.6625,174.37990561748543
beta,ssvepformer,0.4,64,20260929,0.35,0.35,63.48990648342732
beta,ssvepformer,0.4,65,20260929,0.125,0.125,10.242447345553293
beta,ssvepformer,0.4,66,20260929,0.58125,0.58125,141.85324855414464
beta,ssvepformer,0.4,67,20260929,0.325,0.325,56.30303164161188
beta,ssvepformer,0.4,68,20260929,0.1625,0.1625,17.00978619394527
beta,ssvepformer,0.4,69,20260929,0.09375,0.09375,5.544523021361354
beta,ssvepformer,0.4,70,20260929,0.35,0.35,63.48990648342732
beta,ssvepformer,0.4,1,20260930,0.53125,0.53125,123.14769372676132
beta,ssvepformer,0.4,2,20260930,0.50625,0.50625,114.15823085397003
beta,ssvepformer,0.4,3,20260930,0.58125,0.58125,141.85324855414464
beta,ssvepformer,0.4,4,20260930,0.3,0.3,49.390376163539784
beta,ssvepformer,0.4,5,20260930,0.225,0.225,30.436569750407056
beta,ssvepformer,0.4,6,20260930,0.29375,0.29375,47.706436687637975
beta,ssvepformer,0.4,7,20260930,0.10625,0.10625,7.306646734693345
beta,ssvepformer,0.4,8,20260930,0.29375,0.29375,47.706436687637975
beta,ssvepformer,0.4,9,20260930,0.56875,0.56875,137.08531111428334
beta,ssvepformer,0.4,10,20260930,0.34375,0.34375,61.66805442427628
beta,ssvepformer,0.4,11,20260930,0.11875,0.11875,9.227354410033803
beta,ssvepformer,0.4,12,20260930,0.5375,0.5375,125.4327307354651
beta,ssvepformer,0.4,13,20260930,0.4625,0.4625,99.00571964115393
beta,ssvepformer,0.4,14,20260930,0.19375,0.19375,23.421464724317847
beta,ssvepformer,0.4,15,20260930,0.28125,0.28125,44.39312084345003
beta,ssvepformer,0.4,16,20260930,0.3,0.3,49.390376163539784
beta,ssvepformer,0.4,17,20260930,0.1,0.1,6.40470028813714
beta,ssvepformer,0.4,18,20260930,0.5875,0.5875,144.26034062101982
beta,ssvepformer,0.4,19,20260930,0.325,0.325,56.30303164161188
beta,ssvepformer,0.4,20,20260930,0.06875,0.06875,2.577052809748833
beta,ssvepformer,0.4,21,20260930,0.45625,0.45625,96.90136829002712
beta,ssvepformer,0.4,22,20260930,0.44375,0.44375,92.73813473420908
beta,ssvepformer,0.4,23,20260930,0.2875,0.2875,46.04060776796116
beta,ssvepformer,0.4,24,20260930,0.18125,0.18125,20.780071412146306
beta,ssvepformer,0.4,25,20260930,0.15,0.15,14.633060275870058
beta,ssvepformer,0.4,26,20260930,0.25625,0.25625,37.99170082432468
beta,ssvepformer,0.4,27,20260930,0.2375,0.2375,33.396720830139216
beta,ssvepformer,0.4,28,20260930,0.425,0.425,86.60757042789227
beta,ssvepformer,0.4,29,20260930,0.3875,0.3875,74.76346604949012
beta,ssvepformer,0.4,30,20260930,0.33125,0.33125,58.07446425771327
beta,ssvepformer,0.4,31,20260930,0.18125,0.18125,20.780071412146306
beta,ssvepformer,0.4,32,20260930,0.09375,0.09375,5.544523021361354
beta,ssvepformer,0.4,33,20260930,0.19375,0.19375,23.421464724317847
beta,ssvepformer,0.4,34,20260930,0.39375,0.39375,76.69840235125336
beta,ssvepformer,0.4,35,20260930,0.35625,0.35625,65.32827356852096
beta,ssvepformer,0.4,36,20260930,0.575,0.575,139.4615926165147
beta,ssvepformer,0.4,37,20260930,0.6125,0.6125,154.0444993324239
beta,ssvepformer,0.4,38,20260930,0.15,0.15,14.633060275870058
beta,ssvepformer,0.4,39,20260930,0.3,0.3,49.390376163539784
beta,ssvepformer,0.4,40,20260930,0.19375,0.19375,23.421464724317847
beta,ssvepformer,0.4,41,20260930,0.125,0.125,10.242447345553293
beta,ssvepformer,0.4,42,20260930,0.2375,0.2375,33.396720830139216
beta,ssvepformer,0.4,43,20260930,0.275,0.275,42.76422052784111
beta,ssvepformer,0.4,44,20260930,0.1125,0.1125,8.248177465494658
beta,ssvepformer,0.4,45,20260930,0.1625,0.1625,17.00978619394527
beta,ssvepformer,0.4,46,20260930,0.225,0.225,30.436569750407056
beta,ssvepformer,0.4,47,20260930,0.1125,0.1125,8.248177465494658
beta,ssvepformer,0.4,48,20260930,0.16875,0.16875,18.240013071413646
beta,ssvepformer,0.4,49,20260930,0.3375,0.3375,59.862857542136744
beta,ssvepformer,0.4,50,20260930,0.2375,0.2375,33.396720830139216
beta,ssvepformer,0.4,51,20260930,0.18125,0.18125,20.780071412146306
beta,ssvepformer,0.4,52,20260930,0.3,0.3,49.390376163539784
beta,ssvepformer,0.4,53,20260930,0.4375,0.4375,90.67932923259005
beta,ssvepformer,0.4,54,20260930,0.29375,0.29375,47.706436687637975
beta,ssvepformer,0.4,55,20260930,0.2125,0.2125,27.562636411190766
beta,ssvepformer,0.4,56,20260930,0.35,0.35,63.48990648342732
beta,ssvepformer,0.4,57,20260930,0.425,0.425,86.60757042789227
beta,ssvepformer,0.4,58,20260930,0.225,0.225,30.436569750407056
beta,ssvepformer,0.4,59,20260930,0.175,0.175,19.49702861796337
beta,ssvepformer,0.4,60,20260930,0.23125,0.23125,31.90607740205884
beta,ssvepformer,0.4,61,20260930,0.1375,0.1375,12.374318517674016
beta,ssvepformer,0.4,62,20260930,0.5,0.5,111.94846569708254
beta,ssvepformer,0.4,63,20260930,0.61875,0.61875,156.52989484525847
beta,ssvepformer,0.4,64,20260930,0.375,0.375,70.9411803448995
beta,ssvepformer,0.4,65,20260930,0.1125,0.1125,8.248177465494658
beta,ssvepformer,0.4,66,20260930,0.6,0.6,149.121107525853
beta,ssvepformer,0.4,67,20260930,0.35,0.35,63.48990648342732
beta,ssvepformer,0.4,68,20260930,0.15625,0.15625,15.807171166594536
beta,ssvepformer,0.4,69,20260930,0.125,0.125,10.242447345553293
beta,ssvepformer,0.4,70,20260930,0.3125,0.3125,52.811722459000634
beta,ssvepformer,0.4,1,20260931,0.525,0.525,120.87774412566561
beta,ssvepformer,0.4,2,20260931,0.4875,0.4875,107.57402312634744
beta,ssvepformer,0.4,3,20260931,0.59375,0.59375,146.68293600510145
beta,ssvepformer,0.4,4,20260931,0.31875,0.31875,54.54872582718589
beta,ssvepformer,0.4,5,20260931,0.1875,0.1875,22.088435462442686
beta,ssvepformer,0.4,6,20260931,0.2875,0.2875,46.04060776796116
beta,ssvepformer,0.4,7,20260931,0.1375,0.1375,12.374318517674016
beta,ssvepformer,0.4,8,20260931,0.30625,0.30625,51.09220718033225
beta,ssvepformer,0.4,9,20260931,0.5625,0.5625,134.72434772310876
beta,ssvepformer,0.4,10,20260931,0.3,0.3,49.390376163539784
beta,ssvepformer,0.4,11,20260931,0.11875,0.11875,9.227354410033803
beta,ssvepformer,0.4,12,20260931,0.525,0.525,120.87774412566561
beta,ssvepformer,0.4,13,20260931,0.46875,0.46875,101.12518448150198
beta,ssvepformer,0.4,14,20260931,0.19375,0.19375,23.421464724317847
beta,ssvepformer,0.4,15,20260931,0.28125,0.28125,44.39312084345003
beta,ssvepformer,0.4,16,20260931,0.35625,0.35625,65.32827356852096
beta,ssvepformer,0.4,17,20260931,0.1,0.1,6.40470028813714
beta,ssvepformer,0.4,18,20260931,0.59375,0.59375,146.68293600510145
beta,ssvepformer,0.4,19,20260931,0.31875,0.31875,54.54872582718589
beta,ssvepformer,0.4,20,20260931,0.125,0.125,10.242447345553293
beta,ssvepformer,0.4,21,20260931,0.4125,0.4125,82.59731473429352
beta,ssvepformer,0.4,22,20260931,0.44375,0.44375,92.73813473420908
beta,ssvepformer,0.4,23,20260931,0.2375,0.2375,33.396720830139216
beta,ssvepformer,0.4,24,20260931,0.1875,0.1875,22.088435462442686
beta,ssvepformer,0.4,25,20260931,0.18125,0.18125,20.780071412146306
beta,ssvepformer,0.4,26,20260931,0.275,0.275,42.76422052784111
beta,ssvepformer,0.4,27,20260931,0.24375,0.24375,34.90811240146735
beta,ssvepformer,0.4,28,20260931,0.475,0.475,103.25973672945814
beta,ssvepformer,0.4,29,20260931,0.3875,0.3875,74.76346604949012
beta,ssvepformer,0.4,30,20260931,0.31875,0.31875,54.54872582718589
beta,ssvepformer,0.4,31,20260931,0.175,0.175,19.49702861796337
beta,ssvepformer,0.4,32,20260931,0.08125,0.08125,3.959760355845532
beta,ssvepformer,0.4,33,20260931,0.18125,0.18125,20.780071412146306
beta,ssvepformer,0.4,34,20260931,0.38125,0.38125,72.84435971327285
beta,ssvepformer,0.4,35,20260931,0.38125,0.38125,72.84435971327285
beta,ssvepformer,0.4,36,20260931,0.56875,0.56875,137.08531111428334
beta,ssvepformer,0.4,37,20260931,0.6125,0.6125,154.0444993324239
beta,ssvepformer,0.4,38,20260931,0.15,0.15,14.633060275870058
beta,ssvepformer,0.4,39,20260931,0.3125,0.3125,52.811722459000634
beta,ssvepformer,0.4,40,20260931,0.18125,0.18125,20.780071412146306
beta,ssvepformer,0.4,41,20260931,0.11875,0.11875,9.227354410033803
beta,ssvepformer,0.4,42,20260931,0.28125,0.28125,44.39312084345003
beta,ssvepformer,0.4,43,20260931,0.275,0.275,42.76422052784111
beta,ssvepformer,0.4,44,20260931,0.13125,0.13125,11.291902735445447
beta,ssvepformer,0.4,45,20260931,0.2,0.2,24.778548327346723
beta,ssvepformer,0.4,46,20260931,0.28125,0.28125,44.39312084345003
beta,ssvepformer,0.4,47,20260931,0.08125,0.08125,3.959760355845532
beta,ssvepformer,0.4,48,20260931,0.1625,0.1625,17.00978619394527
beta,ssvepformer,0.4,49,20260931,0.325,0.325,56.30303164161188
beta,ssvepformer,0.4,50,20260931,0.3125,0.3125,52.811722459000634
beta,ssvepformer,0.4,51,20260931,0.19375,0.19375,23.421464724317847
beta,ssvepformer,0.4,52,20260931,0.33125,0.33125,58.07446425771327
beta,ssvepformer,0.4,53,20260931,0.45625,0.45625,96.90136829002712
beta,ssvepformer,0.4,54,20260931,0.3125,0.3125,52.811722459000634
beta,ssvepformer,0.4,55,20260931,0.225,0.225,30.436569750407056
beta,ssvepformer,0.4,56,20260931,0.33125,0.33125,58.07446425771327
beta,ssvepformer,0.4,57,20260931,0.4,0.4,78.64907794102307
beta,ssvepformer,0.4,58,20260931,0.2625,0.2625,39.563229064858284
beta,ssvepformer,0.4,59,20260931,0.16875,0.16875,18.240013071413646
beta,ssvepformer,0.4,60,20260931,0.275,0.275,42.76422052784111
beta,ssvepformer,0.4,61,20260931,0.13125,0.13125,11.291902735445447
beta,ssvepformer,0.4,62,20260931,0.51875,0.51875,118.62286065954547
beta,ssvepformer,0.4,63,20260931,0.6375,0.6375,164.0820641268672
beta,ssvepformer,0.4,64,20260931,0.38125,0.38125,72.84435971327285
beta,ssvepformer,0.4,65,20260931,0.1,0.1,6.40470028813714
beta,ssvepformer,0.4,66,20260931,0.55625,0.55625,132.3786513756759
beta,ssvepformer,0.4,67,20260931,0.31875,0.31875,54.54872582718589
beta,ssvepformer,0.4,68,20260931,0.14375,0.14375,13.488423487823079
beta,ssvepformer,0.4,69,20260931,0.11875,0.11875,9.227354410033803
beta,ssvepformer,0.4,70,20260931,0.35,0.35,63.48990648342732
beta,ssvepformer,0.6,1,20260929,0.73125,0.73125,167.00787314739952
beta,ssvepformer,0.6,2,20260929,0.71875,0.71875,162.45056091294458
beta,ssvepformer,0.6,3,20260929,0.78125,0.78125,185.8837034712464
beta,ssvepformer,0.6,4,20260929,0.5125,0.5125,95.22247649273281
beta,ssvepformer,0.6,5,20260929,0.31875,0.31875,44.63077567678845
beta,ssvepformer,0.6,6,20260929,0.4375,0.4375,74.19217846302821
beta,ssvepformer,0.6,7,20260929,0.2,0.2,20.27335772237459
beta,ssvepformer,0.6,8,20260929,0.4125,0.4125,67.57962114624014
beta,ssvepformer,0.6,9,20260929,0.7625,0.7625,178.67928967389642
beta,ssvepformer,0.6,10,20260929,0.45,0.45,77.57358657410819
beta,ssvepformer,0.6,11,20260929,0.2,0.2,20.27335772237459
beta,ssvepformer,0.6,12,20260929,0.61875,0.61875,128.06991396430237
beta,ssvepformer,0.6,13,20260929,0.59375,0.59375,120.01331127690118
beta,ssvepformer,0.6,14,20260929,0.275,0.275,34.98890770459727
beta,ssvepformer,0.6,15,20260929,0.33125,0.33125,47.515470756310854
beta,ssvepformer,0.6,16,20260929,0.5375,0.5375,102.62677969265326
beta,ssvepformer,0.6,17,20260929,0.11875,0.11875,7.549653608209474
beta,ssvepformer,0.6,18,20260929,0.88125,0.88125,227.3743368017984
beta,ssvepformer,0.6,19,20260929,0.5125,0.5125,95.22247649273281
beta,ssvepformer,0.6,20,20260929,0.1625,0.1625,13.91709779504613
beta,ssvepformer,0.6,21,20260929,0.54375,0.54375,104.50872100913745
beta,ssvepformer,0.6,22,20260929,0.6375,0.6375,134.24896155834588
beta,ssvepformer,0.6,23,20260929,0.45625,0.45625,79.28293769184037
beta,ssvepformer,0.6,24,20260929,0.24375,0.24375,28.561182873927827
beta,ssvepformer,0.6,25,20260929,0.2375,0.2375,27.324589770113903
beta,ssvepformer,0.6,26,20260929,0.34375,0.34375,50.45568089258968
beta,ssvepformer,0.6,27,20260929,0.45,0.45,77.57358657410819
beta,ssvepformer,0.6,28,20260929,0.6375,0.6375,134.24896155834588
beta,ssvepformer,0.6,29,20260929,0.65,0.65,138.43468706782284
beta,ssvepformer,0.6,30,20260929,0.3625,0.3625,54.967928275412206
beta,ssvepformer,0.6,31,20260929,0.225,0.225,24.90264797760577
beta,ssvepformer,0.6,32,20260929,0.1125,0.1125,6.74850883540472
beta,ssvepformer,0.6,33,20260929,0.20625,0.20625,21.402913419336997
beta,ssvepformer,0.6,34,20260929,0.60625,0.60625,124.01585491511062
beta,ssvepformer,0.6,35,20260929,0.54375,0.54375,104.50872100913745
beta,ssvepformer,0.6,36,20260929,0.7375,0.7375,169.3098812690423
beta,ssvepformer,0.6,37,20260929,0.7625,0.7625,178.67928967389642
beta,ssvepformer,0.6,38,20260929,0.20625,0.20625,21.402913419336997
beta,ssvepformer,0.6,39,20260929,0.5375,0.5375,102.62677969265326
beta,ssvepformer,0.6,40,20260929,0.225,0.225,24.90264797760577
beta,ssvepformer,0.6,41,20260929,0.25,0.25,29.81445306990233
beta,ssvepformer,0.6,42,20260929,0.4,0.4,64.34924558810978
beta,ssvepformer,0.6,43,20260929,0.39375,0.39375,62.75323828738911
beta,ssvepformer,0.6,44,20260929,0.23125,0.23125,26.10497241986632
beta,ssvepformer,0.6,45,20260929,0.2125,0.2125,22.551247972792442
beta,ssvepformer,0.6,46,20260929,0.4625,0.4625,81.00467970639868
beta,ssvepformer,0.6,47,20260929,0.1625,0.1625,13.91709779504613
beta,ssvepformer,0.6,48,20260929,0.33125,0.33125,47.515470756310854
beta,ssvepformer,0.6,49,20260929,0.54375,0.54375,104.50872100913745
beta,ssvepformer,0.6,50,20260929,0.40625,0.40625,65.95806131126453
beta,ssvepformer,0.6,51,20260929,0.29375,0.29375,39.03253910806743
beta,ssvepformer,0.6,52,20260929,0.46875,0.46875,82.73878730304706
beta,ssvepformer,0.6,53,20260929,0.54375,0.54375,104.50872100913745
beta,ssvepformer,0.6,54,20260929,0.375,0.375,58.04278391855413
beta,ssvepformer,0.6,55,20260929,0.3,0.3,40.41030777016891
beta,ssvepformer,0.6,56,20260929,0.55625,0.55625,108.30980567100755
beta,ssvepformer,0.6,57,20260929,0.63125,0.63125,132.17610298547976
beta,ssvepformer,0.6,58,20260929,0.30625,0.30625,41.80271496572639
beta,ssvepformer,0.6,59,20260929,0.2375,0.2375,27.324589770113903
beta,ssvepformer,0.6,60,20260929,0.31875,0.31875,44.63077567678845
beta,ssvepformer,0.6,61,20260929,0.225,0.225,24.90264797760577
beta,ssvepformer,0.6,62,20260929,0.71875,0.71875,162.45056091294458
beta,ssvepformer,0.6,63,20260929,0.85,0.85,213.77877040045226
beta,ssvepformer,0.6,64,20260929,0.46875,0.46875,82.73878730304706
beta,ssvepformer,0.6,65,20260929,0.175,0.175,15.95211432378821
beta,ssvepformer,0.6,66,20260929,0.71875,0.71875,162.45056091294458
beta,ssvepformer,0.6,67,20260929,0.5125,0.5125,95.22247649273281
beta,ssvepformer,0.6,68,20260929,0.20625,0.20625,21.402913419336997
beta,ssvepformer,0.6,69,20260929,0.18125,0.18125,17.001876609937884
beta,ssvepformer,0.6,70,20260929,0.58125,0.58125,116.06174881702744
beta,ssvepformer,0.6,1,20260930,0.73125,0.73125,167.00787314739952
beta,ssvepformer,0.6,2,20260930,0.74375,0.74375,171.6277687669209
beta,ssvepformer,0.6,3,20260930,0.76875,0.76875,181.0633556546913
beta,ssvepformer,0.6,4,20260930,0.48125,0.48125,86.24401781922802
beta,ssvepformer,0.6,5,20260930,0.3125,0.3125,43.2095911028187
beta,ssvepformer,0.6,6,20260930,0.45,0.45,77.57358657410819
beta,ssvepformer,0.6,7,20260930,0.1875,0.1875,18.072356287453104
beta,ssvepformer,0.6,8,20260930,0.425,0.425,70.86073944100276
beta,ssvepformer,0.6,9,20260930,0.8,0.8,193.25015761241184
beta,ssvepformer,0.6,10,20260930,0.46875,0.46875,82.73878730304706
beta,ssvepformer,0.6,11,20260930,0.20625,0.20625,21.402913419336997
beta,ssvepformer,0.6,12,20260930,0.61875,0.61875,128.06991396430237
beta,ssvepformer,0.6,13,20260930,0.6375,0.6375,134.24896155834588
beta,ssvepformer,0.6,14,20260930,0.2875,0.2875,37.6695881737864
beta,ssvepformer,0.6,15,20260930,0.325,0.325,46.06611679768245
beta,ssvepformer,0.6,16,20260930,0.51875,0.51875,97.05506781235538
beta,ssvepformer,0.6,17,20260930,0.11875,0.11875,7.549653608209474
beta,ssvepformer,0.6,18,20260930,0.85,0.85,213.77877040045226
beta,ssvepformer,0.6,19,20260930,0.5125,0.5125,95.22247649273281
beta,ssvepformer,0.6,20,20260930,0.15,0.15,11.9725038620755
beta,ssvepformer,0.6,21,20260930,0.55625,0.55625,108.30980567100755
beta,ssvepformer,0.6,22,20260930,0.63125,0.63125,132.17610298547976
beta,ssvepformer,0.6,23,20260930,0.45625,0.45625,79.28293769184037
beta,ssvepformer,0.6,24,20260930,0.26875,0.26875,33.6715898988292
beta,ssvepformer,0.6,25,20260930,0.225,0.225,24.90264797760577
beta,ssvepformer,0.6,26,20260930,0.3625,0.3625,54.967928275412206
beta,ssvepformer,0.6,27,20260930,0.44375,0.44375,75.87665569162561
beta,ssvepformer,0.6,28,20260930,0.61875,0.61875,128.06991396430237
beta,ssvepformer,0.6,29,20260930,0.675,0.675,146.96925006687087
beta,ssvepformer,0.6,30,20260930,0.4,0.4,64.34924558810978
beta,ssvepformer,0.6,31,20260930,0.2375,0.2375,27.324589770113903
beta,ssvepformer,0.6,32,20260930,0.10625,0.10625,5.978165510203645
beta,ssvepformer,0.6,33,20260930,0.19375,0.19375,19.16301659262369
beta,ssvepformer,0.6,34,20260930,0.55,0.55,106.4030532224478
beta,ssvepformer,0.6,35,20260930,0.51875,0.51875,97.05506781235538
beta,ssvepformer,0.6,36,20260930,0.75625,0.75625,176.31219944666793
beta,ssvepformer,0.6,37,20260930,0.7875,0.7875,188.32068120074473
beta,ssvepformer,0.6,38,20260930,0.20625,0.20625,21.402913419336997
beta,ssvepformer,0.6,39,20260930,0.48125,0.48125,86.24401781922802
beta,ssvepformer,0.6,40,20260930,0.275,0.275,34.98890770459727
beta,ssvepformer,0.6,41,20260930,0.225,0.225,24.90264797760577
beta,ssvepformer,0.6,42,20260930,0.34375,0.34375,50.45568089258968
beta,ssvepformer,0.6,43,20260930,0.41875,0.41875,69.21386551347567
beta,ssvepformer,0.6,44,20260930,0.25,0.25,29.81445306990233
beta,ssvepformer,0.6,45,20260930,0.175,0.175,15.95211432378821
beta,ssvepformer,0.6,46,20260930,0.44375,0.44375,75.87665569162561
beta,ssvepformer,0.6,47,20260930,0.18125,0.18125,17.001876609937884
beta,ssvepformer,0.6,48,20260930,0.29375,0.29375,39.03253910806743
beta,ssvepformer,0.6,49,20260930,0.55,0.55,106.4030532224478
beta,ssvepformer,0.6,50,20260930,0.38125,0.38125,59.599930674495965
beta,ssvepformer,0.6,51,20260930,0.325,0.325,46.06611679768245
beta,ssvepformer,0.6,52,20260930,0.475,0.475,84.48523914228393
beta,ssvepformer,0.6,53,20260930,0.55,0.55,106.4030532224478
beta,ssvepformer,0.6,54,20260930,0.43125,0.43125,72.52019245203768
beta,ssvepformer,0.6,55,20260930,0.29375,0.29375,39.03253910806743
beta,ssvepformer,0.6,56,20260930,0.6,0.6,122.0081788847888
beta,ssvepformer,0.6,57,20260930,0.64375,0.64375,136.33512226094783
beta,ssvepformer,0.6,58,20260930,0.29375,0.29375,39.03253910806743
beta,ssvepformer,0.6,59,20260930,0.225,0.225,24.90264797760577
beta,ssvepformer,0.6,60,20260930,0.33125,0.33125,47.515470756310854
beta,ssvepformer,0.6,61,20260930,0.16875,0.16875,14.923647058429344
beta,ssvepformer,0.6,62,20260930,0.71875,0.71875,162.45056091294458
beta,ssvepformer,0.6,63,20260930,0.85625,0.85625,216.44593272309262
beta,ssvepformer,0.6,64,20260930,0.50625,0.50625,93.40218888052092
beta,ssvepformer,0.6,65,20260930,0.1625,0.1625,13.91709779504613
beta,ssvepformer,0.6,66,20260930,0.7125,0.7125,160.19482142922948
beta,ssvepformer,0.6,67,20260930,0.50625,0.50625,93.40218888052092
beta,ssvepformer,0.6,68,20260930,0.1875,0.1875,18.072356287453104
beta,ssvepformer,0.6,69,20260930,0.21875,0.21875,23.71795357433648
beta,ssvepformer,0.6,70,20260930,0.575,0.575,114.10493941351203
beta,ssvepformer,0.6,1,20260931,0.73125,0.73125,167.00787314739952
beta,ssvepformer,0.6,2,20260931,0.71875,0.71875,162.45056091294458
beta,ssvepformer,0.6,3,20260931,0.775,0.775,183.46471454347324
beta,ssvepformer,0.6,4,20260931,0.46875,0.46875,82.73878730304706
beta,ssvepformer,0.6,5,20260931,0.2875,0.2875,37.6695881737864
beta,ssvepformer,0.6,6,20260931,0.4875,0.4875,88.0151098306479
beta,ssvepformer,0.6,7,20260931,0.1625,0.1625,13.91709779504613
beta,ssvepformer,0.6,8,20260931,0.45625,0.45625,79.28293769184037
beta,ssvepformer,0.6,9,20260931,0.80625,0.80625,195.74349981370338
beta,ssvepformer,0.6,10,20260931,0.45625,0.45625,79.28293769184037
beta,ssvepformer,0.6,11,20260931,0.175,0.175,15.95211432378821
beta,ssvepformer,0.6,12,20260931,0.65,0.65,138.43468706782284
beta,ssvepformer,0.6,13,20260931,0.6125,0.6125,126.03640854471047
beta,ssvepformer,0.6,14,20260931,0.25625,0.25625,31.084118856265647
beta,ssvepformer,0.6,15,20260931,0.34375,0.34375,50.45568089258968
beta,ssvepformer,0.6,16,20260931,0.53125,0.53125,100.75720395825925
beta,ssvepformer,0.6,17,20260931,0.125,0.125,8.38018419181633
beta,ssvepformer,0.6,18,20260931,0.875,0.875,224.6011840543628
beta,ssvepformer,0.6,19,20260931,0.51875,0.51875,97.05506781235538
beta,ssvepformer,0.6,20,20260931,0.1625,0.1625,13.91709779504613
beta,ssvepformer,0.6,21,20260931,0.56875,0.56875,112.16070909350454
beta,ssvepformer,0.6,22,20260931,0.625,0.625,130.11645053940293
beta,ssvepformer,0.6,23,20260931,0.44375,0.44375,75.87665569162561
beta,ssvepformer,0.6,24,20260931,0.2875,0.2875,37.6695881737864
beta,ssvepformer,0.6,25,20260931,0.24375,0.24375,28.561182873927827
beta,ssvepformer,0.6,26,20260931,0.33125,0.33125,47.515470756310854
beta,ssvepformer,0.6,27,20260931,0.4625,0.4625,81.00467970639868
beta,ssvepformer,0.6,28,20260931,0.63125,0.63125,132.17610298547976
beta,ssvepformer,0.6,29,20260931,0.625,0.625,130.11645053940293
beta,ssvepformer,0.6,30,20260931,0.39375,0.39375,62.75323828738911
beta,ssvepformer,0.6,31,20260931,0.23125,0.23125,26.10497241986632
beta,ssvepformer,0.6,32,20260931,0.13125,0.13125,9.238829510819002
beta,ssvepformer,0.6,33,20260931,0.1875,0.1875,18.072356287453104
beta,ssvepformer,0.6,34,20260931,0.61875,0.61875,128.06991396430237
beta,ssvepformer,0.6,35,20260931,0.5375,0.5375,102.62677969265326
beta,ssvepformer,0.6,36,20260931,0.71875,0.71875,162.45056091294458
beta,ssvepformer,0.6,37,20260931,0.79375,0.79375,190.7760299783317
beta,ssvepformer,0.6,38,20260931,0.2,0.2,20.27335772237459
beta,ssvepformer,0.6,39,20260931,0.51875,0.51875,97.05506781235538
beta,ssvepformer,0.6,40,20260931,0.2625,0.2625,32.3699146894295
beta,ssvepformer,0.6,41,20260931,0.18125,0.18125,17.001876609937884
beta,ssvepformer,0.6,42,20260931,0.35625,0.35625,53.45040564697169
beta,ssvepformer,0.6,43,20260931,0.38125,0.38125,59.599930674495965
beta,ssvepformer,0.6,44,20260931,0.25625,0.25625,31.084118856265647
beta,ssvepformer,0.6,45,20260931,0.23125,0.23125,26.10497241986632
beta,ssvepformer,0.6,46,20260931,0.45,0.45,77.57358657410819
beta,ssvepformer,0.6,47,20260931,0.1625,0.1625,13.91709779504613
beta,ssvepformer,0.6,48,20260931,0.31875,0.31875,44.63077567678845
beta,ssvepformer,0.6,49,20260931,0.59375,0.59375,120.01331127690118
beta,ssvepformer,0.6,50,20260931,0.41875,0.41875,69.21386551347567
beta,ssvepformer,0.6,51,20260931,0.3,0.3,40.41030777016891
beta,ssvepformer,0.6,52,20260931,0.4625,0.4625,81.00467970639868
beta,ssvepformer,0.6,53,20260931,0.5875,0.5875,118.03118778083439
beta,ssvepformer,0.6,54,20260931,0.4375,0.4375,74.19217846302821
beta,ssvepformer,0.6,55,20260931,0.31875,0.31875,44.63077567678845
beta,ssvepformer,0.6,56,20260931,0.5125,0.5125,95.22247649273281
beta,ssvepformer,0.6,57,20260931,0.64375,0.64375,136.33512226094783
beta,ssvepformer,0.6,58,20260931,0.3,0.3,40.41030777016891
beta,ssvepformer,0.6,59,20260931,0.21875,0.21875,23.71795357433648
beta,ssvepformer,0.6,60,20260931,0.34375,0.34375,50.45568089258968
beta,ssvepformer,0.6,61,20260931,0.19375,0.19375,19.16301659262369
beta,ssvepformer,0.6,62,20260931,0.70625,0.70625,157.95408903246803
beta,ssvepformer,0.6,63,20260931,0.80625,0.80625,195.74349981370338
beta,ssvepformer,0.6,64,20260931,0.4375,0.4375,74.19217846302821
beta,ssvepformer,0.6,65,20260931,0.18125,0.18125,17.001876609937884
beta,ssvepformer,0.6,66,20260931,0.725,0.725,164.7215076221252
beta,ssvepformer,0.6,67,20260931,0.5375,0.5375,102.62677969265326
beta,ssvepformer,0.6,68,20260931,0.23125,0.23125,26.10497241986632
beta,ssvepformer,0.6,69,20260931,0.23125,0.23125,26.10497241986632
beta,ssvepformer,0.6,70,20260931,0.5875,0.5875,118.03118778083439
beta,ssvepformer,0.8,1,20260929,0.7875,0.7875,159.34826870832248
beta,ssvepformer,0.8,2,20260929,0.79375,0.79375,161.42587152012683
beta,ssvepformer,0.8,3,20260929,0.9,0.9,199.58733597285493
beta,ssvepformer,0.8,4,20260929,0.625,0.625,110.09853507180249
beta,ssvepformer,0.8,5,20260929,0.4375,0.4375,62.777997161023876
beta,ssvepformer,0.8,6,20260929,0.59375,0.59375,101.5497249266087
beta,ssvepformer,0.8,7,20260929,0.28125,0.28125,30.7336990454654
beta,ssvepformer,0.8,8,20260929,0.6,0.6,103.23768982559054
beta,ssvepformer,0.8,9,20260929,0.86875,0.86875,187.7244312665811
beta,ssvepformer,0.8,10,20260929,0.49375,0.49375,75.98335084955873
beta,ssvepformer,0.8,11,20260929,0.26875,0.26875,28.49134529900932
beta,ssvepformer,0.8,12,20260929,0.75625,0.75625,149.1872456856421
beta,ssvepformer,0.8,13,20260929,0.68125,0.68125,126.19334731132403
beta,ssvepformer,0.8,14,20260929,0.4125,0.4125,57.18275635451089
beta,ssvepformer,0.8,15,20260929,0.4625,0.4625,68.54242129002965
beta,ssvepformer,0.8,16,20260929,0.6375,0.6375,113.59527516475421
beta,ssvepformer,0.8,17,20260929,0.1625,0.1625,11.776005826577496
beta,ssvepformer,0.8,18,20260929,0.95,0.95,220.21204739207505
beta,ssvepformer,0.8,19,20260929,0.65625,0.65625,118.92503121962757
beta,ssvepformer,0.8,20,20260929,0.225,0.225,21.071471365666422
beta,ssvepformer,0.8,21,20260929,0.60625,0.60625,104.93649262047822
beta,ssvepformer,0.8,22,20260929,0.73125,0.73125,141.31435420164576
beta,ssvepformer,0.8,23,20260929,0.6,0.6,103.23768982559054
beta,ssvepformer,0.8,24,20260929,0.40625,0.40625,55.81066726337769
beta,ssvepformer,0.8,25,20260929,0.30625,0.30625,35.37152804792233
beta,ssvepformer,0.8,26,20260929,0.4875,0.4875,74.47432370285593
beta,ssvepformer,0.8,27,20260929,0.6,0.6,103.23768982559054
beta,ssvepformer,0.8,28,20260929,0.75625,0.75625,149.1872456856421
beta,ssvepformer,0.8,29,20260929,0.79375,0.79375,161.42587152012683
beta,ssvepformer,0.8,30,20260929,0.4875,0.4875,74.47432370285593
beta,ssvepformer,0.8,31,20260929,0.25,0.25,25.227614136071203
beta,ssvepformer,0.8,32,20260929,0.15625,0.15625,10.943426192257755
beta,ssvepformer,0.8,33,20260929,0.2875,0.2875,31.874266916280803
beta,ssvepformer,0.8,34,20260929,0.7625,0.7625,151.19016818560468
beta,ssvepformer,0.8,35,20260929,0.6625,0.6625,120.72455004287454
beta,ssvepformer,0.8,36,20260929,0.8375,0.8375,176.4366134142091
beta,ssvepformer,0.8,37,20260929,0.85625,0.85625,183.14655845800146
beta,ssvepformer,0.8,38,20260929,0.33125,0.33125,40.20539833226303
beta,ssvepformer,0.8,39,20260929,0.63125,0.63125,111.84131791079056
beta,ssvepformer,0.8,40,20260929,0.33125,0.33125,40.20539833226303
beta,ssvepformer,0.8,41,20260929,0.2,0.2,17.15437961124004
beta,ssvepformer,0.8,42,20260929,0.41875,0.41875,58.565578511402485
beta,ssvepformer,0.8,43,20260929,0.51875,0.51875,82.12351891814686
beta,ssvepformer,0.8,44,20260929,0.30625,0.30625,35.37152804792233
beta,ssvepformer,0.8,45,20260929,0.275,0.275,29.60599882696692
beta,ssvepformer,0.8,46,20260929,0.51875,0.51875,82.12351891814686
beta,ssvepformer,0.8,47,20260929,0.24375,0.24375,24.167154739477393
beta,ssvepformer,0.8,48,20260929,0.4625,0.4625,68.54242129002965
beta,ssvepformer,0.8,49,20260929,0.6875,0.6875,128.04007702884704
beta,ssvepformer,0.8,50,20260929,0.525,0.525,83.68459208699927
beta,ssvepformer,0.8,51,20260929,0.43125,0.43125,61.3632397671088
beta,ssvepformer,0.8,52,20260929,0.51875,0.51875,82.12351891814686
beta,ssvepformer,0.8,53,20260929,0.64375,0.64375,115.36048806695587
beta,ssvepformer,0.8,54,20260929,0.48125,0.48125,72.97570738550064
beta,ssvepformer,0.8,55,20260929,0.375,0.375,49.11312485416119
beta,ssvepformer,0.8,56,20260929,0.7,0.7,131.76999369221514
beta,ssvepformer,0.8,57,20260929,0.79375,0.79375,161.42587152012683
beta,ssvepformer,0.8,58,20260929,0.3625,0.3625,46.51132392534879
beta,ssvepformer,0.8,59,20260929,0.29375,0.29375,33.027533091441676
beta,ssvepformer,0.8,60,20260929,0.40625,0.40625,55.81066726337769
beta,ssvepformer,0.8,61,20260929,0.2375,0.2375,23.12080672855792
beta,ssvepformer,0.8,62,20260929,0.79375,0.79375,161.42587152012683
beta,ssvepformer,0.8,63,20260929,0.86875,0.86875,187.7244312665811
beta,ssvepformer,0.8,64,20260929,0.55625,0.55625,91.6467586446987
beta,ssvepformer,0.8,65,20260929,0.2375,0.2375,23.12080672855792
beta,ssvepformer,0.8,66,20260929,0.80625,0.80625,165.6291152269798
beta,ssvepformer,0.8,67,20260929,0.6375,0.6375,113.59527516475421
beta,ssvepformer,0.8,68,20260929,0.2,0.2,17.15437961124004
beta,ssvepformer,0.8,69,20260929,0.2125,0.2125,19.081825207747453
beta,ssvepformer,0.8,70,20260929,0.725,0.725,139.37973721872132
beta,ssvepformer,0.8,1,20260930,0.7875,0.7875,159.34826870832248
beta,ssvepformer,0.8,2,20260930,0.8,0.8,163.51936413357924
beta,ssvepformer,0.8,3,20260930,0.875,0.875,190.047155738307
beta,ssvepformer,0.8,4,20260930,0.625,0.625,110.09853507180249
beta,ssvepformer,0.8,5,20260930,0.475,0.475,71.48751004347102
beta,ssvepformer,0.8,6,20260930,0.60625,0.60625,104.93649262047822
beta,ssvepformer,0.8,7,20260930,0.2625,0.2625,27.389927814132655
beta,ssvepformer,0.8,8,20260930,0.6125,0.6125,106.64619184552424
beta,ssvepformer,0.8,9,20260930,0.8625,0.8625,185.42452552801112
beta,ssvepformer,0.8,10,20260930,0.49375,0.49375,75.98335084955873
beta,ssvepformer,0.8,11,20260930,0.25625,0.25625,26.30194672453247
beta,ssvepformer,0.8,12,20260930,0.75,0.75,147.1984345713539
beta,ssvepformer,0.8,13,20260930,0.7125,0.7125,135.5494642862711
beta,ssvepformer,0.8,14,20260930,0.38125,0.38125,50.430710570727356
beta,ssvepformer,0.8,15,20260930,0.46875,0.46875,70.00974310257828
beta,ssvepformer,0.8,16,20260930,0.63125,0.63125,111.84131791079056
beta,ssvepformer,0.8,17,20260930,0.1375,0.1375,8.566835896851243
beta,ssvepformer,0.8,18,20260930,0.93125,0.93125,212.1837787345349
beta,ssvepformer,0.8,19,20260930,0.6375,0.6375,113.59527516475421
beta,ssvepformer,0.8,20,20260930,0.225,0.225,21.071471365666422
beta,ssvepformer,0.8,21,20260930,0.65625,0.65625,118.92503121962757
beta,ssvepformer,0.8,22,20260930,0.73125,0.73125,141.31435420164576
beta,ssvepformer,0.8,23,20260930,0.54375,0.54375,88.43045623850092
beta,ssvepformer,0.8,24,20260930,0.4375,0.4375,62.777997161023876
beta,ssvepformer,0.8,25,20260930,0.3125,0.3125,36.561961702385055
beta,ssvepformer,0.8,26,20260930,0.475,0.475,71.48751004347102
beta,ssvepformer,0.8,27,20260930,0.5875,0.5875,99.87254350685987
beta,ssvepformer,0.8,28,20260930,0.71875,0.71875,137.45816692633773
beta,ssvepformer,0.8,29,20260930,0.825,0.825,172.06000945522666
beta,ssvepformer,0.8,30,20260930,0.50625,0.50625,79.03262136044079
beta,ssvepformer,0.8,31,20260930,0.3125,0.3125,36.561961702385055
beta,ssvepformer,0.8,32,20260930,0.15625,0.15625,10.943426192257755
beta,ssvepformer,0.8,33,20260930,0.3,0.3,34.19333734398908
beta,ssvepformer,0.8,34,20260930,0.73125,0.73125,141.31435420164576
beta,ssvepformer,0.8,35,20260930,0.64375,0.64375,115.36048806695587
beta,ssvepformer,0.8,36,20260930,0.83125,0.83125,174.23903843388206
beta,ssvepformer,0.8,37,20260930,0.89375,0.89375,197.16248992497324
beta,ssvepformer,0.8,38,20260930,0.31875,0.31875,37.76450249574408
beta,ssvepformer,0.8,39,20260930,0.61875,0.61875,108.36685027748663
beta,ssvepformer,0.8,40,20260930,0.33125,0.33125,40.20539833226303
beta,ssvepformer,0.8,41,20260930,0.21875,0.21875,20.069037639823176
beta,ssvepformer,0.8,42,20260930,0.3875,0.3875,51.759322649647004
beta,ssvepformer,0.8,43,20260930,0.55,0.55,90.0333527266866
beta,ssvepformer,0.8,44,20260930,0.29375,0.29375,33.027533091441676
beta,ssvepformer,0.8,45,20260930,0.28125,0.28125,30.7336990454654
beta,ssvepformer,0.8,46,20260930,0.5375,0.5375,86.838044355322
beta,ssvepformer,0.8,47,20260930,0.23125,0.23125,22.088822816809966
beta,ssvepformer,0.8,48,20260930,0.45625,0.45625,67.08556266232647
beta,ssvepformer,0.8,49,20260930,0.66875,0.66875,122.53570212607875
beta,ssvepformer,0.8,50,20260930,0.5125,0.5125,80.57286472462006
beta,ssvepformer,0.8,51,20260930,0.45625,0.45625,67.08556266232647
beta,ssvepformer,0.8,52,20260930,0.56875,0.56875,94.90521538681153
beta,ssvepformer,0.8,53,20260930,0.65,0.65,117.1370429035424
beta,ssvepformer,0.8,54,20260930,0.49375,0.49375,75.98335084955873
beta,ssvepformer,0.8,55,20260930,0.325,0.325,38.9790219057313
beta,ssvepformer,0.8,56,20260930,0.71875,0.71875,137.45816692633773
beta,ssvepformer,0.8,57,20260930,0.76875,0.76875,153.2074547847388
beta,ssvepformer,0.8,58,20260930,0.35,0.35,43.95455064237276
beta,ssvepformer,0.8,59,20260930,0.3,0.3,34.19333734398908
beta,ssvepformer,0.8,60,20260930,0.4375,0.4375,62.777997161023876
beta,ssvepformer,0.8,61,20260930,0.20625,0.20625,18.110157508669765
beta,ssvepformer,0.8,62,20260930,0.8,0.8,163.51936413357924
beta,ssvepformer,0.8,63,20260930,0.86875,0.86875,187.7244312665811
beta,ssvepformer,0.8,64,20260930,0.5375,0.5375,86.838044355322
beta,ssvepformer,0.8,65,20260930,0.21875,0.21875,20.069037639823176
beta,ssvepformer,0.8,66,20260930,0.81875,0.81875,169.8989993403174
beta,ssvepformer,0.8,67,20260930,0.625,0.625,110.09853507180249
beta,ssvepformer,0.8,68,20260930,0.2375,0.2375,23.12080672855792
beta,ssvepformer,0.8,69,20260930,0.26875,0.26875,28.49134529900932
beta,ssvepformer,0.8,70,20260930,0.7375,0.7375,143.2622072276512
beta,ssvepformer,0.8,1,20260931,0.7875,0.7875,159.34826870832248
beta,ssvepformer,0.8,2,20260931,0.78125,0.78125,157.2862106295162
beta,ssvepformer,0.8,3,20260931,0.875,0.875,190.047155738307
beta,ssvepformer,0.8,4,20260931,0.61875,0.61875,108.36685027748663
beta,ssvepformer,0.8,5,20260931,0.43125,0.43125,61.3632397671088
beta,ssvepformer,0.8,6,20260931,0.60625,0.60625,104.93649262047822
beta,ssvepformer,0.8,7,20260931,0.3,0.3,34.19333734398908
beta,ssvepformer,0.8,8,20260931,0.5875,0.5875,99.87254350685987
beta,ssvepformer,0.8,9,20260931,0.875,0.875,190.047155738307
beta,ssvepformer,0.8,10,20260931,0.5,0.5,77.50278394413407
beta,ssvepformer,0.8,11,20260931,0.2375,0.2375,23.12080672855792
beta,ssvepformer,0.8,12,20260931,0.75625,0.75625,149.1872456856421
beta,ssvepformer,0.8,13,20260931,0.7,0.7,131.76999369221514
beta,ssvepformer,0.8,14,20260931,0.38125,0.38125,50.430710570727356
beta,ssvepformer,0.8,15,20260931,0.50625,0.50625,79.03262136044079
beta,ssvepformer,0.8,16,20260931,0.61875,0.61875,108.36685027748663
beta,ssvepformer,0.8,17,20260931,0.1375,0.1375,8.566835896851243
beta,ssvepformer,0.8,18,20260931,0.94375,0.94375,217.48840981191563
beta,ssvepformer,0.8,19,20260931,0.65625,0.65625,118.92503121962757
beta,ssvepformer,0.8,20,20260931,0.21875,0.21875,20.069037639823176
beta,ssvepformer,0.8,21,20260931,0.63125,0.63125,111.84131791079056
beta,ssvepformer,0.8,22,20260931,0.7375,0.7375,143.2622072276512
beta,ssvepformer,0.8,23,20260931,0.55625,0.55625,91.6467586446987
beta,ssvepformer,0.8,24,20260931,0.44375,0.44375,64.20332404676014
beta,ssvepformer,0.8,25,20260931,0.31875,0.31875,37.76450249574408
beta,ssvepformer,0.8,26,20260931,0.475,0.475,71.48751004347102
beta,ssvepformer,0.8,27,20260931,0.5875,0.5875,99.87254350685987
beta,ssvepformer,0.8,28,20260931,0.73125,0.73125,141.31435420164576
beta,ssvepformer,0.8,29,20260931,0.80625,0.80625,165.6291152269798
beta,ssvepformer,0.8,30,20260931,0.4875,0.4875,74.47432370285593
beta,ssvepformer,0.8,31,20260931,0.2875,0.2875,31.874266916280803
beta,ssvepformer,0.8,32,20260931,0.15,0.15,10.130580190986963
beta,ssvepformer,0.8,33,20260931,0.26875,0.26875,28.49134529900932
beta,ssvepformer,0.8,34,20260931,0.73125,0.73125,141.31435420164576
beta,ssvepformer,0.8,35,20260931,0.63125,0.63125,111.84131791079056
beta,ssvepformer,0.8,36,20260931,0.84375,0.84375,178.6533042907714
beta,ssvepformer,0.8,37,20260931,0.88125,0.88125,192.39366960152174
beta,ssvepformer,0.8,38,20260931,0.31875,0.31875,37.76450249574408
beta,ssvepformer,0.8,39,20260931,0.65625,0.65625,118.92503121962757
beta,ssvepformer,0.8,40,20260931,0.325,0.325,38.9790219057313
beta,ssvepformer,0.8,41,20260931,0.1875,0.1875,15.29199378169109
beta,ssvepformer,0.8,42,20260931,0.4,0.4,54.4493616514775
beta,ssvepformer,0.8,43,20260931,0.5375,0.5375,86.838044355322
beta,ssvepformer,0.8,44,20260931,0.29375,0.29375,33.027533091441676
beta,ssvepformer,0.8,45,20260931,0.28125,0.28125,30.7336990454654
beta,ssvepformer,0.8,46,20260931,0.54375,0.54375,88.43045623850092
beta,ssvepformer,0.8,47,20260931,0.21875,0.21875,20.069037639823176
beta,ssvepformer,0.8,48,20260931,0.45625,0.45625,67.08556266232647
beta,ssvepformer,0.8,49,20260931,0.725,0.725,139.37973721872132
beta,ssvepformer,0.8,50,20260931,0.49375,0.49375,75.98335084955873
beta,ssvepformer,0.8,51,20260931,0.45625,0.45625,67.08556266232647
beta,ssvepformer,0.8,52,20260931,0.575,0.575,96.5503333498948
beta,ssvepformer,0.8,53,20260931,0.6125,0.6125,106.64619184552424
beta,ssvepformer,0.8,54,20260931,0.5,0.5,77.50278394413407
beta,ssvepformer,0.8,55,20260931,0.35625,0.35625,45.227266316668356
beta,ssvepformer,0.8,56,20260931,0.66875,0.66875,122.53570212607875
beta,ssvepformer,0.8,57,20260931,0.79375,0.79375,161.42587152012683
beta,ssvepformer,0.8,58,20260931,0.3625,0.3625,46.51132392534879
beta,ssvepformer,0.8,59,20260931,0.31875,0.31875,37.76450249574408
beta,ssvepformer,0.8,60,20260931,0.45,0.45,65.63918863963002
beta,ssvepformer,0.8,61,20260931,0.2375,0.2375,23.12080672855792
beta,ssvepformer,0.8,62,20260931,0.81875,0.81875,169.8989993403174
beta,ssvepformer,0.8,63,20260931,0.8375,0.8375,176.4366134142091
beta,ssvepformer,0.8,64,20260931,0.55,0.55,90.0333527266866
beta,ssvepformer,0.8,65,20260931,0.2125,0.2125,19.081825207747453
beta,ssvepformer,0.8,66,20260931,0.81875,0.81875,169.8989993403174
beta,ssvepformer,0.8,67,20260931,0.60625,0.60625,104.93649262047822
beta,ssvepformer,0.8,68,20260931,0.2,0.2,17.15437961124004
beta,ssvepformer,0.8,69,20260931,0.31875,0.31875,37.76450249574408
beta,ssvepformer,0.8,70,20260931,0.73125,0.73125,141.31435420164576
beta,ssvepformer,1.0,1,20260929,0.825,0.825,149.11867486119647
beta,ssvepformer,1.0,2,20260929,0.83125,0.83125,151.0071666426978
beta,ssvepformer,1.0,3,20260929,0.9375,0.9375,186.17201558365835
beta,ssvepformer,1.0,4,20260929,0.725,0.725,120.79577225622513
beta,ssvepformer,1.0,5,20260929,0.4875,0.4875,64.54441387580847
beta,ssvepformer,1.0,6,20260929,0.6625,0.6625,104.62794337049127
beta,ssvepformer,1.0,7,20260929,0.31875,0.31875,32.72923549631154
beta,ssvepformer,1.0,8,20260929,0.68125,0.68125,109.36756766981416
beta,ssvepformer,1.0,9,20260929,0.90625,0.90625,175.10228592583994
beta,ssvepformer,1.0,10,20260929,0.55,0.55,78.02890569646172
beta,ssvepformer,1.0,11,20260929,0.26875,0.26875,24.692499259141414
beta,ssvepformer,1.0,12,20260929,0.825,0.825,149.11867486119647
beta,ssvepformer,1.0,13,20260929,0.7125,0.7125,117.47620238143496
beta,ssvepformer,1.0,14,20260929,0.45,0.45,56.88729682101268
beta,ssvepformer,1.0,15,20260929,0.55,0.55,78.02890569646172
beta,ssvepformer,1.0,16,20260929,0.725,0.725,120.79577225622513
beta,ssvepformer,1.0,17,20260929,0.18125,0.18125,12.468042847287784
beta,ssvepformer,1.0,18,20260929,0.95625,0.95625,193.25850221358584
beta,ssvepformer,1.0,19,20260929,0.675,0.675,107.77745004903865
beta,ssvepformer,1.0,20,20260929,0.28125,0.28125,26.635872506070015
beta,ssvepformer,1.0,21,20260929,0.74375,0.74375,125.86036376240867
beta,ssvepformer,1.0,22,20260929,0.8,0.8,141.716782249102
beta,ssvepformer,1.0,23,20260929,0.65625,0.65625,103.0683603903439
beta,ssvepformer,1.0,24,20260929,0.54375,0.54375,76.63972874003413
beta,ssvepformer,1.0,25,20260929,0.30625,0.30625,30.655324308199354
beta,ssvepformer,1.0,26,20260929,0.48125,0.48125,63.24561306743389
beta,ssvepformer,1.0,27,20260929,0.6625,0.6625,104.62794337049127
beta,ssvepformer,1.0,28,20260929,0.7875,0.7875,138.10183288054614
beta,ssvepformer,1.0,29,20260929,0.85625,0.85625,158.72701733026796
beta,ssvepformer,1.0,30,20260929,0.525,0.525,72.52664647539937
beta,ssvepformer,1.0,31,20260929,0.31875,0.31875,32.72923549631154
beta,ssvepformer,1.0,32,20260929,0.1625,0.1625,10.205871716367163
beta,ssvepformer,1.0,33,20260929,0.29375,0.29375,28.623862012582787
beta,ssvepformer,1.0,34,20260929,0.81875,0.81875,147.2457994282751
beta,ssvepformer,1.0,35,20260929,0.74375,0.74375,125.86036376240867
beta,ssvepformer,1.0,36,20260929,0.88125,0.88125,166.74118032131884
beta,ssvepformer,1.0,37,20260929,0.91875,0.91875,179.4368305453926
beta,ssvepformer,1.0,38,20260929,0.4,0.4,47.18944676461384
beta,ssvepformer,1.0,39,20260929,0.7375,0.7375,124.16057959729771
beta,ssvepformer,1.0,40,20260929,0.35625,0.35625,39.19696414111257
beta,ssvepformer,1.0,41,20260929,0.23125,0.23125,19.143646441235305
beta,ssvepformer,1.0,42,20260929,0.4875,0.4875,64.54441387580847
beta,ssvepformer,1.0,43,20260929,0.575,0.575,83.67695556990883
beta,ssvepformer,1.0,44,20260929,0.3125,0.3125,31.687033475400384
beta,ssvepformer,1.0,45,20260929,0.35625,0.35625,39.19696414111257
beta,ssvepformer,1.0,46,20260929,0.625,0.625,95.41873039556215
beta,ssvepformer,1.0,47,20260929,0.33125,0.33125,34.84467855462796
beta,ssvepformer,1.0,48,20260929,0.525,0.525,72.52664647539937
beta,ssvepformer,1.0,49,20260929,0.76875,0.76875,132.77979414677364
beta,ssvepformer,1.0,50,20260929,0.55,0.55,78.02890569646172
beta,ssvepformer,1.0,51,20260929,0.5,0.5,67.16907941824952
beta,ssvepformer,1.0,52,20260929,0.63125,0.63125,96.92914218935182
beta,ssvepformer,1.0,53,20260929,0.7,0.7,114.2006611999198
beta,ssvepformer,1.0,54,20260929,0.55625,0.55625,79.42719082540555
beta,ssvepformer,1.0,55,20260929,0.40625,0.40625,48.369244961594
beta,ssvepformer,1.0,56,20260929,0.725,0.725,120.79577225622513
beta,ssvepformer,1.0,57,20260929,0.86875,0.86875,162.69450709770362
beta,ssvepformer,1.0,58,20260929,0.36875,0.36875,41.43241889129822
beta,ssvepformer,1.0,59,20260929,0.3625,0.3625,40.309814068635625
beta,ssvepformer,1.0,60,20260929,0.48125,0.48125,63.24561306743389
beta,ssvepformer,1.0,61,20260929,0.2875,0.2875,27.624364660776696
beta,ssvepformer,1.0,62,20260929,0.85,0.85,156.771098293665
beta,ssvepformer,1.0,63,20260929,0.9125,0.9125,177.2554308603044
beta,ssvepformer,1.0,64,20260929,0.5875,0.5875,86.55620437261189
beta,ssvepformer,1.0,65,20260929,0.30625,0.30625,30.655324308199354
beta,ssvepformer,1.0,66,20260929,0.85625,0.85625,158.72701733026796
beta,ssvepformer,1.0,67,20260929,0.65625,0.65625,103.0683603903439
beta,ssvepformer,1.0,68,20260929,0.25,0.25,21.863932251261712
beta,ssvepformer,1.0,69,20260929,0.2875,0.2875,27.624364660776696
beta,ssvepformer,1.0,70,20260929,0.78125,0.78125,136.31471587891403
beta,ssvepformer,1.0,1,20260930,0.85,0.85,156.771098293665
beta,ssvepformer,1.0,2,20260930,0.8375,0.8375,152.9117316256479
beta,ssvepformer,1.0,3,20260930,0.9375,0.9375,186.17201558365835
beta,ssvepformer,1.0,4,20260930,0.75,0.75,127.57197662850672
beta,ssvepformer,1.0,5,20260930,0.51875,0.51875,71.17371639572728
beta,ssvepformer,1.0,6,20260930,0.6875,0.6875,110.9680667583341
beta,ssvepformer,1.0,7,20260930,0.29375,0.29375,28.623862012582787
beta,ssvepformer,1.0,8,20260930,0.66875,0.66875,106.19760850926825
beta,ssvepformer,1.0,9,20260930,0.9125,0.9125,177.2554308603044
beta,ssvepformer,1.0,10,20260930,0.54375,0.54375,76.63972874003413
beta,ssvepformer,1.0,11,20260930,0.2875,0.2875,27.624364660776696
beta,ssvepformer,1.0,12,20260930,0.825,0.825,149.11867486119647
beta,ssvepformer,1.0,13,20260930,0.7875,0.7875,138.10183288054614
beta,ssvepformer,1.0,14,20260930,0.41875,0.41875,50.756834709882156
beta,ssvepformer,1.0,15,20260930,0.56875,0.56875,82.25118666857
beta,ssvepformer,1.0,16,20260930,0.70625,0.70625,115.8329986238099
beta,ssvepformer,1.0,17,20260930,0.175,0.175,11.698217170778022
beta,ssvepformer,1.0,18,20260930,0.95,0.95,190.85044107313172
beta,ssvepformer,1.0,19,20260930,0.6875,0.6875,110.9680667583341
beta,ssvepformer,1.0,20,20260930,0.26875,0.26875,24.692499259141414
beta,ssvepformer,1.0,21,20260930,0.78125,0.78125,136.31471587891403
beta,ssvepformer,1.0,22,20260930,0.79375,0.79375,139.90242198410994
beta,ssvepformer,1.0,23,20260930,0.6,0.6,89.4726645155118
beta,ssvepformer,1.0,24,20260930,0.5125,0.5125,69.82981609467073
beta,ssvepformer,1.0,25,20260930,0.33125,0.33125,34.84467855462796
beta,ssvepformer,1.0,26,20260930,0.5125,0.5125,69.82981609467073
beta,ssvepformer,1.0,27,20260930,0.675,0.675,107.77745004903865
beta,ssvepformer,1.0,28,20260930,0.7875,0.7875,138.10183288054614
beta,ssvepformer,1.0,29,20260930,0.86875,0.86875,162.69450709770362
beta,ssvepformer,1.0,30,20260930,0.6,0.6,89.4726645155118
beta,ssvepformer,1.0,31,20260930,0.36875,0.36875,41.43241889129822
beta,ssvepformer,1.0,32,20260930,0.20625,0.20625,15.695469840847132
beta,ssvepformer,1.0,33,20260930,0.29375,0.29375,28.623862012582787
beta,ssvepformer,1.0,34,20260930,0.83125,0.83125,151.0071666426978
beta,ssvepformer,1.0,35,20260930,0.7375,0.7375,124.16057959729771
beta,ssvepformer,1.0,36,20260930,0.88125,0.88125,166.74118032131884
beta,ssvepformer,1.0,37,20260930,0.9125,0.9125,177.2554308603044
beta,ssvepformer,1.0,38,20260930,0.39375,0.39375,46.01904141075202
beta,ssvepformer,1.0,39,20260930,0.7125,0.7125,117.47620238143496
beta,ssvepformer,1.0,40,20260930,0.4,0.4,47.18944676461384
beta,ssvepformer,1.0,41,20260930,0.2375,0.2375,20.03803249808353
beta,ssvepformer,1.0,42,20260930,0.4625,0.4625,59.403431784692366
beta,ssvepformer,1.0,43,20260930,0.6,0.6,89.4726645155118
beta,ssvepformer,1.0,44,20260930,0.31875,0.31875,32.72923549631154
beta,ssvepformer,1.0,45,20260930,0.35625,0.35625,39.19696414111257
beta,ssvepformer,1.0,46,20260930,0.61875,0.61875,93.91793690715508
beta,ssvepformer,1.0,47,20260930,0.33125,0.33125,34.84467855462796
beta,ssvepformer,1.0,48,20260930,0.5375,0.5375,75.25963844127907
beta,ssvepformer,1.0,49,20260930,0.75625,0.75625,129.2956129275565
beta,ssvepformer,1.0,50,20260930,0.5375,0.5375,75.25963844127907
beta,ssvepformer,1.0,51,20260930,0.5125,0.5125,69.82981609467073
beta,ssvepformer,1.0,52,20260930,0.6,0.6,89.4726645155118
beta,ssvepformer,1.0,53,20260930,0.69375,0.69375,112.57905870056419
beta,ssvepformer,1.0,54,20260930,0.6375,0.6375,98.44923847612033
beta,ssvepformer,1.0,55,20260930,0.36875,0.36875,41.43241889129822
beta,ssvepformer,1.0,56,20260930,0.8,0.8,141.716782249102
beta,ssvepformer,1.0,57,20260930,0.85625,0.85625,158.72701733026796
beta,ssvepformer,1.0,58,20260930,0.38125,0.38125,43.70661582796371
beta,ssvepformer,1.0,59,20260930,0.36875,0.36875,41.43241889129822
beta,ssvepformer,1.0,60,20260930,0.4875,0.4875,64.54441387580847
beta,ssvepformer,1.0,61,20260930,0.24375,0.24375,20.944867440880408
beta,ssvepformer,1.0,62,20260930,0.80625,0.80625,143.54523319671583
beta,ssvepformer,1.0,63,20260930,0.9,0.9,172.97569117647427
beta,ssvepformer,1.0,64,20260930,0.56875,0.56875,82.25118666857
beta,ssvepformer,1.0,65,20260930,0.24375,0.24375,20.944867440880408
beta,ssvepformer,1.0,66,20260930,0.85625,0.85625,158.72701733026796
beta,ssvepformer,1.0,67,20260930,0.675,0.675,107.77745004903865
beta,ssvepformer,1.0,68,20260930,0.26875,0.26875,24.692499259141414
beta,ssvepformer,1.0,69,20260930,0.28125,0.28125,26.635872506070015
beta,ssvepformer,1.0,70,20260930,0.79375,0.79375,139.90242198410994
beta,ssvepformer,1.0,1,20260931,0.84375,0.84375,154.83286371866853
beta,ssvepformer,1.0,2,20260931,0.8125,0.8125,145.3881167490218
beta,ssvepformer,1.0,3,20260931,0.925,0.925,181.6484553738479
beta,ssvepformer,1.0,4,20260931,0.70625,0.70625,115.8329986238099
beta,ssvepformer,1.0,5,20260931,0.45,0.45,56.88729682101268
beta,ssvepformer,1.0,6,20260931,0.66875,0.66875,106.19760850926825
beta,ssvepformer,1.0,7,20260931,0.33125,0.33125,34.84467855462796
beta,ssvepformer,1.0,8,20260931,0.65625,0.65625,103.0683603903439
beta,ssvepformer,1.0,9,20260931,0.9,0.9,172.97569117647427
beta,ssvepformer,1.0,10,20260931,0.58125,0.58125,85.1119491324868
beta,ssvepformer,1.0,11,20260931,0.275,0.275,25.658532316704665
beta,ssvepformer,1.0,12,20260931,0.84375,0.84375,154.83286371866853
beta,ssvepformer,1.0,13,20260931,0.775,0.775,134.54079066521373
beta,ssvepformer,1.0,14,20260931,0.41875,0.41875,50.756834709882156
beta,ssvepformer,1.0,15,20260931,0.5625,0.5625,80.83460863386526
beta,ssvepformer,1.0,16,20260931,0.71875,0.71875,119.13041133615936
beta,ssvepformer,1.0,17,20260931,0.18125,0.18125,12.468042847287784
beta,ssvepformer,1.0,18,20260931,0.9625,0.9625,195.72062223954208
beta,ssvepformer,1.0,19,20260931,0.70625,0.70625,115.8329986238099
beta,ssvepformer,1.0,20,20260931,0.26875,0.26875,24.692499259141414
beta,ssvepformer,1.0,21,20260931,0.75625,0.75625,129.2956129275565
beta,ssvepformer,1.0,22,20260931,0.8,0.8,141.716782249102
beta,ssvepformer,1.0,23,20260931,0.6375,0.6375,98.44923847612033
beta,ssvepformer,1.0,24,20260931,0.5375,0.5375,75.25963844127907
beta,ssvepformer,1.0,25,20260931,0.3875,0.3875,44.85807962969407
beta,ssvepformer,1.0,26,20260931,0.5375,0.5375,75.25963844127907
beta,ssvepformer,1.0,27,20260931,0.6875,0.6875,110.9680667583341
beta,ssvepformer,1.0,28,20260931,0.80625,0.80625,143.54523319671583
beta,ssvepformer,1.0,29,20260931,0.84375,0.84375,154.83286371866853
beta,ssvepformer,1.0,30,20260931,0.58125,0.58125,85.1119491324868
beta,ssvepformer,1.0,31,20260931,0.325,0.325,33.78181898496713
beta,ssvepformer,1.0,32,20260931,0.18125,0.18125,12.468042847287784
beta,ssvepformer,1.0,33,20260931,0.28125,0.28125,26.635872506070015
beta,ssvepformer,1.0,34,20260931,0.80625,0.80625,143.54523319671583
beta,ssvepformer,1.0,35,20260931,0.725,0.725,120.79577225622513
beta,ssvepformer,1.0,36,20260931,0.88125,0.88125,166.74118032131884
beta,ssvepformer,1.0,37,20260931,0.94375,0.94375,188.48995517032688
beta,ssvepformer,1.0,38,20260931,0.4,0.4,47.18944676461384
beta,ssvepformer,1.0,39,20260931,0.7625,0.7625,131.03147909419073
beta,ssvepformer,1.0,40,20260931,0.40625,0.40625,48.369244961594
beta,ssvepformer,1.0,41,20260931,0.23125,0.23125,19.143646441235305
beta,ssvepformer,1.0,42,20260931,0.4875,0.4875,64.54441387580847
beta,ssvepformer,1.0,43,20260931,0.60625,0.60625,90.94496027108113
beta,ssvepformer,1.0,44,20260931,0.33125,0.33125,34.84467855462796
beta,ssvepformer,1.0,45,20260931,0.38125,0.38125,43.70661582796371
beta,ssvepformer,1.0,46,20260931,0.61875,0.61875,93.91793690715508
beta,ssvepformer,1.0,47,20260931,0.35,0.35,38.093943890056394
beta,ssvepformer,1.0,48,20260931,0.55,0.55,78.02890569646172
beta,ssvepformer,1.0,49,20260931,0.775,0.775,134.54079066521373
beta,ssvepformer,1.0,50,20260931,0.5625,0.5625,80.83460863386526
beta,ssvepformer,1.0,51,20260931,0.4875,0.4875,64.54441387580847
beta,ssvepformer,1.0,52,20260931,0.6375,0.6375,98.44923847612033
beta,ssvepformer,1.0,53,20260931,0.6875,0.6875,110.9680667583341
beta,ssvepformer,1.0,54,20260931,0.5875,0.5875,86.55620437261189
beta,ssvepformer,1.0,55,20260931,0.3625,0.3625,40.309814068635625
beta,ssvepformer,1.0,56,20260931,0.75625,0.75625,129.2956129275565
beta,ssvepformer,1.0,57,20260931,0.875,0.875,164.7075349731994
beta,ssvepformer,1.0,58,20260931,0.3875,0.3875,44.85807962969407
beta,ssvepformer,1.0,59,20260931,0.40625,0.40625,48.369244961594
beta,ssvepformer,1.0,60,20260931,0.54375,0.54375,76.63972874003413
beta,ssvepformer,1.0,61,20260931,0.275,0.275,25.658532316704665
beta,ssvepformer,1.0,62,20260931,0.825,0.825,149.11867486119647
beta,ssvepformer,1.0,63,20260931,0.88125,0.88125,166.74118032131884
beta,ssvepformer,1.0,64,20260931,0.58125,0.58125,85.1119491324868
beta,ssvepformer,1.0,65,20260931,0.26875,0.26875,24.692499259141414
beta,ssvepformer,1.0,66,20260931,0.85,0.85,156.771098293665
beta,ssvepformer,1.0,67,20260931,0.7,0.7,114.2006611999198
beta,ssvepformer,1.0,68,20260931,0.225,0.225,18.261941850244234
beta,ssvepformer,1.0,69,20260931,0.3375,0.3375,35.917714525282044
beta,ssvepformer,1.0,70,20260931,0.8,0.8,141.716782249102
beta,ssvepformer,1.2,1,20260929,0.8375,0.8375,134.92211614027755
beta,ssvepformer,1.2,2,20260929,0.85,0.85,138.3274396708809
beta,ssvepformer,1.2,3,20260929,0.95,0.95,168.39744800570446
beta,ssvepformer,1.2,4,20260929,0.8,0.8,125.04421963156061
beta,ssvepformer,1.2,5,20260929,0.58125,0.58125,75.09877864631189
beta,ssvepformer,1.2,6,20260929,0.75,0.75,112.56350878985887
beta,ssvepformer,1.2,7,20260929,0.35,0.35,33.612303432402705
beta,ssvepformer,1.2,8,20260929,0.70625,0.70625,102.20558702100874
beta,ssvepformer,1.2,9,20260929,0.91875,0.91875,158.32661518711114
beta,ssvepformer,1.2,10,20260929,0.56875,0.56875,72.57457647226765
beta,ssvepformer,1.2,11,20260929,0.325,0.325,29.807487339676882
beta,ssvepformer,1.2,12,20260929,0.8875,0.8875,148.93797817414102
beta,ssvepformer,1.2,13,20260929,0.76875,0.76875,117.15864189421202
beta,ssvepformer,1.2,14,20260929,0.475,0.475,54.66691944500726
beta,ssvepformer,1.2,15,20260929,0.61875,0.61875,82.86876785925449
beta,ssvepformer,1.2,16,20260929,0.7375,0.7375,109.55345258585092
beta,ssvepformer,1.2,17,20260929,0.2125,0.2125,14.591983982395112
beta,ssvepformer,1.2,18,20260929,0.975,0.975,177.21642733832246
beta,ssvepformer,1.2,19,20260929,0.71875,0.71875,105.11506882602296
beta,ssvepformer,1.2,20,20260929,0.28125,0.28125,23.502240446532365
beta,ssvepformer,1.2,21,20260929,0.83125,0.83125,133.2416176259098
beta,ssvepformer,1.2,22,20260929,0.79375,0.79375,123.44331351539113
beta,ssvepformer,1.2,23,20260929,0.675,0.675,95.0977500432694
beta,ssvepformer,1.2,24,20260929,0.58125,0.58125,75.09877864631189
beta,ssvepformer,1.2,25,20260929,0.3625,0.3625,35.567483001737315
beta,ssvepformer,1.2,26,20260929,0.5375,0.5375,66.40556333054036
beta,ssvepformer,1.2,27,20260929,0.6875,0.6875,97.91300008088304
beta,ssvepformer,1.2,28,20260929,0.8375,0.8375,134.92211614027755
beta,ssvepformer,1.2,29,20260929,0.89375,0.89375,150.77131582497955
beta,ssvepformer,1.2,30,20260929,0.575,0.575,73.83260785580191
beta,ssvepformer,1.2,31,20260929,0.36875,0.36875,36.55801666879255
beta,ssvepformer,1.2,32,20260929,0.20625,0.20625,13.848943977218058
beta,ssvepformer,1.2,33,20260929,0.325,0.325,29.807487339676882
beta,ssvepformer,1.2,34,20260929,0.825,0.825,131.57530134811452
beta,ssvepformer,1.2,35,20260929,0.7625,0.7625,115.61601096546241
beta,ssvepformer,1.2,36,20260929,0.925,0.925,160.27804885927756
beta,ssvepformer,1.2,37,20260929,0.9375,0.9375,164.26942551499266
beta,ssvepformer,1.2,38,20260929,0.49375,0.49375,58.10491535554491
beta,ssvepformer,1.2,39,20260929,0.76875,0.76875,117.15864189421202
beta,ssvepformer,1.2,40,20260929,0.4125,0.4125,43.72799015344951
beta,ssvepformer,1.2,41,20260929,0.25,0.25,19.29170492758386
beta,ssvepformer,1.2,42,20260929,0.50625,0.50625,60.436710452101785
beta,ssvepformer,1.2,43,20260929,0.675,0.675,95.0977500432694
beta,ssvepformer,1.2,44,20260929,0.35625,0.35625,34.585556595099334
beta,ssvepformer,1.2,45,20260929,0.39375,0.39375,40.605036538898844
beta,ssvepformer,1.2,46,20260929,0.65,0.65,89.57538574976772
beta,ssvepformer,1.2,47,20260929,0.35,0.35,33.612303432402705
beta,ssvepformer,1.2,48,20260929,0.56875,0.56875,72.57457647226765
beta,ssvepformer,1.2,49,20260929,0.8,0.8,125.04421963156061
beta,ssvepformer,1.2,50,20260929,0.59375,0.59375,77.65567200270077
beta,ssvepformer,1.2,51,20260929,0.53125,0.53125,65.19583785534424
beta,ssvepformer,1.2,52,20260929,0.6375,0.6375,86.86697512598852
beta,ssvepformer,1.2,53,20260929,0.75,0.75,112.56350878985887
beta,ssvepformer,1.2,54,20260929,0.64375,0.64375,88.21684381590744
beta,ssvepformer,1.2,55,20260929,0.4375,0.4375,48.0067037113712
beta,ssvepformer,1.2,56,20260929,0.76875,0.76875,117.15864189421202
beta,ssvepformer,1.2,57,20260929,0.88125,0.88125,147.12457087175193
beta,ssvepformer,1.2,58,20260929,0.4,0.4,41.63774714524751
beta,ssvepformer,1.2,59,20260929,0.44375,0.44375,49.09665956516952
beta,ssvepformer,1.2,60,20260929,0.53125,0.53125,65.19583785534424
beta,ssvepformer,1.2,61,20260929,0.33125,0.33125,30.74530460702467
beta,ssvepformer,1.2,62,20260929,0.875,0.875,145.33017791752889
beta,ssvepformer,1.2,63,20260929,0.90625,0.90625,154.50201699338817
beta,ssvepformer,1.2,64,20260929,0.63125,0.63125,85.5257136964869
beta,ssvepformer,1.2,65,20260929,0.3375,0.3375,31.692101051719455
beta,ssvepformer,1.2,66,20260929,0.85625,0.85625,140.05325058553055
beta,ssvepformer,1.2,67,20260929,0.71875,0.71875,105.11506882602296
beta,ssvepformer,1.2,68,20260929,0.25625,0.25625,20.113253377583657
beta,ssvepformer,1.2,69,20260929,0.30625,0.30625,27.048815566058256
beta,ssvepformer,1.2,70,20260929,0.825,0.825,131.57530134811452
beta,ssvepformer,1.2,1,20260930,0.8625,0.8625,141.7952254037732
beta,ssvepformer,1.2,2,20260930,0.88125,0.88125,147.12457087175193
beta,ssvepformer,1.2,3,20260930,0.95,0.95,168.39744800570446
beta,ssvepformer,1.2,4,20260930,0.79375,0.79375,123.44331351539113
beta,ssvepformer,1.2,5,20260930,0.58125,0.58125,75.09877864631189
beta,ssvepformer,1.2,6,20260930,0.7625,0.7625,115.61601096546241
beta,ssvepformer,1.2,7,20260930,0.3375,0.3375,31.692101051719455
beta,ssvepformer,1.2,8,20260930,0.71875,0.71875,105.11506882602296
beta,ssvepformer,1.2,9,20260930,0.90625,0.90625,154.50201699338817
beta,ssvepformer,1.2,10,20260930,0.56875,0.56875,72.57457647226765
beta,ssvepformer,1.2,11,20260930,0.30625,0.30625,27.048815566058256
beta,ssvepformer,1.2,12,20260930,0.85,0.85,138.3274396708809
beta,ssvepformer,1.2,13,20260930,0.81875,0.81875,129.9227642014192
beta,ssvepformer,1.2,14,20260930,0.45,0.45,50.194673665599424
beta,ssvepformer,1.2,15,20260930,0.6125,0.6125,81.55297023481266
beta,ssvepformer,1.2,16,20260930,0.74375,0.74375,111.05326214330177
beta,ssvepformer,1.2,17,20260930,0.175,0.175,10.321956327157078
beta,ssvepformer,1.2,18,20260930,0.975,0.975,177.21642733832246
beta,ssvepformer,1.2,19,20260930,0.7125,0.7125,103.65547268950144
beta,ssvepformer,1.2,20,20260930,0.33125,0.33125,30.74530460702467
beta,ssvepformer,1.2,21,20260930,0.83125,0.83125,133.2416176259098
beta,ssvepformer,1.2,22,20260930,0.80625,0.80625,126.65755870298455
beta,ssvepformer,1.2,23,20260930,0.6125,0.6125,81.55297023481266
beta,ssvepformer,1.2,24,20260930,0.56875,0.56875,72.57457647226765
beta,ssvepformer,1.2,25,20260930,0.375,0.375,37.5570954767115
beta,ssvepformer,1.2,26,20260930,0.525,0.525,63.99409983123474
beta,ssvepformer,1.2,27,20260930,0.725,0.725,106.58450493196337
beta,ssvepformer,1.2,28,20260930,0.83125,0.83125,133.2416176259098
beta,ssvepformer,1.2,29,20260930,0.875,0.875,145.33017791752889
beta,ssvepformer,1.2,30,20260930,0.59375,0.59375,77.65567200270077
beta,ssvepformer,1.2,31,20260930,0.4125,0.4125,43.72799015344951
beta,ssvepformer,1.2,32,20260930,0.21875,0.21875,15.346911136335372
beta,ssvepformer,1.2,33,20260930,0.36875,0.36875,36.55801666879255
beta,ssvepformer,1.2,34,20260930,0.8375,0.8375,134.92211614027755
beta,ssvepformer,1.2,35,20260930,0.7625,0.7625,115.61601096546241
beta,ssvepformer,1.2,36,20260930,0.91875,0.91875,158.32661518711114
beta,ssvepformer,1.2,37,20260930,0.91875,0.91875,158.32661518711114
beta,ssvepformer,1.2,38,20260930,0.4625,0.4625,52.414792751199144
beta,ssvepformer,1.2,39,20260930,0.76875,0.76875,117.15864189421202
beta,ssvepformer,1.2,40,20260930,0.39375,0.39375,40.605036538898844
beta,ssvepformer,1.2,41,20260930,0.28125,0.28125,23.502240446532365
beta,ssvepformer,1.2,42,20260930,0.5,0.5,59.26683478080841
beta,ssvepformer,1.2,43,20260930,0.7,0.7,100.76528929404688
beta,ssvepformer,1.2,44,20260930,0.39375,0.39375,40.605036538898844
beta,ssvepformer,1.2,45,20260930,0.3625,0.3625,35.567483001737315
beta,ssvepformer,1.2,46,20260930,0.65,0.65,89.57538574976772
beta,ssvepformer,1.2,47,20260930,0.36875,0.36875,36.55801666879255
beta,ssvepformer,1.2,48,20260930,0.56875,0.56875,72.57457647226765
beta,ssvepformer,1.2,49,20260930,0.7625,0.7625,115.61601096546241
beta,ssvepformer,1.2,50,20260930,0.60625,0.60625,80.2455531803657
beta,ssvepformer,1.2,51,20260930,0.5875,0.5875,76.37312150524579
beta,ssvepformer,1.2,52,20260930,0.65625,0.65625,90.94267093265638
beta,ssvepformer,1.2,53,20260930,0.75,0.75,112.56350878985887
beta,ssvepformer,1.2,54,20260930,0.6875,0.6875,97.91300008088304
beta,ssvepformer,1.2,55,20260930,0.4,0.4,41.63774714524751
beta,ssvepformer,1.2,56,20260930,0.85,0.85,138.3274396708809
beta,ssvepformer,1.2,57,20260930,0.88125,0.88125,147.12457087175193
beta,ssvepformer,1.2,58,20260930,0.44375,0.44375,49.09665956516952
beta,ssvepformer,1.2,59,20260930,0.425,0.425,45.851066697119435
beta,ssvepformer,1.2,60,20260930,0.525,0.525,63.99409983123474
beta,ssvepformer,1.2,61,20260930,0.275,0.275,22.63988145591588
beta,ssvepformer,1.2,62,20260930,0.85625,0.85625,140.05325058553055
beta,ssvepformer,1.2,63,20260930,0.93125,0.93125,162.25818373817376
beta,ssvepformer,1.2,64,20260930,0.575,0.575,73.83260785580191
beta,ssvepformer,1.2,65,20260930,0.3125,0.3125,27.95914718417681
beta,ssvepformer,1.2,66,20260930,0.85625,0.85625,140.05325058553055
beta,ssvepformer,1.2,67,20260930,0.71875,0.71875,105.11506882602296
beta,ssvepformer,1.2,68,20260930,0.2875,0.2875,24.374439406567674
beta,ssvepformer,1.2,69,20260930,0.325,0.325,29.807487339676882
beta,ssvepformer,1.2,70,20260930,0.8,0.8,125.04421963156061
beta,ssvepformer,1.2,1,20260931,0.85625,0.85625,140.05325058553055
beta,ssvepformer,1.2,2,20260931,0.85625,0.85625,140.05325058553055
beta,ssvepformer,1.2,3,20260931,0.95,0.95,168.39744800570446
beta,ssvepformer,1.2,4,20260931,0.75625,0.75625,114.08436434784397
beta,ssvepformer,1.2,5,20260931,0.525,0.525,63.99409983123474
beta,ssvepformer,1.2,6,20260931,0.74375,0.74375,111.05326214330177
beta,ssvepformer,1.2,7,20260931,0.38125,0.38125,38.56466102467387
beta,ssvepformer,1.2,8,20260931,0.675,0.675,95.0977500432694
beta,ssvepformer,1.2,9,20260931,0.91875,0.91875,158.32661518711114
beta,ssvepformer,1.2,10,20260931,0.575,0.575,73.83260785580191
beta,ssvepformer,1.2,11,20260931,0.29375,0.29375,25.256348834631872
beta,ssvepformer,1.2,12,20260931,0.8875,0.8875,148.93797817414102
beta,ssvepformer,1.2,13,20260931,0.775,0.775,118.71246235165917
beta,ssvepformer,1.2,14,20260931,0.45625,0.45625,51.30072438883789
beta,ssvepformer,1.2,15,20260931,0.60625,0.60625,80.2455531803657
beta,ssvepformer,1.2,16,20260931,0.75,0.75,112.56350878985887
beta,ssvepformer,1.2,17,20260931,0.2,0.2,13.118054996830619
beta,ssvepformer,1.2,18,20260931,0.975,0.975,177.21642733832246
beta,ssvepformer,1.2,19,20260931,0.69375,0.69375,99.33446355932135
beta,ssvepformer,1.2,20,20260931,0.28125,0.28125,23.502240446532365
beta,ssvepformer,1.2,21,20260931,0.825,0.825,131.57530134811452
beta,ssvepformer,1.2,22,20260931,0.80625,0.80625,126.65755870298455
beta,ssvepformer,1.2,23,20260931,0.64375,0.64375,88.21684381590744
beta,ssvepformer,1.2,24,20260931,0.625,0.625,84.19299740784896
beta,ssvepformer,1.2,25,20260931,0.40625,0.40625,42.67874555434764
beta,ssvepformer,1.2,26,20260931,0.575,0.575,73.83260785580191
beta,ssvepformer,1.2,27,20260931,0.725,0.725,106.58450493196337
beta,ssvepformer,1.2,28,20260931,0.83125,0.83125,133.2416176259098
beta,ssvepformer,1.2,29,20260931,0.875,0.875,145.33017791752889
beta,ssvepformer,1.2,30,20260931,0.5875,0.5875,76.37312150524579
beta,ssvepformer,1.2,31,20260931,0.3875,0.3875,39.580658496788885
beta,ssvepformer,1.2,32,20260931,0.21875,0.21875,15.346911136335372
beta,ssvepformer,1.2,33,20260931,0.3,0.3,26.147846204226944
beta,ssvepformer,1.2,34,20260931,0.8375,0.8375,134.92211614027755
beta,ssvepformer,1.2,35,20260931,0.75625,0.75625,114.08436434784397
beta,ssvepformer,1.2,36,20260931,0.9,0.9,152.62560986159497
beta,ssvepformer,1.2,37,20260931,0.9375,0.9375,164.26942551499266
beta,ssvepformer,1.2,38,20260931,0.45,0.45,50.194673665599424
beta,ssvepformer,1.2,39,20260931,0.7875,0.7875,121.85455842401132
beta,ssvepformer,1.2,40,20260931,0.45,0.45,50.194673665599424
beta,ssvepformer,1.2,41,20260931,0.23125,0.23125,16.891452742266445
beta,ssvepformer,1.2,42,20260931,0.53125,0.53125,65.19583785534424
beta,ssvepformer,1.2,43,20260931,0.68125,0.68125,96.50079500277721
beta,ssvepformer,1.2,44,20260931,0.36875,0.36875,36.55801666879255
beta,ssvepformer,1.2,45,20260931,0.3875,0.3875,39.580658496788885
beta,ssvepformer,1.2,46,20260931,0.66875,0.66875,93.70377221406022
beta,ssvepformer,1.2,47,20260931,0.375,0.375,37.5570954767115
beta,ssvepformer,1.2,48,20260931,0.59375,0.59375,77.65567200270077
beta,ssvepformer,1.2,49,20260931,0.7875,0.7875,121.85455842401132
beta,ssvepformer,1.2,50,20260931,0.60625,0.60625,80.2455531803657
beta,ssvepformer,1.2,51,20260931,0.5125,0.5125,61.614543612944765
beta,ssvepformer,1.2,52,20260931,0.66875,0.66875,93.70377221406022
beta,ssvepformer,1.2,53,20260931,0.73125,0.73125,108.06391791890557
beta,ssvepformer,1.2,54,20260931,0.6,0.6,78.94646869015747
beta,ssvepformer,1.2,55,20260931,0.40625,0.40625,42.67874555434764
beta,ssvepformer,1.2,56,20260931,0.8,0.8,125.04421963156061
beta,ssvepformer,1.2,57,20260931,0.9,0.9,152.62560986159497
beta,ssvepformer,1.2,58,20260931,0.4375,0.4375,48.0067037113712
beta,ssvepformer,1.2,59,20260931,0.425,0.425,45.851066697119435
beta,ssvepformer,1.2,60,20260931,0.55,0.55,68.84903443805446
beta,ssvepformer,1.2,61,20260931,0.325,0.325,29.807487339676882
beta,ssvepformer,1.2,62,20260931,0.86875,0.86875,143.55397685091495
beta,ssvepformer,1.2,63,20260931,0.89375,0.89375,150.77131582497955
beta,ssvepformer,1.2,64,20260931,0.5875,0.5875,76.37312150524579
beta,ssvepformer,1.2,65,20260931,0.275,0.275,22.63988145591588
beta,ssvepformer,1.2,66,20260931,0.85625,0.85625,140.05325058553055
beta,ssvepformer,1.2,67,20260931,0.73125,0.73125,108.06391791890557
beta,ssvepformer,1.2,68,20260931,0.25,0.25,19.29170492758386
beta,ssvepformer,1.2,69,20260931,0.3625,0.3625,35.567483001737315
beta,ssvepformer,1.2,70,20260931,0.8,0.8,125.04421963156061
beta,ssvepformer,1.5,1,20260929,0.8625,0.8625,120.52594159320722
beta,ssvepformer,1.5,2,20260929,0.86875,0.86875,122.02088032327771
beta,ssvepformer,1.5,3,20260929,0.95,0.95,143.1378308048488
beta,ssvepformer,1.5,4,20260929,0.8125,0.8125,109.04108756176636
beta,ssvepformer,1.5,5,20260929,0.60625,0.60625,68.20872020331085
beta,ssvepformer,1.5,6,20260929,0.7875,0.7875,103.57637466040961
beta,ssvepformer,1.5,7,20260929,0.39375,0.39375,34.514281058064014
beta,ssvepformer,1.5,8,20260929,0.775,0.775,100.9055929989103
beta,ssvepformer,1.5,9,20260929,0.9375,0.9375,139.62901168774377
beta,ssvepformer,1.5,10,20260929,0.6125,0.6125,69.32002469959076
beta,ssvepformer,1.5,11,20260929,0.38125,0.38125,32.779961870972784
beta,ssvepformer,1.5,12,20260929,0.89375,0.89375,128.1556184512326
beta,ssvepformer,1.5,13,20260929,0.775,0.775,100.9055929989103
beta,ssvepformer,1.5,14,20260929,0.5125,0.5125,52.372362071003046
beta,ssvepformer,1.5,15,20260929,0.6625,0.6625,78.47095752786845
beta,ssvepformer,1.5,16,20260929,0.775,0.775,100.9055929989103
beta,ssvepformer,1.5,17,20260929,0.225,0.225,13.696456387683176
beta,ssvepformer,1.5,18,20260929,0.9875,0.9875,154.76747883267336
beta,ssvepformer,1.5,19,20260929,0.7375,0.7375,93.12043469797328
beta,ssvepformer,1.5,20,20260929,0.35,0.35,28.570457917542296
beta,ssvepformer,1.5,21,20260929,0.8375,0.8375,114.68379871923591
beta,ssvepformer,1.5,22,20260929,0.84375,0.84375,116.1246477890014
beta,ssvepformer,1.5,23,20260929,0.65625,0.65625,77.30127029275792
beta,ssvepformer,1.5,24,20260929,0.625,0.625,71.56404779667162
beta,ssvepformer,1.5,25,20260929,0.375,0.375,31.923531155204774
beta,ssvepformer,1.5,26,20260929,0.59375,0.59375,66.00732120229566
beta,ssvepformer,1.5,27,20260929,0.71875,0.71875,89.34780850211952
beta,ssvepformer,1.5,28,20260929,0.875,0.875,123.53065122989955
beta,ssvepformer,1.5,29,20260929,0.9,0.9,129.7317683823557
beta,ssvepformer,1.5,30,20260929,0.6,0.6,67.10449838663385
beta,ssvepformer,1.5,31,20260929,0.4,0.4,35.39208507346038
beta,ssvepformer,1.5,32,20260929,0.225,0.225,13.696456387683176
beta,ssvepformer,1.5,33,20260929,0.3875,0.3875,33.64355972227055
beta,ssvepformer,1.5,34,20260929,0.85,0.85,117.57832372024875
beta,ssvepformer,1.5,35,20260929,0.79375,0.79375,104.92681648808245
beta,ssvepformer,1.5,36,20260929,0.91875,0.91875,134.57762290904446
beta,ssvepformer,1.5,37,20260929,0.95,0.95,143.1378308048488
beta,ssvepformer,1.5,38,20260929,0.60625,0.60625,68.20872020331085
beta,ssvepformer,1.5,39,20260929,0.7625,0.7625,98.27360932064305
beta,ssvepformer,1.5,40,20260929,0.3875,0.3875,33.64355972227055
beta,ssvepformer,1.5,41,20260929,0.2625,0.2625,17.803453079186227
beta,ssvepformer,1.5,42,20260929,0.525,0.525,54.39498485654953
beta,ssvepformer,1.5,43,20260929,0.7,0.7,85.65049589993984
beta,ssvepformer,1.5,44,20260929,0.38125,0.38125,32.779961870972784
beta,ssvepformer,1.5,45,20260929,0.45,0.45,42.66547261575951
beta,ssvepformer,1.5,46,20260929,0.71875,0.71875,89.34780850211952
beta,ssvepformer,1.5,47,20260929,0.38125,0.38125,32.779961870972784
beta,ssvepformer,1.5,48,20260929,0.625,0.625,71.56404779667162
beta,ssvepformer,1.5,49,20260929,0.825,0.825,111.83900614589734
beta,ssvepformer,1.5,50,20260929,0.61875,0.61875,70.43845268036631
beta,ssvepformer,1.5,51,20260929,0.575,0.575,62.757716677431624
beta,ssvepformer,1.5,52,20260929,0.7,0.7,85.65049589993984
beta,ssvepformer,1.5,53,20260929,0.7375,0.7375,93.12043469797328
beta,ssvepformer,1.5,54,20260929,0.7375,0.7375,93.12043469797328
beta,ssvepformer,1.5,55,20260929,0.46875,0.46875,45.50633301667589
beta,ssvepformer,1.5,56,20260929,0.8125,0.8125,109.04108756176636
beta,ssvepformer,1.5,57,20260929,0.9,0.9,129.7317683823557
beta,ssvepformer,1.5,58,20260929,0.4875,0.4875,48.40831040685635
beta,ssvepformer,1.5,59,20260929,0.45625,0.45625,43.605615730512206
beta,ssvepformer,1.5,60,20260929,0.5625,0.5625,60.625956475398944
beta,ssvepformer,1.5,61,20260929,0.375,0.375,31.923531155204774
beta,ssvepformer,1.5,62,20260929,0.89375,0.89375,128.1556184512326
beta,ssvepformer,1.5,63,20260929,0.925,0.925,136.23634153038591
beta,ssvepformer,1.5,64,20260929,0.64375,0.64375,74.98431724352132
beta,ssvepformer,1.5,65,20260929,0.33125,0.33125,26.13350891597097
beta,ssvepformer,1.5,66,20260929,0.88125,0.88125,125.05588524098913
beta,ssvepformer,1.5,67,20260929,0.7875,0.7875,103.57637466040961
beta,ssvepformer,1.5,68,20260929,0.29375,0.29375,21.46789650943709
beta,ssvepformer,1.5,69,20260929,0.35625,0.35625,29.39772310583443
beta,ssvepformer,1.5,70,20260929,0.825,0.825,111.83900614589734
beta,ssvepformer,1.5,1,20260930,0.85625,0.85625,119.04526299770096
beta,ssvepformer,1.5,2,20260930,0.8875,0.8875,126.59728144801987
beta,ssvepformer,1.5,3,20260930,0.95,0.95,143.1378308048488
beta,ssvepformer,1.5,4,20260930,0.8125,0.8125,109.04108756176636
beta,ssvepformer,1.5,5,20260930,0.6,0.6,67.10449838663385
beta,ssvepformer,1.5,6,20260930,0.80625,0.80625,107.65892489753686
beta,ssvepformer,1.5,7,20260930,0.38125,0.38125,32.779961870972784
beta,ssvepformer,1.5,8,20260930,0.76875,0.76875,99.58484561008022
beta,ssvepformer,1.5,9,20260930,0.93125,0.93125,137.9194561774477
beta,ssvepformer,1.5,10,20260930,0.60625,0.60625,68.20872020331085
beta,ssvepformer,1.5,11,20260930,0.3625,0.3625,30.232360551476717
beta,ssvepformer,1.5,12,20260930,0.875,0.875,123.53065122989955
beta,ssvepformer,1.5,13,20260930,0.825,0.825,111.83900614589734
beta,ssvepformer,1.5,14,20260930,0.5,0.5,50.37680956368715
beta,ssvepformer,1.5,15,20260930,0.66875,0.66875,79.64820638195118
beta,ssvepformer,1.5,16,20260930,0.8,0.8,106.28758668682651
beta,ssvepformer,1.5,17,20260930,0.18125,0.18125,9.351032135465838
beta,ssvepformer,1.5,18,20260930,0.9875,0.9875,154.76747883267336
beta,ssvepformer,1.5,19,20260930,0.7625,0.7625,98.27360932064305
beta,ssvepformer,1.5,20,20260930,0.35,0.35,28.570457917542296
beta,ssvepformer,1.5,21,20260930,0.84375,0.84375,116.1246477890014
beta,ssvepformer,1.5,22,20260930,0.85,0.85,117.57832372024875
beta,ssvepformer,1.5,23,20260930,0.6375,0.6375,73.83692885709024
beta,ssvepformer,1.5,24,20260930,0.6125,0.6125,69.32002469959076
beta,ssvepformer,1.5,25,20260930,0.3875,0.3875,33.64355972227055
beta,ssvepformer,1.5,26,20260930,0.56875,0.56875,61.6883900014275
beta,ssvepformer,1.5,27,20260930,0.75,0.75,95.67898247138004
beta,ssvepformer,1.5,28,20260930,0.86875,0.86875,122.02088032327771
beta,ssvepformer,1.5,29,20260930,0.9,0.9,129.7317683823557
beta,ssvepformer,1.5,30,20260930,0.64375,0.64375,74.98431724352132
beta,ssvepformer,1.5,31,20260930,0.44375,0.44375,41.73216063039409
beta,ssvepformer,1.5,32,20260930,0.2625,0.2625,17.803453079186227
beta,ssvepformer,1.5,33,20260930,0.4,0.4,35.39208507346038
beta,ssvepformer,1.5,34,20260930,0.85,0.85,117.57832372024875
beta,ssvepformer,1.5,35,20260930,0.8125,0.8125,109.04108756176636
beta,ssvepformer,1.5,36,20260930,0.9125,0.9125,132.9415731452283
beta,ssvepformer,1.5,37,20260930,0.9375,0.9375,139.62901168774377
beta,ssvepformer,1.5,38,20260930,0.55,0.55,58.52167927234629
beta,ssvepformer,1.5,39,20260930,0.79375,0.79375,104.92681648808245
beta,ssvepformer,1.5,40,20260930,0.4125,0.4125,37.16879163043208
beta,ssvepformer,1.5,41,20260930,0.29375,0.29375,21.46789650943709
beta,ssvepformer,1.5,42,20260930,0.525,0.525,54.39498485654953
beta,ssvepformer,1.5,43,20260930,0.71875,0.71875,89.34780850211952
beta,ssvepformer,1.5,44,20260930,0.39375,0.39375,34.514281058064014
beta,ssvepformer,1.5,45,20260930,0.375,0.375,31.923531155204774
beta,ssvepformer,1.5,46,20260930,0.725,0.725,90.59682919216885
beta,ssvepformer,1.5,47,20260930,0.41875,0.41875,38.06762603241162
beta,ssvepformer,1.5,48,20260930,0.6375,0.6375,73.83692885709024
beta,ssvepformer,1.5,49,20260930,0.8,0.8,106.28758668682651
beta,ssvepformer,1.5,50,20260930,0.64375,0.64375,74.98431724352132
beta,ssvepformer,1.5,51,20260930,0.5875,0.5875,64.91715327945892
beta,ssvepformer,1.5,52,20260930,0.71875,0.71875,89.34780850211952
beta,ssvepformer,1.5,53,20260930,0.75,0.75,95.67898247138004
beta,ssvepformer,1.5,54,20260930,0.7375,0.7375,93.12043469797328
beta,ssvepformer,1.5,55,20260930,0.4125,0.4125,37.16879163043208
beta,ssvepformer,1.5,56,20260930,0.86875,0.86875,122.02088032327771
beta,ssvepformer,1.5,57,20260930,0.9125,0.9125,132.9415731452283
beta,ssvepformer,1.5,58,20260930,0.5,0.5,50.37680956368715
beta,ssvepformer,1.5,59,20260930,0.41875,0.41875,38.06762603241162
beta,ssvepformer,1.5,60,20260930,0.575,0.575,62.757716677431624
beta,ssvepformer,1.5,61,20260930,0.33125,0.33125,26.13350891597097
beta,ssvepformer,1.5,62,20260930,0.875,0.875,123.53065122989955
beta,ssvepformer,1.5,63,20260930,0.9375,0.9375,139.62901168774377
beta,ssvepformer,1.5,64,20260930,0.63125,0.63125,72.69685664201387
beta,ssvepformer,1.5,65,20260930,0.33125,0.33125,26.13350891597097
beta,ssvepformer,1.5,66,20260930,0.875,0.875,123.53065122989955
beta,ssvepformer,1.5,67,20260930,0.775,0.775,100.9055929989103
beta,ssvepformer,1.5,68,20260930,0.3,0.3,22.225669273592903
beta,ssvepformer,1.5,69,20260930,0.35,0.35,28.570457917542296
beta,ssvepformer,1.5,70,20260930,0.81875,0.81875,110.43434957120631
beta,ssvepformer,1.5,1,20260931,0.86875,0.86875,122.02088032327771
beta,ssvepformer,1.5,2,20260931,0.875,0.875,123.53065122989955
beta,ssvepformer,1.5,3,20260931,0.95,0.95,143.1378308048488
beta,ssvepformer,1.5,4,20260931,0.8125,0.8125,109.04108756176636
beta,ssvepformer,1.5,5,20260931,0.5625,0.5625,60.625956475398944
beta,ssvepformer,1.5,6,20260931,0.7625,0.7625,98.27360932064305
beta,ssvepformer,1.5,7,20260931,0.4125,0.4125,37.16879163043208
beta,ssvepformer,1.5,8,20260931,0.73125,0.73125,91.85433023106974
beta,ssvepformer,1.5,9,20260931,0.925,0.925,136.23634153038591
beta,ssvepformer,1.5,10,20260931,0.61875,0.61875,70.43845268036631
beta,ssvepformer,1.5,11,20260931,0.3375,0.3375,26.938285893961535
beta,ssvepformer,1.5,12,20260931,0.89375,0.89375,128.1556184512326
beta,ssvepformer,1.5,13,20260931,0.79375,0.79375,104.92681648808245
beta,ssvepformer,1.5,14,20260931,0.5,0.5,50.37680956368715
beta,ssvepformer,1.5,15,20260931,0.6875,0.6875,83.22605006875058
beta,ssvepformer,1.5,16,20260931,0.8,0.8,106.28758668682651
beta,ssvepformer,1.5,17,20260931,0.225,0.225,13.696456387683176
beta,ssvepformer,1.5,18,20260931,0.9875,0.9875,154.76747883267336
beta,ssvepformer,1.5,19,20260931,0.775,0.775,100.9055929989103
beta,ssvepformer,1.5,20,20260931,0.325,0.325,25.33636423872535
beta,ssvepformer,1.5,21,20260931,0.8625,0.8625,120.52594159320722
beta,ssvepformer,1.5,22,20260931,0.8375,0.8375,114.68379871923591
beta,ssvepformer,1.5,23,20260931,0.65,0.65,76.13907788730256
beta,ssvepformer,1.5,24,20260931,0.64375,0.64375,74.98431724352132
beta,ssvepformer,1.5,25,20260931,0.4375,0.4375,40.80569815466552
beta,ssvepformer,1.5,26,20260931,0.6,0.6,67.10449838663385
beta,ssvepformer,1.5,27,20260931,0.7375,0.7375,93.12043469797328
beta,ssvepformer,1.5,28,20260931,0.875,0.875,123.53065122989955
beta,ssvepformer,1.5,29,20260931,0.9125,0.9125,132.9415731452283
beta,ssvepformer,1.5,30,20260931,0.6125,0.6125,69.32002469959076
beta,ssvepformer,1.5,31,20260931,0.41875,0.41875,38.06762603241162
beta,ssvepformer,1.5,32,20260931,0.24375,0.24375,15.708650580660306
beta,ssvepformer,1.5,33,20260931,0.3625,0.3625,30.232360551476717
beta,ssvepformer,1.5,34,20260931,0.84375,0.84375,116.1246477890014
beta,ssvepformer,1.5,35,20260931,0.80625,0.80625,107.65892489753686
beta,ssvepformer,1.5,36,20260931,0.91875,0.91875,134.57762290904446
beta,ssvepformer,1.5,37,20260931,0.9625,0.9625,146.79046667965656
beta,ssvepformer,1.5,38,20260931,0.55,0.55,58.52167927234629
beta,ssvepformer,1.5,39,20260931,0.8,0.8,106.28758668682651
beta,ssvepformer,1.5,40,20260931,0.425,0.425,38.97340669255152
beta,ssvepformer,1.5,41,20260931,0.25,0.25,16.397949188446283
beta,ssvepformer,1.5,42,20260931,0.54375,0.54375,57.4797965550256
beta,ssvepformer,1.5,43,20260931,0.7125,0.7125,88.10715178607622
beta,ssvepformer,1.5,44,20260931,0.375,0.375,31.923531155204774
beta,ssvepformer,1.5,45,20260931,0.44375,0.44375,41.73216063039409
beta,ssvepformer,1.5,46,20260931,0.725,0.725,90.59682919216885
beta,ssvepformer,1.5,47,20260931,0.4125,0.4125,37.16879163043208
beta,ssvepformer,1.5,48,20260931,0.65625,0.65625,77.30127029275792
beta,ssvepformer,1.5,49,20260931,0.8125,0.8125,109.04108756176636
beta,ssvepformer,1.5,50,20260931,0.65,0.65,76.13907788730256
beta,ssvepformer,1.5,51,20260931,0.54375,0.54375,57.4797965550256
beta,ssvepformer,1.5,52,20260931,0.725,0.725,90.59682919216885
beta,ssvepformer,1.5,53,20260931,0.74375,0.74375,94.3952728218065
beta,ssvepformer,1.5,54,20260931,0.74375,0.74375,94.3952728218065
beta,ssvepformer,1.5,55,20260931,0.40625,0.40625,36.2769337211955
beta,ssvepformer,1.5,56,20260931,0.80625,0.80625,107.65892489753686
beta,ssvepformer,1.5,57,20260931,0.91875,0.91875,134.57762290904446
beta,ssvepformer,1.5,58,20260931,0.49375,0.49375,49.389178052213175
beta,ssvepformer,1.5,59,20260931,0.4375,0.4375,40.80569815466552
beta,ssvepformer,1.5,60,20260931,0.59375,0.59375,66.00732120229566
beta,ssvepformer,1.5,61,20260931,0.3625,0.3625,30.232360551476717
beta,ssvepformer,1.5,62,20260931,0.9125,0.9125,132.9415731452283
beta,ssvepformer,1.5,63,20260931,0.925,0.925,136.23634153038591
beta,ssvepformer,1.5,64,20260931,0.64375,0.64375,74.98431724352132
beta,ssvepformer,1.5,65,20260931,0.325,0.325,25.33636423872535
beta,ssvepformer,1.5,66,20260931,0.875,0.875,123.53065122989955
beta,ssvepformer,1.5,67,20260931,0.78125,0.78125,102.23603690918553
beta,ssvepformer,1.5,68,20260931,0.30625,0.30625,22.991493231149516
beta,ssvepformer,1.5,69,20260931,0.3875,0.3875,33.64355972227055
beta,ssvepformer,1.5,70,20260931,0.8,0.8,106.28758668682651
